{"type":"FeatureCollection","features":[{"type":"Feature","id":1,"geometry":{"type":"Polygon","coordinates":[[[-121.918391,40.837735],[-121.916587,40.829593],[-121.913587,40.829998],[-121.91364,40.838118],[-121.918391,40.837735]]]},"properties":{"GEOID":"2330R","TRIBE_NAME":"MontgomeryCreekRancheriaofPitRiverIndiansofCalifornia\r\r\n"}},{"type":"Feature","id":2,"geometry":{"type":"Polygon","coordinates":[[[-106.61941,35.209486],[-106.609364,35.206401],[-106.471652,35.186681],[-106.504275,35.202059],[-106.484793,35.271353],[-106.559972,35.31145],[-106.596839,35.284173],[-106.586962,35.237334],[-106.61941,35.209486]]]},"properties":{"GEOID":"3370R","TRIBE_NAME":"PuebloofSandia,NewMexico"}},{"type":"Feature","id":3,"geometry":{"type":"Polygon","coordinates":[[[-96.067728,47.484832],[-96.06603,46.977315],[-95.296649,46.97765],[-95.297261,47.15179],[-95.42442,47.151321],[-95.423737,47.500309],[-96.06763,47.499144],[-96.067728,47.484832]]]},"properties":{"GEOID":"4595R","TRIBE_NAME":"MinnesotaChippewaTribe,Minnesota(WhiteEarthBand)"}},{"type":"Feature","id":4,"geometry":{"type":"Polygon","coordinates":[[[-85.265379,42.108266],[-85.265224,42.100811],[-85.255631,42.104095],[-85.255608,42.108205],[-85.265379,42.108266]]]},"properties":{"GEOID":"1550R","TRIBE_NAME":"NottawaseppiHuronBandofthePotawatomi,Michigan"}},{"type":"Feature","id":5,"geometry":{"type":"MultiPolygon","coordinates":[[[[-123.514836,48.104002],[-123.514812,48.101642],[-123.51049,48.102408],[-123.511237,48.103922],[-123.514836,48.104002]]],[[[-123.525588,48.100733],[-123.520211,48.101103],[-123.520154,48.104729],[-123.525513,48.104624],[-123.525588,48.100733]]],[[[-123.529675,48.124049],[-123.529675,48.122939],[-123.525564,48.121212],[-123.525576,48.123365],[-123.529675,48.124049]]],[[[-123.540601,48.144381],[-123.536218,48.137229],[-123.530606,48.14075],[-123.534121,48.144403],[-123.540601,48.144381]]],[[[-123.568038,48.146409],[-123.553254,48.122428],[-123.537254,48.125803],[-123.54698,48.150044],[-123.568038,48.146409]]],[[[-123.575505,48.138949],[-123.575342,48.138323],[-123.573299,48.139692],[-123.573625,48.139934],[-123.575505,48.138949]]],[[[-123.576626,48.125105],[-123.576592,48.123788],[-123.573987,48.123809],[-123.573928,48.125589],[-123.576626,48.125105]]],[[[-123.581178,48.128017],[-123.576974,48.125777],[-123.576828,48.126027],[-123.576791,48.129335],[-123.581178,48.128017]]],[[[-124.038263,48.175318],[-124.037937,48.164695],[-124.016433,48.167722],[-124.024134,48.17483],[-124.038263,48.175318]]],[[[-124.075594,48.188284],[-124.075605,48.18714],[-124.067763,48.187084],[-124.075571,48.190641],[-124.075594,48.188284]]]]},"properties":{"GEOID":"2040R","TRIBE_NAME":"LowerElwhaTribalCommunity"}},{"type":"Feature","id":6,"geometry":{"type":"MultiPolygon","coordinates":[[[[-106.042434,31.926779],[-106.039922,31.924337],[-106.035641,31.924608],[-106.035736,31.927944],[-106.042434,31.926779]]],[[[-106.324272,31.683131],[-106.319854,31.682028],[-106.319041,31.682288],[-106.322721,31.686463],[-106.324272,31.683131]],[[-106.320451,31.682456],[-106.320208,31.68275],[-106.319817,31.682735],[-106.319809,31.682465],[-106.320451,31.682456]]],[[[-106.327219,31.689171],[-106.326043,31.68875],[-106.325274,31.690435],[-106.326964,31.690611],[-106.327219,31.689171]]]]},"properties":{"GEOID":"4755R","TRIBE_NAME":"YsletadelSurPueblo"}},{"type":"Feature","id":7,"geometry":{"type":"Polygon","coordinates":[[[-122.631576,38.727563],[-122.627616,38.72405],[-122.620711,38.728441],[-122.624472,38.734123],[-122.631576,38.727563]]]},"properties":{"GEOID":"2255R","TRIBE_NAME":"MiddletownRancheriaofPomoIndiansofCalifornia"}},{"type":"Feature","id":8,"geometry":{"type":"Polygon","coordinates":[[[-111.709114,33.565851],[-111.639881,33.574125],[-111.619196,33.718483],[-111.688841,33.708895],[-111.709114,33.565851]]]},"properties":{"GEOID":"1220R","TRIBE_NAME":"FortMcDowellYavapaiNation,Arizona"}},{"type":"Feature","id":9,"geometry":{"type":"Polygon","coordinates":[[[-107.412981,36.086209],[-106.992292,36.085948],[-106.992182,36.260005],[-107.199624,36.259529],[-107.19521,36.436042],[-107.087552,36.435803],[-107.087084,36.521148],[-106.777446,36.521047],[-106.778759,36.553756],[-106.716523,36.552789],[-106.731989,36.59],[-106.750473,36.585208],[-106.759319,36.599705],[-106.774008,36.665079],[-106.74652,36.653254],[-106.727019,36.680148],[-106.746673,36.707606],[-106.687025,36.707916],[-106.68766,36.732335],[-106.579693,36.732861],[-106.564536,36.778951],[-106.583941,36.800968],[-106.573857,36.836511],[-106.717905,36.855381],[-106.71772,36.812713],[-106.750604,36.812323],[-106.77514,36.863788],[-106.811771,36.884718],[-106.832813,36.863434],[-106.860085,36.87809],[-106.864378,36.899844],[-106.878111,36.884918],[-106.95045,36.89248],[-106.949797,36.918102],[-106.981394,36.907145],[-106.976883,36.954709],[-106.954209,36.965684],[-106.98562,36.965215],[-106.985524,37.000089],[-107.196899,37.000033],[-107.194092,36.522544],[-107.410217,36.523559],[-107.412981,36.086209]]]},"properties":{"GEOID":"1700R","TRIBE_NAME":"JicarillaApacheNation,NewMexico"}},{"type":"Feature","id":10,"geometry":{"type":"MultiPolygon","coordinates":[[[[-122.907848,42.968079],[-122.907842,42.96443],[-122.902893,42.964482],[-122.902891,42.968118],[-122.907848,42.968079]]],[[[-122.922271,42.978692],[-122.907453,42.975354],[-122.90746,42.982637],[-122.922217,42.989791],[-122.922271,42.978692]]],[[[-122.922632,42.960601],[-122.92263,42.953161],[-122.902891,42.95715],[-122.902895,42.960846],[-122.922632,42.960601]]],[[[-122.947424,42.934906],[-122.947399,42.931244],[-122.942483,42.931229],[-122.94252,42.934895],[-122.947424,42.934906]]],[[[-122.961634,42.975986],[-122.942654,42.975236],[-122.942577,42.960438],[-122.922632,42.960601],[-122.941956,42.989793],[-122.96162,42.989741],[-122.961634,42.975986]]],[[[-123.00143,43.083838],[-122.96169,43.077288],[-122.941956,42.989793],[-122.922217,42.989791],[-122.912202,43.030147],[-122.941887,43.062751],[-122.942589,43.091055],[-122.991899,43.098391],[-123.00143,43.083838]],[[-122.939084,43.01194],[-122.928895,43.019824],[-122.923095,43.013348],[-122.92481,43.010286],[-122.939084,43.01194]]],[[[-123.051081,43.100414],[-123.050969,43.084282],[-123.031371,43.084246],[-123.031352,43.126428],[-123.051068,43.126644],[-123.051081,43.100414]]],[[[-123.253926,42.938772],[-123.247232,42.92614],[-123.242456,42.926086],[-123.242409,42.937317],[-123.253926,42.938772]]],[[[-123.267793,42.856225],[-123.249911,42.855179],[-123.247714,42.868809],[-123.267531,42.868778],[-123.267793,42.856225]]],[[[-123.278517,42.926013],[-123.278364,42.925818],[-123.27791,42.926005],[-123.278065,42.926193],[-123.278517,42.926013]]],[[[-123.292265,42.94501],[-123.283136,42.93602],[-123.279724,42.937515],[-123.281557,42.94263],[-123.292265,42.94501]],[[-123.287803,42.941924],[-123.287066,42.943054],[-123.285981,42.94283],[-123.285971,42.942218],[-123.287803,42.941924]]],[[[-123.292432,42.89853],[-123.287963,42.868743],[-123.267531,42.868778],[-123.256697,42.904418],[-123.292235,42.912998],[-123.292432,42.89853]]],[[[-123.296148,42.926611],[-123.294075,42.923821],[-123.290058,42.924844],[-123.29,42.92671],[-123.296148,42.926611]]],[[[-123.307363,42.913],[-123.307395,42.912659],[-123.30644,42.913],[-123.307363,42.913]]],[[[-123.307463,42.910804],[-123.302454,42.909315],[-123.302339,42.913001],[-123.305562,42.913001],[-123.307463,42.910804]]],[[[-123.308555,43.004985],[-123.305666,43.002864],[-123.304119,43.008095],[-123.30691,43.005534],[-123.308555,43.004985]]],[[[-123.314963,43.000983],[-123.313213,42.99947],[-123.308987,43.002126],[-123.311073,43.003683],[-123.314963,43.000983]]],[[[-123.329044,42.900839],[-123.302955,42.898056],[-123.302763,42.901809],[-123.32861,42.908986],[-123.329044,42.900839]]],[[[-123.330882,42.913672],[-123.325677,42.912326],[-123.325599,42.91594],[-123.330779,42.915891],[-123.330882,42.913672]]],[[[-123.33203,42.980357],[-123.33202,42.979645],[-123.33061,42.979639],[-123.330609,42.980353],[-123.33203,42.980357]]],[[[-123.332206,42.982367],[-123.330613,42.981955],[-123.330617,42.983991],[-123.331527,42.983993],[-123.332206,42.982367]]],[[[-123.336854,42.93325],[-123.311719,42.921329],[-123.284702,42.934714],[-123.31701,42.947573],[-123.336854,42.93325]]],[[[-123.346377,42.973348],[-123.344458,42.970581],[-123.337271,42.970587],[-123.34164,42.973344],[-123.346377,42.973348]]],[[[-123.347672,42.883088],[-123.307322,42.854372],[-123.287794,42.85414],[-123.307173,42.882967],[-123.347672,42.883088]]],[[[-123.348701,43.211227],[-123.347518,43.210181],[-123.345555,43.211803],[-123.346499,43.212129],[-123.348701,43.211227]]],[[[-123.351948,42.93033],[-123.351989,42.926716],[-123.347047,42.926669],[-123.346989,42.930282],[-123.351948,42.93033]]],[[[-123.354213,43.238467],[-123.35425,43.238167],[-123.349471,43.238069],[-123.351819,43.239388],[-123.354213,43.238467]]],[[[-123.354509,43.234791],[-123.353225,43.234575],[-123.353175,43.235038],[-123.354501,43.235069],[-123.354509,43.234791]]],[[[-123.362516,43.067003],[-123.332771,43.05465],[-123.31255,43.069014],[-123.334284,43.076377],[-123.362516,43.067003]]],[[[-123.364268,43.074092],[-123.363754,43.071352],[-123.358753,43.072058],[-123.360516,43.074736],[-123.364268,43.074092]]],[[[-123.36471,43.148082],[-123.364628,43.144966],[-123.3613,43.145027],[-123.36136,43.146984],[-123.36471,43.148082]]],[[[-123.366719,43.06174],[-123.363268,43.055218],[-123.339259,43.055056],[-123.345404,43.059691],[-123.366719,43.06174]]],[[[-123.368931,42.747884],[-123.369032,42.74786],[-123.368707,42.747879],[-123.368886,42.747934],[-123.368931,42.747884]]],[[[-123.394025,43.096262],[-123.387431,43.08163],[-123.36757,43.102202],[-123.386619,43.108812],[-123.394025,43.096262]]],[[[-123.402222,42.905486],[-123.38811,42.897854],[-123.386897,42.912503],[-123.401981,42.90873],[-123.402222,42.905486]]],[[[-123.428244,43.114878],[-123.428253,43.108591],[-123.417652,43.112342],[-123.42225,43.116728],[-123.428244,43.114878]]],[[[-123.429264,43.134533],[-123.428721,43.127187],[-123.406053,43.130304],[-123.415379,43.149012],[-123.429264,43.134533]]],[[[-123.446662,42.898776],[-123.436663,42.898324],[-123.441329,42.913083],[-123.446277,42.913189],[-123.446662,42.898776]]],[[[-123.447357,42.871203],[-123.427097,42.869483],[-123.426888,42.883956],[-123.446789,42.883579],[-123.447357,42.871203]]],[[[-123.456689,42.873204],[-123.45688,42.869646],[-123.452156,42.86959],[-123.451994,42.873133],[-123.456689,42.873204]]],[[[-123.466477,42.915797],[-123.466497,42.913614],[-123.461115,42.913503],[-123.461152,42.914975],[-123.466477,42.915797]]]]},"properties":{"GEOID":"0815R","TRIBE_NAME":"CowCreekBandofUmpquaTribeofIndians"}},{"type":"Feature","id":11,"geometry":{"type":"Polygon","coordinates":[[[-123.065158,38.992825],[-123.060241,38.977242],[-123.009268,38.996708],[-123.046878,39.010082],[-123.065158,38.992825]]]},"properties":{"GEOID":"1515R","TRIBE_NAME":"HoplandBandofPomoIndians,California"}},{"type":"Feature","id":12,"geometry":{"type":"MultiPolygon","coordinates":[[[[-93.992883,48.512421],[-93.992762,48.497929],[-93.971303,48.498014],[-93.970888,48.51242],[-93.992883,48.512421]]],[[[-94.095885,48.591293],[-94.095831,48.587693],[-94.090351,48.587691],[-94.090405,48.591303],[-94.095885,48.591293]]],[[[-94.123283,48.511448],[-94.123131,48.504268],[-94.101476,48.504273],[-94.101578,48.511478],[-94.123283,48.511448]]],[[[-94.124092,48.417712],[-94.113099,48.417379],[-94.107508,48.424694],[-94.123972,48.424625],[-94.124092,48.417712]]],[[[-94.163057,48.579445],[-94.163121,48.576847],[-94.157658,48.576789],[-94.15774,48.580365],[-94.163057,48.579445]]],[[[-94.173975,48.529444],[-94.173969,48.525828],[-94.168516,48.525927],[-94.168518,48.529516],[-94.173975,48.529444]]],[[[-94.17882,48.475446],[-94.178793,48.471818],[-94.173426,48.471755],[-94.173474,48.475411],[-94.17882,48.475446]]],[[[-94.179688,48.551722],[-94.179705,48.547662],[-94.174124,48.54767],[-94.17396,48.554995],[-94.179688,48.551722]]],[[[-94.184144,48.425197],[-94.167575,48.420862],[-94.167862,48.457223],[-94.178772,48.457422],[-94.184144,48.425197]]],[[[-94.190557,48.569443],[-94.190515,48.562188],[-94.179529,48.562173],[-94.179562,48.569417],[-94.190557,48.569443]]],[[[-94.200737,48.51144],[-94.200655,48.507843],[-94.179133,48.504186],[-94.179161,48.514961],[-94.200737,48.51144]]],[[[-94.201709,48.598472],[-94.185076,48.591191],[-94.179691,48.605677],[-94.190685,48.598492],[-94.201709,48.598472]]],[[[-94.216754,48.411547],[-94.211269,48.410075],[-94.211203,48.413584],[-94.216739,48.413648],[-94.216754,48.411547]]],[[[-94.222864,48.52961],[-94.222852,48.526141],[-94.179395,48.525727],[-94.179429,48.533018],[-94.222864,48.52961]]],[[[-94.227602,48.420891],[-94.227583,48.417307],[-94.222178,48.417319],[-94.222192,48.42091],[-94.227602,48.420891]]],[[[-94.233899,48.562321],[-94.233879,48.558733],[-94.228444,48.558701],[-94.228467,48.562298],[-94.233899,48.562321]]],[[[-94.234309,48.620122],[-94.223461,48.616527],[-94.212405,48.623764],[-94.22885,48.62378],[-94.234309,48.620122]]],[[[-94.244379,48.508165],[-94.244299,48.504615],[-94.238766,48.504641],[-94.238838,48.508198],[-94.244379,48.508165]]],[[[-94.252661,48.32858],[-94.230873,48.325238],[-94.231155,48.339728],[-94.252587,48.339863],[-94.252661,48.32858]]],[[[-94.254485,48.439078],[-94.25428,48.41724],[-94.222187,48.428117],[-94.222132,48.438967],[-94.254485,48.439078]]],[[[-94.260434,48.486785],[-94.243678,48.446365],[-94.216665,48.464871],[-94.249418,48.468644],[-94.243846,48.479556],[-94.168232,48.479055],[-94.16856,48.504217],[-94.260434,48.486785]]],[[[-94.261161,48.562426],[-94.260994,48.555204],[-94.255587,48.555213],[-94.255792,48.562418],[-94.261161,48.562426]]],[[[-94.261585,48.609437],[-94.261565,48.605762],[-94.256193,48.605737],[-94.256212,48.609419],[-94.261585,48.609437]]],[[[-94.261584,48.61667],[-94.256212,48.609419],[-94.245271,48.609347],[-94.245261,48.61659],[-94.261584,48.61667]]],[[[-94.266228,48.511766],[-94.266195,48.497401],[-94.260741,48.497443],[-94.260864,48.511701],[-94.266228,48.511766]]],[[[-94.266492,48.533456],[-94.266478,48.526188],[-94.255735,48.526081],[-94.25574,48.533391],[-94.266492,48.533456]]],[[[-94.266514,48.54635],[-94.261099,48.544386],[-94.26102,48.5516],[-94.266457,48.551595],[-94.266514,48.54635]]],[[[-94.266887,48.623155],[-94.266911,48.620232],[-94.261563,48.620233],[-94.261542,48.623796],[-94.266887,48.623155]]],[[[-94.267733,48.594037],[-94.267565,48.587611],[-94.257466,48.587675],[-94.257259,48.59415],[-94.267733,48.594037]]],[[[-94.275995,48.374271],[-94.167576,48.366673],[-94.16788,48.410161],[-94.189518,48.381212],[-94.211053,48.381236],[-94.210915,48.395655],[-94.22749,48.39567],[-94.216732,48.406519],[-94.254364,48.413647],[-94.254416,48.381339],[-94.275995,48.374271]],[[-94.232824,48.374387],[-94.232724,48.381158],[-94.22197,48.381098],[-94.222052,48.374387],[-94.232824,48.374387]]],[[[-94.276001,48.381566],[-94.265224,48.381348],[-94.265187,48.388585],[-94.275966,48.388562],[-94.276001,48.381566]]],[[[-94.276713,48.45767],[-94.265716,48.45397],[-94.265779,48.465016],[-94.271212,48.45767],[-94.276713,48.45767]]],[[[-94.277269,48.562412],[-94.277216,48.555174],[-94.271809,48.555184],[-94.2719,48.562416],[-94.277269,48.562412]]],[[[-94.286897,48.431751],[-94.286703,48.42452],[-94.270427,48.424526],[-94.270523,48.428156],[-94.286897,48.431751]]],[[[-94.288154,48.537106],[-94.287975,48.526247],[-94.277234,48.529881],[-94.277239,48.537084],[-94.288154,48.537106]]],[[[-94.288172,48.500934],[-94.277104,48.497317],[-94.277118,48.511901],[-94.288016,48.511794],[-94.288172,48.500934]]],[[[-94.288514,48.613295],[-94.28851,48.609652],[-94.277704,48.609484],[-94.277679,48.61669],[-94.288514,48.613295]]],[[[-94.298545,48.45014],[-94.298455,48.442671],[-94.287051,48.442696],[-94.287087,48.450057],[-94.298545,48.45014]]],[[[-94.298715,48.520479],[-94.287995,48.51902],[-94.287975,48.526247],[-94.298586,48.5262],[-94.298715,48.520479]]],[[[-94.298837,48.624824],[-94.293807,48.62413],[-94.293785,48.627671],[-94.298815,48.627747],[-94.298837,48.624824]]],[[[-94.298889,48.569728],[-94.298879,48.566062],[-94.293661,48.566067],[-94.293714,48.569711],[-94.298889,48.569728]]],[[[-94.306433,48.206257],[-94.306421,48.201882],[-94.301207,48.206264],[-94.304489,48.206259],[-94.306433,48.206257]]],[[[-94.310334,48.606144],[-94.310294,48.602537],[-94.304672,48.60251],[-94.304613,48.606157],[-94.310334,48.606144]]],[[[-94.311692,48.285488],[-94.311678,48.28193],[-94.306296,48.282142],[-94.306303,48.285668],[-94.311692,48.285488]]],[[[-94.314658,48.370984],[-94.298243,48.367338],[-94.298209,48.374508],[-94.314635,48.374597],[-94.314658,48.370984]]],[[[-94.31559,48.483011],[-94.31556,48.475818],[-94.31009,48.475822],[-94.3101,48.483047],[-94.31559,48.483011]]],[[[-94.321286,48.609774],[-94.321282,48.606113],[-94.310334,48.606144],[-94.310374,48.609792],[-94.321286,48.609774]]],[[[-94.326693,48.613419],[-94.321286,48.609774],[-94.321182,48.620437],[-94.32662,48.620439],[-94.326693,48.613419]]],[[[-94.330924,48.385545],[-94.320061,48.381928],[-94.319957,48.389107],[-94.330893,48.389142],[-94.330924,48.385545]]],[[[-94.331216,48.43258],[-94.314914,48.432409],[-94.314868,48.439618],[-94.325752,48.439695],[-94.331216,48.43258]]],[[[-94.337478,48.555339],[-94.337446,48.551742],[-94.332069,48.551716],[-94.3321,48.555311],[-94.337478,48.555339]]],[[[-94.348209,48.533617],[-94.348134,48.526331],[-94.342672,48.526302],[-94.342756,48.533609],[-94.348209,48.533617]]],[[[-94.352886,48.443412],[-94.352902,48.439816],[-94.347426,48.439808],[-94.347405,48.443411],[-94.352886,48.443412]]],[[[-94.353838,48.615805],[-94.353842,48.613399],[-94.342913,48.613402],[-94.342911,48.616927],[-94.353838,48.615805]]],[[[-94.353891,48.606092],[-94.342876,48.602442],[-94.337506,48.61341],[-94.353866,48.609746],[-94.353891,48.606092]]],[[[-94.353915,48.595173],[-94.353899,48.591574],[-94.343093,48.591575],[-94.343083,48.595178],[-94.353915,48.595173]]],[[[-94.364715,48.627721],[-94.364711,48.623947],[-94.353825,48.623962],[-94.353814,48.627646],[-94.364715,48.627721]]],[[[-94.364743,48.555369],[-94.364676,48.544526],[-94.359216,48.544539],[-94.353717,48.555247],[-94.364743,48.555369]]],[[[-94.366935,48.157104],[-94.366981,48.153455],[-94.361628,48.153469],[-94.361577,48.157127],[-94.366935,48.157104]]],[[[-94.369359,48.452015],[-94.363901,48.45072],[-94.363829,48.457849],[-94.369251,48.457866],[-94.369359,48.452015]]],[[[-94.374495,48.410945],[-94.374398,48.403646],[-94.352691,48.40366],[-94.352806,48.410938],[-94.374495,48.410945]]],[[[-94.375579,48.562652],[-94.375577,48.559069],[-94.37017,48.559021],[-94.37018,48.562622],[-94.375579,48.562652]]],[[[-94.382219,48.245578],[-94.37684,48.244213],[-94.37683,48.24783],[-94.382219,48.247726],[-94.382219,48.245578]]],[[[-94.385347,48.410966],[-94.385268,48.403621],[-94.379839,48.403633],[-94.37994,48.410959],[-94.385347,48.410966]]],[[[-94.386302,48.533866],[-94.386256,48.530183],[-94.380823,48.530126],[-94.380869,48.53381],[-94.386302,48.533866]]],[[[-94.386397,48.544814],[-94.386394,48.541229],[-94.375526,48.54107],[-94.375537,48.54467],[-94.386397,48.544814]]],[[[-94.390598,48.44984],[-94.379739,48.446881],[-94.379627,48.454101],[-94.390567,48.454145],[-94.390598,48.44984]]],[[[-94.391885,48.551959],[-94.39189,48.548372],[-94.3864,48.548404],[-94.386403,48.551989],[-94.391885,48.551959]]],[[[-94.396677,48.483133],[-94.396603,48.472312],[-94.385567,48.475867],[-94.385645,48.479553],[-94.396677,48.483133]]],[[[-94.402896,48.544718],[-94.402918,48.541056],[-94.397411,48.541112],[-94.397392,48.544753],[-94.402896,48.544718]]],[[[-94.407365,48.465118],[-94.407257,48.461511],[-94.401832,48.461491],[-94.401936,48.465099],[-94.407365,48.465118]]],[[[-94.40812,48.521108],[-94.408194,48.512078],[-94.397194,48.512054],[-94.397286,48.522809],[-94.40812,48.521108]]],[[[-94.413409,48.497689],[-94.413304,48.494069],[-94.407963,48.494078],[-94.408046,48.497701],[-94.413409,48.497689]]],[[[-94.413658,48.615582],[-94.408282,48.613333],[-94.408211,48.623881],[-94.41353,48.623905],[-94.413658,48.615582]]],[[[-94.429016,48.591513],[-94.424415,48.591608],[-94.424408,48.595217],[-94.429013,48.594991],[-94.429016,48.591513]]],[[[-94.429401,48.454281],[-94.429176,48.443437],[-94.406951,48.446977],[-94.41791,48.454287],[-94.429401,48.454281]]],[[[-94.430149,48.533609],[-94.430219,48.52636],[-94.397181,48.526469],[-94.397323,48.533809],[-94.430149,48.533609]]],[[[-94.435116,48.479629],[-94.435123,48.476026],[-94.429866,48.47601],[-94.429889,48.479604],[-94.435116,48.479629]]],[[[-94.440211,48.425374],[-94.440223,48.41822],[-94.429443,48.418175],[-94.429361,48.425338],[-94.440211,48.425374]]],[[[-94.440236,48.396338],[-94.440036,48.389195],[-94.429184,48.389156],[-94.429265,48.39635],[-94.440236,48.396338]]],[[[-94.44499,48.120137],[-94.44497,48.116534],[-94.434212,48.116638],[-94.434245,48.120263],[-94.44499,48.120137]]],[[[-94.445855,48.573412],[-94.445829,48.569741],[-94.440264,48.569737],[-94.440299,48.573422],[-94.445855,48.573412]]],[[[-94.445993,48.286479],[-94.445897,48.279315],[-94.435166,48.279262],[-94.435269,48.286437],[-94.445993,48.286479]]],[[[-94.451061,48.418264],[-94.451027,48.411129],[-94.440234,48.411066],[-94.440223,48.41822],[-94.451061,48.418264]]],[[[-94.452067,48.497604],[-94.451921,48.494038],[-94.430147,48.494041],[-94.430176,48.497655],[-94.452067,48.497604]]],[[[-94.461102,48.066107],[-94.461185,48.062547],[-94.456164,48.062784],[-94.455988,48.06628],[-94.461102,48.066107]]],[[[-94.46187,48.425442],[-94.461807,48.418306],[-94.451061,48.418264],[-94.451094,48.425399],[-94.46187,48.425442]]],[[[-94.462939,48.504861],[-94.457478,48.497585],[-94.452067,48.497604],[-94.452051,48.504842],[-94.462939,48.504861]]],[[[-94.473634,48.551701],[-94.473713,48.54812],[-94.468264,48.548126],[-94.468197,48.551713],[-94.473634,48.551701]]],[[[-94.484812,48.513086],[-94.479292,48.51221],[-94.479356,48.515808],[-94.484773,48.515826],[-94.484812,48.513086]]],[[[-94.494651,48.443568],[-94.472843,48.439841],[-94.4729,48.454478],[-94.483754,48.443544],[-94.494651,48.443568]]],[[[-94.49547,48.504835],[-94.495359,48.501174],[-94.489954,48.501182],[-94.490045,48.504848],[-94.49547,48.504835]]],[[[-94.510806,48.458073],[-94.505446,48.458029],[-94.505444,48.461618],[-94.510758,48.461603],[-94.510806,48.458073]]],[[[-94.520571,48.113064],[-94.520478,48.109356],[-94.515281,48.109307],[-94.515346,48.113005],[-94.520571,48.113064]]],[[[-94.521577,48.457996],[-94.521591,48.454414],[-94.516181,48.454412],[-94.516165,48.458],[-94.521577,48.457996]]],[[[-94.526634,48.396234],[-94.52664,48.392639],[-94.515674,48.389064],[-94.515618,48.39629],[-94.526634,48.396234]]],[[[-94.532019,48.138214],[-94.53181,48.134596],[-94.526384,48.134613],[-94.526371,48.138265],[-94.532019,48.138214]]],[[[-94.532359,48.447085],[-94.515896,48.439863],[-94.505397,48.450774],[-94.526959,48.450724],[-94.532359,48.447085]]],[[[-94.537964,48.483344],[-94.537904,48.476004],[-94.532492,48.476058],[-94.53253,48.48334],[-94.537964,48.483344]]],[[[-94.538252,48.573433],[-94.53823,48.569739],[-94.532819,48.569711],[-94.532839,48.57342],[-94.538252,48.573433]]],[[[-94.543305,48.45441],[-94.543305,48.450713],[-94.537809,48.450735],[-94.537822,48.454411],[-94.543305,48.45441]]],[[[-94.548597,48.403547],[-94.548441,48.39622],[-94.526634,48.396234],[-94.526695,48.403582],[-94.548597,48.403547]]],[[[-94.548776,48.46853],[-94.548777,48.465101],[-94.543283,48.465103],[-94.543274,48.468714],[-94.548776,48.46853]]],[[[-94.5488,48.43973],[-94.548746,48.432475],[-94.53779,48.432491],[-94.537814,48.439784],[-94.5488,48.43973]]],[[[-94.559405,48.390095],[-94.548516,48.389068],[-94.548441,48.39622],[-94.559361,48.396265],[-94.559405,48.390095]]],[[[-94.559531,48.47596],[-94.559461,48.46872],[-94.548774,48.468723],[-94.548874,48.475984],[-94.559531,48.47596]]],[[[-94.560761,48.627708],[-94.56073,48.624149],[-94.549986,48.624031],[-94.550059,48.627627],[-94.560761,48.627708]]],[[[-94.563736,48.030207],[-94.558355,48.026594],[-94.558297,48.033786],[-94.563691,48.03383],[-94.563736,48.030207]]],[[[-94.56592,48.519417],[-94.565809,48.515811],[-94.538889,48.515882],[-94.538967,48.519464],[-94.56592,48.519417]]],[[[-94.571197,48.490528],[-94.571131,48.486906],[-94.565779,48.486908],[-94.565832,48.490538],[-94.571197,48.490528]]],[[[-94.580962,48.42885],[-94.580971,48.425235],[-94.570157,48.42524],[-94.570173,48.43247],[-94.580962,48.42885]]],[[[-94.58641,48.450705],[-94.586398,48.447054],[-94.58095,48.447044],[-94.580959,48.450705],[-94.58641,48.450705]]],[[[-94.591819,48.432875],[-94.580952,48.43248],[-94.580933,48.439723],[-94.591812,48.439734],[-94.591819,48.432875]]],[[[-94.597291,48.447067],[-94.597271,48.443404],[-94.591828,48.443398],[-94.591844,48.44706],[-94.597291,48.447067]]],[[[-94.603079,48.490436],[-94.592394,48.486876],[-94.587315,48.494086],[-94.597909,48.494034],[-94.603079,48.490436]]],[[[-94.608199,48.454354],[-94.608188,48.450719],[-94.597311,48.450731],[-94.597331,48.454375],[-94.608199,48.454354]]],[[[-94.609506,48.540958],[-94.609392,48.537327],[-94.604005,48.537303],[-94.604075,48.540971],[-94.609506,48.540958]]],[[[-94.617281,47.980481],[-94.617337,47.976881],[-94.611938,47.976868],[-94.6118,47.980503],[-94.617281,47.980481]]],[[[-94.61901,48.421514],[-94.618999,48.417918],[-94.613556,48.417954],[-94.613566,48.421552],[-94.61901,48.421514]]],[[[-94.619223,48.468887],[-94.619165,48.465239],[-94.613732,48.465203],[-94.613772,48.468827],[-94.619223,48.468887]]],[[[-94.624438,48.407028],[-94.613609,48.403459],[-94.613539,48.410679],[-94.624416,48.410622],[-94.624438,48.407028]]],[[[-94.635507,48.457824],[-94.635436,48.454145],[-94.629936,48.454205],[-94.630001,48.457882],[-94.635507,48.457824]]],[[[-94.646713,48.425146],[-94.641337,48.425028],[-94.641194,48.435979],[-94.646544,48.435976],[-94.646713,48.425146]]],[[[-94.657393,48.377996],[-94.657353,48.374418],[-94.651997,48.374441],[-94.652037,48.378019],[-94.657393,48.377996]]],[[[-94.668221,48.410448],[-94.668201,48.406837],[-94.662801,48.406829],[-94.662815,48.410449],[-94.668221,48.410448]]],[[[-94.668271,48.43221],[-94.668321,48.428617],[-94.662963,48.428627],[-94.662907,48.432253],[-94.668271,48.43221]]],[[[-94.669544,48.551874],[-94.669498,48.548204],[-94.658673,48.548284],[-94.658758,48.551915],[-94.669544,48.551874]]],[[[-94.679713,48.475842],[-94.679271,48.468539],[-94.673858,48.468555],[-94.674365,48.47586],[-94.679713,48.475842]]],[[[-94.685912,48.565637],[-94.685941,48.562395],[-94.680489,48.562517],[-94.68049,48.566123],[-94.685912,48.565637]]],[[[-94.687137,48.253019],[-94.682675,48.252471],[-94.682655,48.256027],[-94.687133,48.256057],[-94.687137,48.253019]]],[[[-94.68732,48.310441],[-94.687276,48.295985],[-94.682671,48.296011],[-94.6827,48.310449],[-94.68732,48.310441]]],[[[-94.689774,48.375094],[-94.678862,48.374326],[-94.67884,48.381495],[-94.689742,48.381459],[-94.689774,48.375094]]],[[[-94.691178,48.490123],[-94.691174,48.486588],[-94.685461,48.486681],[-94.685451,48.490211],[-94.691178,48.490123]]],[[[-94.691847,48.620206],[-94.69187,48.616607],[-94.686322,48.616759],[-94.686322,48.620302],[-94.691847,48.620206]]],[[[-94.695128,48.41033],[-94.695106,48.403111],[-94.689616,48.403141],[-94.689693,48.413996],[-94.695128,48.41033]]],[[[-94.69547,48.472122],[-94.695436,48.468495],[-94.69055,48.468512],[-94.690675,48.472171],[-94.69547,48.472122]]],[[[-94.69561,48.508231],[-94.69559,48.504548],[-94.691205,48.504567],[-94.69121,48.508241],[-94.69561,48.508231]]],[[[-94.696048,48.529921],[-94.696037,48.526153],[-94.69161,48.52615],[-94.691615,48.529946],[-94.696048,48.529921]]],[[[-94.697249,48.566569],[-94.69176,48.565873],[-94.691752,48.569481],[-94.697242,48.569499],[-94.697249,48.566569]]],[[[-94.700572,48.39947],[-94.700575,48.395859],[-94.689625,48.395932],[-94.689655,48.399495],[-94.700572,48.39947]]],[[[-94.706218,48.384971],[-94.695228,48.381393],[-94.69512,48.392269],[-94.700705,48.384999],[-94.706218,48.384971]]],[[[-94.706517,48.475673],[-94.706491,48.472061],[-94.70098,48.472088],[-94.70101,48.475692],[-94.706517,48.475673]]],[[[-94.708438,48.59857],[-94.708375,48.594943],[-94.702888,48.594905],[-94.702921,48.598535],[-94.708438,48.59857]]],[[[-94.708772,48.281403],[-94.708769,48.274161],[-94.682614,48.263244],[-94.682541,48.281468],[-94.708772,48.281403]]],[[[-94.708982,48.312556],[-94.698151,48.310424],[-94.698178,48.317635],[-94.708855,48.317565],[-94.708982,48.312556]]],[[[-94.708997,48.303075],[-94.709046,48.295868],[-94.698141,48.295926],[-94.698142,48.303125],[-94.708997,48.303075]]],[[[-94.711253,48.443308],[-94.705831,48.442912],[-94.705808,48.446525],[-94.711206,48.446525],[-94.711253,48.443308]]],[[[-94.712105,48.508136],[-94.712073,48.504468],[-94.70109,48.504521],[-94.701109,48.5082],[-94.712105,48.508136]]],[[[-94.713822,48.638172],[-94.70282,48.634544],[-94.702761,48.641787],[-94.713796,48.641786],[-94.713822,48.638172]]],[[[-94.714291,48.3667],[-94.714291,48.364352],[-94.708861,48.36434],[-94.708857,48.3667],[-94.714291,48.3667]]],[[[-94.717415,48.468373],[-94.717394,48.464755],[-94.712009,48.464798],[-94.711978,48.468423],[-94.717415,48.468373]]],[[[-94.717469,48.479249],[-94.717451,48.4756],[-94.712024,48.475631],[-94.712045,48.47922],[-94.717469,48.479249]]],[[[-94.717527,48.504462],[-94.717508,48.500803],[-94.712041,48.5008],[-94.712073,48.504468],[-94.717527,48.504462]]],[[[-94.717841,48.529786],[-94.717777,48.526176],[-94.706912,48.52625],[-94.706962,48.529833],[-94.717841,48.529786]]],[[[-94.719345,48.232542],[-94.713918,48.230914],[-94.713906,48.234549],[-94.719316,48.234545],[-94.719345,48.232542]]],[[[-94.722834,48.46471],[-94.722814,48.461098],[-94.71738,48.461138],[-94.717394,48.464755],[-94.722834,48.46471]]],[[[-94.724767,48.666939],[-94.714149,48.656282],[-94.703101,48.656257],[-94.702832,48.670822],[-94.724767,48.666939]]],[[[-94.728757,48.533326],[-94.728694,48.52971],[-94.723267,48.529751],[-94.723331,48.533362],[-94.728757,48.533326]]],[[[-94.730289,48.22361],[-94.730194,48.216323],[-94.7138,48.212884],[-94.713895,48.220041],[-94.730289,48.22361]]],[[[-94.730988,48.295824],[-94.730896,48.288627],[-94.719903,48.288661],[-94.720016,48.295846],[-94.730988,48.295824]]],[[[-94.735513,48.23449],[-94.735571,48.230836],[-94.730178,48.230872],[-94.730113,48.23451],[-94.735513,48.23449]]],[[[-94.735736,48.56968],[-94.735687,48.56605],[-94.730196,48.56602],[-94.730231,48.569647],[-94.735736,48.56968]]],[[[-94.73932,48.504417],[-94.739277,48.500782],[-94.733829,48.500779],[-94.733896,48.504409],[-94.73932,48.504417]]],[[[-94.740973,48.216318],[-94.740915,48.212714],[-94.73553,48.212734],[-94.735583,48.216332],[-94.740973,48.216318]]],[[[-94.741498,48.274083],[-94.730486,48.252434],[-94.70875,48.266804],[-94.708769,48.274161],[-94.741498,48.274083]]],[[[-94.741835,48.317608],[-94.730991,48.303054],[-94.719997,48.303084],[-94.720043,48.317656],[-94.741835,48.317608]]],[[[-94.74387,48.410146],[-94.743836,48.399421],[-94.738467,48.399425],[-94.733162,48.4102],[-94.74387,48.410146]]],[[[-94.744585,48.46841],[-94.739125,48.468203],[-94.739128,48.471835],[-94.744528,48.47184],[-94.744585,48.46841]]],[[[-94.744672,48.500762],[-94.744661,48.497125],[-94.739233,48.497149],[-94.739277,48.500782],[-94.744672,48.500762]]],[[[-94.746526,48.594825],[-94.746573,48.591212],[-94.74117,48.591334],[-94.741127,48.594936],[-94.746526,48.594825]]],[[[-94.755624,48.489865],[-94.755581,48.486265],[-94.750022,48.486293],[-94.750015,48.489895],[-94.755624,48.489865]]],[[[-94.762623,48.2309],[-94.740954,48.230799],[-94.735453,48.238144],[-94.762609,48.238043],[-94.762623,48.2309]]],[[[-94.773478,48.213599],[-94.762596,48.212701],[-94.762646,48.223394],[-94.773444,48.223372],[-94.773478,48.213599]]],[[[-94.773849,48.558594],[-94.773865,48.554967],[-94.768412,48.555008],[-94.768395,48.558622],[-94.773849,48.558594]]],[[[-94.776637,48.38525],[-94.771099,48.384862],[-94.771028,48.388453],[-94.77659,48.388462],[-94.776637,48.38525]]],[[[-94.777272,48.493445],[-94.777261,48.489828],[-94.771803,48.489837],[-94.771822,48.493451],[-94.777272,48.493445]]],[[[-94.777373,48.504289],[-94.777283,48.497062],[-94.766399,48.497068],[-94.766552,48.507921],[-94.777373,48.504289]]],[[[-94.779195,48.594564],[-94.779238,48.590941],[-94.762808,48.590953],[-94.773695,48.598188],[-94.779195,48.594564]]],[[[-94.782752,48.489813],[-94.777237,48.478961],[-94.760812,48.479016],[-94.760817,48.482644],[-94.782752,48.489813]]],[[[-94.78469,48.605413],[-94.784688,48.601797],[-94.7737,48.601814],[-94.773707,48.605433],[-94.78469,48.605413]]],[[[-94.785479,48.339096],[-94.785263,48.331933],[-94.763602,48.332017],[-94.763803,48.339218],[-94.785479,48.339096]]],[[[-94.789906,48.629024],[-94.778894,48.627169],[-94.778819,48.634339],[-94.789865,48.634335],[-94.789906,48.629024]]],[[[-94.795096,48.237947],[-94.79526,48.230636],[-94.773497,48.230722],[-94.773495,48.237995],[-94.795096,48.237947]]],[[[-94.806734,48.60175],[-94.806728,48.598147],[-94.801288,48.598156],[-94.801291,48.60176],[-94.806734,48.60175]]],[[[-94.808943,48.388454],[-94.808976,48.381253],[-94.798175,48.381271],[-94.798108,48.388426],[-94.808943,48.388454]]],[[[-94.809048,48.424678],[-94.803602,48.417415],[-94.792846,48.41743],[-94.792707,48.424708],[-94.809048,48.424678]]],[[[-94.81712,48.281164],[-94.817093,48.273874],[-94.806118,48.273911],[-94.806232,48.281227],[-94.81712,48.281164]]],[[[-94.817208,48.638063],[-94.817215,48.634486],[-94.81178,48.634434],[-94.81177,48.638005],[-94.817208,48.638063]]],[[[-94.817589,48.317358],[-94.817178,48.288409],[-94.806305,48.288427],[-94.806594,48.317394],[-94.817589,48.317358]]],[[[-94.81823,48.346276],[-94.818195,48.339042],[-94.807291,48.33903],[-94.807331,48.346276],[-94.81823,48.346276]]],[[[-94.819748,48.402892],[-94.819728,48.388482],[-94.808943,48.388454],[-94.808953,48.402874],[-94.819748,48.402892]]],[[[-94.820761,48.500627],[-94.799235,48.478917],[-94.788282,48.50427],[-94.804791,48.507957],[-94.820761,48.500627]]],[[[-94.821311,48.622422],[-94.806564,48.619899],[-94.806375,48.627216],[-94.811903,48.623603],[-94.821311,48.622422]]],[[[-94.8214,49.204754],[-94.810917,49.205183],[-94.809663,49.207954],[-94.815696,49.213263],[-94.8214,49.204754]]],[[[-94.825212,48.41731],[-94.825251,48.413678],[-94.814447,48.413701],[-94.814436,48.417336],[-94.825212,48.41731]]],[[[-94.826758,48.652558],[-94.826748,48.645274],[-94.821337,48.645316],[-94.821334,48.652599],[-94.826758,48.652558]]],[[[-94.827117,49.322425],[-94.827114,49.320289],[-94.818174,49.3204],[-94.818057,49.321039],[-94.827117,49.322425]]],[[[-94.827573,48.209054],[-94.827483,48.201771],[-94.816648,48.201715],[-94.816738,48.209014],[-94.827573,48.209054]]],[[[-94.8379,48.547682],[-94.821622,48.547525],[-94.821665,48.554777],[-94.837888,48.554749],[-94.8379,48.547682]]],[[[-94.843513,49.316475],[-94.837994,49.316195],[-94.837975,49.319818],[-94.843484,49.319798],[-94.843513,49.316475]]],[[[-94.848148,48.504195],[-94.848132,48.500544],[-94.831723,48.500613],[-94.831748,48.504248],[-94.848148,48.504195]]],[[[-94.849506,48.230573],[-94.849356,48.216184],[-94.838503,48.216318],[-94.838564,48.230627],[-94.849506,48.230573]]],[[[-94.849615,49.177987],[-94.849592,49.175365],[-94.844111,49.175394],[-94.844122,49.178505],[-94.849615,49.177987]]],[[[-94.852524,48.406351],[-94.847115,48.399241],[-94.825228,48.399301],[-94.830751,48.40643],[-94.852524,48.406351]]],[[[-94.853603,48.511522],[-94.853598,48.507847],[-94.84273,48.507882],[-94.842772,48.511524],[-94.853603,48.511522]]],[[[-94.854105,48.55837],[-94.843307,48.554744],[-94.843267,48.562055],[-94.85399,48.562011],[-94.854105,48.55837]]],[[[-94.857902,48.373966],[-94.857887,48.370361],[-94.852471,48.370394],[-94.852477,48.374],[-94.857902,48.373966]]],[[[-94.860026,48.201614],[-94.859913,48.194366],[-94.838228,48.194579],[-94.838319,48.201826],[-94.860026,48.201614]]],[[[-94.860369,48.249976],[-94.860463,48.244949],[-94.838526,48.244919],[-94.838509,48.252167],[-94.860369,48.249976]]],[[[-94.861056,48.851487],[-94.861076,48.847852],[-94.855583,48.847864],[-94.855524,48.851506],[-94.861056,48.851487]]],[[[-94.865169,48.666965],[-94.865107,48.663332],[-94.854139,48.663322],[-94.854171,48.66693],[-94.865169,48.666965]]],[[[-94.865848,49.305341],[-94.86031,49.301685],[-94.838062,49.308868],[-94.860268,49.312605],[-94.865848,49.305341]]],[[[-94.873969,48.402806],[-94.873944,48.395673],[-94.868565,48.395646],[-94.868626,48.402777],[-94.873969,48.402806]]],[[[-94.875881,48.569277],[-94.87582,48.565602],[-94.870414,48.565601],[-94.870355,48.569312],[-94.875881,48.569277]]],[[[-94.88249,49.323894],[-94.87695,49.323505],[-94.876941,49.327013],[-94.882482,49.327022],[-94.88249,49.323894]]],[[[-94.888029,49.319894],[-94.888018,49.316312],[-94.882482,49.316304],[-94.882491,49.319894],[-94.888029,49.319894]]],[[[-94.890139,48.408397],[-94.884673,48.402863],[-94.879363,48.402835],[-94.879358,48.409978],[-94.890139,48.408397]]],[[[-94.892772,48.223224],[-94.892676,48.216041],[-94.881858,48.216003],[-94.881933,48.223213],[-94.892772,48.223224]]],[[[-94.893507,48.331867],[-94.89327,48.324636],[-94.882475,48.324593],[-94.88272,48.331805],[-94.893507,48.331867]]],[[[-94.896884,48.48217],[-94.896907,48.478564],[-94.8914,48.478577],[-94.8914,48.482189],[-94.896884,48.48217]]],[[[-94.89799,48.594354],[-94.897874,48.583583],[-94.886811,48.583532],[-94.892464,48.594389],[-94.89799,48.594354]]],[[[-94.901122,48.417168],[-94.901138,48.413583],[-94.895639,48.413588],[-94.895631,48.417173],[-94.901122,48.417168]]],[[[-94.901152,48.406425],[-94.901141,48.402855],[-94.89566,48.402856],[-94.895654,48.406431],[-94.901152,48.406425]]],[[[-94.906653,48.409978],[-94.906641,48.406415],[-94.901152,48.406425],[-94.901155,48.409983],[-94.906653,48.409978]]],[[[-94.913319,48.482081],[-94.913334,48.478555],[-94.907676,48.478468],[-94.907555,48.482039],[-94.913319,48.482081]]],[[[-94.914219,48.652433],[-94.9142,48.648731],[-94.908755,48.648759],[-94.908789,48.652451],[-94.914219,48.652433]]],[[[-94.914263,48.635948],[-94.908804,48.63417],[-94.908774,48.637774],[-94.91423,48.637759],[-94.914263,48.635948]]],[[[-94.914504,48.605123],[-94.9091,48.594362],[-94.89799,48.594354],[-94.903462,48.608834],[-94.914504,48.605123]]],[[[-94.917567,48.406477],[-94.917526,48.402896],[-94.912087,48.402884],[-94.912113,48.406441],[-94.917567,48.406477]]],[[[-94.9176,48.410927],[-94.91214,48.410008],[-94.912116,48.4136],[-94.917586,48.413638],[-94.9176,48.410927]]],[[[-94.919815,48.692093],[-94.919821,48.688433],[-94.914348,48.688472],[-94.914341,48.692143],[-94.919815,48.692093]]],[[[-94.919833,48.612403],[-94.919882,48.608751],[-94.914429,48.60877],[-94.914389,48.612417],[-94.919833,48.612403]]],[[[-94.923076,48.431703],[-94.923011,48.424523],[-94.912049,48.42447],[-94.912172,48.431664],[-94.923076,48.431703]]],[[[-94.925398,48.626948],[-94.919845,48.619699],[-94.908984,48.619746],[-94.914442,48.626966],[-94.925398,48.626948]]],[[[-94.928811,48.532846],[-94.886268,48.529296],[-94.870274,48.543881],[-94.837277,48.529651],[-94.858988,48.522437],[-94.837265,48.515144],[-94.782991,48.515166],[-94.799534,48.518716],[-94.799761,48.540426],[-94.853835,48.540445],[-94.870335,48.561981],[-94.892013,48.558268],[-94.886796,48.569204],[-94.91419,48.569004],[-94.90307,48.558196],[-94.919007,48.550877],[-94.902741,48.543659],[-94.928811,48.532846]],[[-94.897493,48.554477],[-94.891898,48.554572],[-94.891865,48.547318],[-94.897349,48.547306],[-94.897493,48.554477]],[[-94.891841,48.540072],[-94.891849,48.543702],[-94.886412,48.543713],[-94.886417,48.540096],[-94.891841,48.540072]],[[-94.831782,48.522402],[-94.831783,48.526024],[-94.82087,48.526009],[-94.820869,48.522405],[-94.831782,48.522402]]],[[[-94.934087,48.435322],[-94.934073,48.431703],[-94.928524,48.431719],[-94.92853,48.435334],[-94.934087,48.435322]]],[[[-94.939354,48.402922],[-94.939268,48.399392],[-94.922927,48.399352],[-94.922983,48.402918],[-94.939354,48.402922]]],[[[-94.940593,48.456886],[-94.79868,48.45358],[-94.799113,48.475267],[-94.837218,48.478744],[-94.940593,48.456886]]],[[[-94.941388,48.64778],[-94.941391,48.641246],[-94.930757,48.641286],[-94.930643,48.648682],[-94.941388,48.64778]]],[[[-94.941511,48.576023],[-94.941236,48.561576],[-94.930264,48.561643],[-94.930575,48.576069],[-94.941511,48.576023]]],[[[-94.945849,48.471402],[-94.94586,48.467766],[-94.940463,48.467726],[-94.940431,48.474989],[-94.945849,48.471402]]],[[[-94.94712,48.605078],[-94.93085,48.601404],[-94.9253,48.612366],[-94.936156,48.612396],[-94.94712,48.605078]]],[[[-94.950758,48.43866],[-94.950743,48.435272],[-94.945184,48.43529],[-94.945188,48.438902],[-94.950758,48.43866]]],[[[-94.952427,48.54701],[-94.951267,48.532711],[-94.94017,48.532824],[-94.940483,48.547084],[-94.952427,48.54701]]],[[[-94.952393,48.619639],[-94.952501,48.612445],[-94.941597,48.612378],[-94.941637,48.615993],[-94.952393,48.619639]]],[[[-94.956063,48.420605],[-94.956052,48.41699],[-94.950202,48.416976],[-94.950194,48.420589],[-94.956063,48.420605]]],[[[-94.95676,48.471379],[-94.95684,48.467784],[-94.951315,48.467823],[-94.95131,48.47141],[-94.95676,48.471379]]],[[[-94.957426,49.36784],[-94.957379,49.367219],[-94.95403,49.367231],[-94.954115,49.367354],[-94.957426,49.36784]]],[[[-94.959768,49.309122],[-94.95981,49.30546],[-94.948698,49.305459],[-94.94866,49.30913],[-94.959768,49.309122]]],[[[-94.972195,48.435268],[-94.972216,48.431617],[-94.961471,48.431531],[-94.961458,48.438793],[-94.972195,48.435268]]],[[[-94.972988,48.532658],[-94.967523,48.529079],[-94.956696,48.529055],[-94.962109,48.539816],[-94.972988,48.532658]]],[[[-94.973316,48.474929],[-94.973301,48.471312],[-94.967784,48.47134],[-94.967793,48.474951],[-94.973316,48.474929]]],[[[-94.97632,49.29806],[-94.97634,49.29437],[-94.95991,49.294456],[-94.965336,49.301776],[-94.97632,49.29806]]],[[[-94.978591,48.500068],[-94.940262,48.496566],[-94.929638,48.474956],[-94.913343,48.489371],[-94.88592,48.485774],[-94.891561,48.496474],[-94.869802,48.489406],[-94.859026,48.51152],[-94.880702,48.503898],[-94.886148,48.518444],[-94.91338,48.503823],[-94.908064,48.522033],[-94.924181,48.511231],[-94.946041,48.521952],[-94.978591,48.500068]],[[-94.945985,48.500292],[-94.94596,48.507446],[-94.934988,48.503858],[-94.934946,48.500229],[-94.945985,48.500292]]],[[[-94.984106,48.464077],[-94.972186,48.446121],[-94.951439,48.453259],[-94.967804,48.464105],[-94.984106,48.464077]]],[[[-94.98468,48.713647],[-94.98482,48.706392],[-94.963225,48.706496],[-94.97467,48.713743],[-94.963868,48.720964],[-94.98468,48.713647]]],[[[-94.985061,48.670209],[-94.985039,48.666631],[-94.979558,48.666624],[-94.979581,48.670208],[-94.985061,48.670209]]],[[[-94.990478,48.652337],[-94.99049,48.648631],[-94.98501,48.648624],[-94.984996,48.652328],[-94.990478,48.652337]]],[[[-95.00143,48.663127],[-95.001421,48.659562],[-94.995962,48.65958],[-94.995977,48.663137],[-95.00143,48.663127]]],[[[-95.004741,48.43532],[-95.004708,48.431669],[-94.999274,48.431699],[-94.999274,48.435346],[-95.004741,48.43532]]],[[[-95.005583,48.499985],[-95.000249,48.492939],[-94.989485,48.492914],[-94.994784,48.503637],[-95.005583,48.499985]]],[[[-95.010949,48.514305],[-95.010955,48.510868],[-95.005503,48.510828],[-95.005527,48.514449],[-95.010949,48.514305]]],[[[-95.012309,48.663104],[-95.012372,48.659527],[-95.006943,48.659545],[-95.006855,48.663077],[-95.012309,48.663104]]],[[[-95.012415,48.681208],[-95.012399,48.677617],[-95.00693,48.677589],[-95.006913,48.681197],[-95.012415,48.681208]]],[[[-95.015607,48.431628],[-95.015538,48.428023],[-95.010115,48.428037],[-95.010166,48.431648],[-95.015607,48.431628]]],[[[-95.01744,48.623198],[-95.017437,48.619583],[-95.001132,48.615898],[-95.001094,48.623169],[-95.01744,48.623198]]],[[[-95.017741,48.637736],[-95.017758,48.634125],[-95.012292,48.634108],[-95.012294,48.637714],[-95.017741,48.637736]]],[[[-95.017836,48.67041],[-95.01231,48.670269],[-95.012316,48.673914],[-95.017807,48.673936],[-95.017836,48.67041]]],[[[-95.023242,48.630505],[-95.017775,48.626878],[-95.017758,48.634125],[-95.023225,48.63412],[-95.023242,48.630505]]],[[[-95.026391,48.395283],[-94.993876,48.388221],[-94.95599,48.398906],[-94.9992,48.402763],[-95.026391,48.395283]]],[[[-95.026574,49.183418],[-95.026579,49.179801],[-95.021009,49.179822],[-95.020905,49.183319],[-95.026574,49.183418]]],[[[-95.028093,48.353382],[-95.022554,48.346159],[-95.011714,48.346196],[-95.017224,48.353362],[-95.028093,48.353382]]],[[[-95.028465,48.61234],[-95.028434,48.608737],[-95.017404,48.608732],[-95.017433,48.612354],[-95.028465,48.61234]]],[[[-95.028689,48.6631],[-95.028658,48.652285],[-95.017721,48.655928],[-95.017736,48.663122],[-95.028689,48.6631]]],[[[-95.028728,48.68503],[-95.017799,48.684933],[-95.017781,48.692118],[-95.028696,48.692141],[-95.028728,48.68503]]],[[[-95.031769,49.338028],[-95.031753,49.334412],[-95.026257,49.334405],[-95.026274,49.338014],[-95.031769,49.338028]]],[[[-95.037256,48.387977],[-95.037156,48.380725],[-95.020747,48.377296],[-95.02078,48.384493],[-95.037256,48.387977]]],[[[-95.039713,48.677633],[-95.039699,48.674022],[-95.034215,48.673996],[-95.034206,48.677668],[-95.039713,48.677633]]],[[[-95.044621,48.364241],[-95.044379,48.353328],[-95.028236,48.360645],[-95.028345,48.366528],[-95.044621,48.364241]]],[[[-95.045133,48.63772],[-95.045157,48.634148],[-95.03966,48.634127],[-95.039615,48.637724],[-95.045133,48.63772]]],[[[-95.046955,48.85803],[-95.04676,48.850806],[-95.035804,48.850842],[-95.035876,48.858106],[-95.046955,48.85803]]],[[[-95.048228,48.39529],[-95.037348,48.395221],[-95.03727,48.402416],[-95.048091,48.402359],[-95.048228,48.39529]]],[[[-95.050657,48.695791],[-95.050674,48.692194],[-95.045151,48.692179],[-95.045147,48.695775],[-95.050657,48.695791]]],[[[-95.053808,48.438729],[-95.053763,48.435076],[-95.048377,48.435095],[-95.048407,48.438729],[-95.053808,48.438729]]],[[[-95.058802,48.380786],[-95.058773,48.377215],[-95.053345,48.377199],[-95.053386,48.380775],[-95.058802,48.380786]]],[[[-95.059239,48.442312],[-95.059218,48.438729],[-95.053808,48.438729],[-95.053805,48.442337],[-95.059239,48.442312]]],[[[-95.060133,48.536091],[-95.032647,48.53257],[-95.0326,48.539954],[-95.049065,48.539962],[-95.060133,48.536091]]],[[[-95.061297,48.598174],[-95.039333,48.594341],[-95.039416,48.605148],[-95.050359,48.605193],[-95.061297,48.598174]]],[[[-95.061752,48.684955],[-95.049653,48.677666],[-95.045959,48.688332],[-95.056197,48.692197],[-95.061752,48.684955]]],[[[-95.06627,48.360475],[-95.060697,48.353234],[-95.055531,48.36643],[-95.06086,48.360513],[-95.06627,48.360475]]],[[[-95.066766,48.605194],[-95.06676,48.601577],[-95.061277,48.601557],[-95.061287,48.605173],[-95.066766,48.605194]]],[[[-95.072555,48.699471],[-95.072619,48.685007],[-95.066983,48.685057],[-95.06699,48.699399],[-95.072555,48.699471]]],[[[-95.07274,48.663223],[-95.067251,48.656054],[-95.056215,48.656026],[-95.05621,48.663209],[-95.07274,48.663223]]],[[[-95.077621,48.626951],[-95.077646,48.623402],[-95.072141,48.623419],[-95.072097,48.626984],[-95.077621,48.626951]]],[[[-95.080445,48.378109],[-95.069598,48.3772],[-95.069675,48.384375],[-95.080394,48.384384],[-95.080445,48.378109]]],[[[-95.080647,48.416847],[-95.080572,48.409491],[-95.064307,48.409456],[-95.064298,48.413149],[-95.080647,48.416847]]],[[[-95.080616,48.53616],[-95.070978,48.521743],[-95.060094,48.525217],[-95.065555,48.53611],[-95.080616,48.53616]]],[[[-95.080945,48.499985],[-95.081086,48.464334],[-94.989567,48.453263],[-94.984127,48.47492],[-95.016698,48.464082],[-95.038286,48.467866],[-95.03824,48.475086],[-94.984137,48.485719],[-95.043813,48.48585],[-95.027063,48.503776],[-95.054654,48.507323],[-95.010962,48.518079],[-95.016354,48.532569],[-94.983756,48.528985],[-95.005514,48.518068],[-94.97837,48.521789],[-94.978388,48.536213],[-95.017507,48.543574],[-95.021843,48.521702],[-95.080754,48.518192],[-95.080945,48.499985]],[[-95.065619,48.510938],[-95.065535,48.514527],[-95.060125,48.514502],[-95.060127,48.510925],[-95.065619,48.510938]],[[-95.043789,48.489481],[-95.054742,48.489491],[-95.060188,48.496741],[-95.049274,48.496762],[-95.043789,48.489481]]],[[[-95.082342,48.345916],[-95.076699,48.331564],[-95.065777,48.331617],[-95.065977,48.346035],[-95.082342,48.345916]]],[[[-95.082484,48.659634],[-95.082455,48.656015],[-95.078161,48.656029],[-95.07812,48.659636],[-95.082484,48.659634]]],[[[-95.082453,48.670422],[-95.082444,48.663225],[-95.07274,48.663223],[-95.072798,48.670406],[-95.082453,48.670422]]],[[[-95.083062,48.623386],[-95.083101,48.616082],[-95.077692,48.616068],[-95.077646,48.623402],[-95.083062,48.623386]]],[[[-95.083123,48.601634],[-95.083044,48.587153],[-95.072156,48.587152],[-95.072234,48.608818],[-95.083123,48.601634]]],[[[-95.088586,48.611489],[-95.088594,48.608884],[-95.083122,48.608859],[-95.08313,48.612471],[-95.088586,48.611489]]],[[[-95.093552,48.64875],[-95.093544,48.641401],[-95.082554,48.64138],[-95.082531,48.64505],[-95.093552,48.64875]]],[[[-95.095632,48.720328],[-95.095436,48.713007],[-95.089872,48.71307],[-95.089903,48.720322],[-95.095632,48.720328]]],[[[-95.102028,48.373202],[-95.101918,48.366236],[-95.096439,48.366242],[-95.096574,48.373563],[-95.102028,48.373202]]],[[[-95.10297,48.464031],[-95.103017,48.460408],[-95.09756,48.460483],[-95.097495,48.464108],[-95.10297,48.464031]]],[[[-95.103742,49.359855],[-95.103691,49.352546],[-95.092843,49.352519],[-95.098197,49.359879],[-95.103742,49.359855]]],[[[-95.104614,48.710001],[-95.099029,48.702991],[-95.088075,48.70306],[-95.093617,48.710067],[-95.104614,48.710001]]],[[[-95.10499,48.615825],[-95.093988,48.612525],[-95.083049,48.627012],[-95.093866,48.626922],[-95.10499,48.615825]]],[[[-95.109197,48.338626],[-95.109062,48.331339],[-95.103651,48.331344],[-95.103797,48.338629],[-95.109197,48.338626]]],[[[-95.115487,48.685148],[-95.082484,48.684977],[-95.082517,48.699564],[-95.115396,48.692197],[-95.115487,48.685148]]],[[[-95.115498,48.663299],[-95.110032,48.652439],[-95.088022,48.65239],[-95.093639,48.670455],[-95.115498,48.663299]]],[[[-95.115501,48.677742],[-95.115472,48.670547],[-95.104688,48.670495],[-95.104644,48.67774],[-95.115501,48.677742]]],[[[-95.115797,48.616217],[-95.110356,48.616161],[-95.110268,48.619798],[-95.115733,48.619776],[-95.115797,48.616217]]],[[[-95.12076,48.69582],[-95.120823,48.692187],[-95.115396,48.692197],[-95.115356,48.69582],[-95.12076,48.69582]]],[[[-95.126066,48.63047],[-95.126027,48.626882],[-95.104371,48.626943],[-95.115336,48.637758],[-95.126066,48.63047]]],[[[-95.128375,49.157494],[-95.120293,49.157171],[-95.12028,49.160761],[-95.125619,49.160694],[-95.128375,49.157494]]],[[[-95.129519,48.237542],[-95.129419,48.230289],[-95.118613,48.230327],[-95.118649,48.241099],[-95.129519,48.237542]]],[[[-95.129912,48.477945],[-95.129942,48.474797],[-95.124501,48.474799],[-95.124474,48.4784],[-95.129912,48.477945]]],[[[-95.131574,48.366191],[-95.12585,48.353051],[-95.104158,48.356518],[-95.115305,48.366242],[-95.131574,48.366191]]],[[[-95.131639,48.641302],[-95.131605,48.637701],[-95.126206,48.637707],[-95.126202,48.641314],[-95.131639,48.641302]]],[[[-95.137167,48.663279],[-95.137106,48.64864],[-95.131676,48.648664],[-95.126335,48.663338],[-95.137167,48.663279]]],[[[-95.140837,48.284267],[-95.140839,48.280673],[-95.130086,48.280638],[-95.130109,48.287827],[-95.140837,48.284267]]],[[[-95.141709,48.33858],[-95.141556,48.331432],[-95.119908,48.33132],[-95.120247,48.34584],[-95.141709,48.33858]]],[[[-95.142875,48.619725],[-95.137476,48.616055],[-95.131852,48.623969],[-95.142823,48.626877],[-95.142875,48.619725]]],[[[-95.144406,49.185085],[-95.144223,49.181554],[-95.14283,49.185063],[-95.144406,49.185085]]],[[[-95.145442,48.373562],[-95.145415,48.366179],[-95.134551,48.366179],[-95.134542,48.373598],[-95.145442,48.373562]]],[[[-95.147986,48.706442],[-95.148029,48.699344],[-95.136972,48.699412],[-95.136917,48.706541],[-95.147986,48.706442]]],[[[-95.150619,48.449618],[-95.15064,48.445986],[-95.145223,48.446012],[-95.145199,48.449637],[-95.150619,48.449618]]],[[[-95.153189,48.363766],[-95.153091,48.356617],[-95.147681,48.356636],[-95.147784,48.363805],[-95.153189,48.363766]]],[[[-95.153293,49.180538],[-95.153296,49.178118],[-95.144352,49.178194],[-95.144477,49.180811],[-95.153293,49.180538]]],[[[-95.153384,49.344786],[-95.153282,49.193087],[-95.120253,49.218618],[-95.11472,49.178921],[-95.004043,49.189856],[-94.949113,49.233286],[-94.959862,49.272952],[-94.932198,49.287374],[-94.981859,49.287182],[-95.003983,49.312642],[-94.970809,49.305462],[-94.970818,49.334366],[-94.987403,49.330809],[-94.976272,49.34894],[-95.026281,49.341594],[-95.015076,49.327252],[-95.026197,49.319935],[-95.048154,49.341692],[-95.076055,49.330755],[-95.087117,49.337968],[-95.07616,49.348848],[-95.136844,49.337968],[-95.125855,49.356117],[-95.142413,49.356051],[-95.153384,49.344786]],[[-95.147904,49.232892],[-95.147906,49.236533],[-95.136916,49.236566],[-95.136936,49.229351],[-95.147904,49.232892]],[[-95.147878,49.247493],[-95.142312,49.254698],[-95.114477,49.254645],[-95.109038,49.236631],[-95.147878,49.247493]],[[-95.136789,49.286665],[-95.1256,49.287288],[-95.125638,49.272746],[-95.136782,49.272765],[-95.136789,49.286665]],[[-95.114625,49.225871],[-95.114566,49.233015],[-95.070458,49.229591],[-95.092612,49.222327],[-95.114625,49.225871]],[[-95.103454,49.272792],[-95.09793,49.283747],[-95.086879,49.280181],[-95.092412,49.272844],[-95.103454,49.272792]],[[-95.075762,49.287425],[-95.075782,49.294652],[-95.070298,49.294629],[-95.070291,49.287448],[-95.075762,49.287425]],[[-95.070473,49.247549],[-95.070317,49.254749],[-95.05933,49.254759],[-95.05938,49.247555],[-95.070473,49.247549]],[[-95.070246,49.200475],[-95.07029,49.207532],[-95.059512,49.207659],[-95.05953,49.2004],[-95.070246,49.200475]],[[-95.064796,49.283832],[-95.06474,49.294604],[-95.037121,49.294501],[-95.037156,49.287347],[-95.064796,49.283832]],[[-95.059437,49.328638],[-95.048215,49.334449],[-95.048312,49.316303],[-95.053819,49.316245],[-95.059437,49.328638]],[[-95.014984,49.29386],[-95.009453,49.298123],[-95.009422,49.287344],[-95.014985,49.287346],[-95.014984,49.29386]],[[-94.998522,49.240488],[-94.987602,49.240453],[-94.987586,49.233249],[-94.993049,49.233257],[-94.998522,49.240488]],[[-95.136936,49.229351],[-95.125765,49.229405],[-95.125803,49.222219],[-95.136952,49.222144],[-95.136936,49.229351]],[[-95.1256,49.287288],[-95.12559,49.294435],[-95.114368,49.294465],[-95.114443,49.287268],[-95.1256,49.287288]],[[-95.125638,49.272746],[-95.114488,49.276396],[-95.114498,49.265425],[-95.120085,49.265407],[-95.125638,49.272746]],[[-95.092585,49.23315],[-95.092539,49.24754],[-95.08704,49.247548],[-95.087129,49.233168],[-95.092585,49.23315]]],[[[-95.153768,48.608871],[-95.153755,48.605255],[-95.148325,48.605199],[-95.148337,48.608819],[-95.153768,48.608871]]],[[[-95.15386,48.627001],[-95.15376,48.623386],[-95.148408,48.623335],[-95.148264,48.627039],[-95.15386,48.627001]]],[[[-95.156641,48.244535],[-95.140317,48.248004],[-95.140366,48.251537],[-95.156583,48.25146],[-95.156641,48.244535]]],[[[-95.158254,48.34588],[-95.158035,48.338584],[-95.147139,48.338579],[-95.14726,48.342246],[-95.158254,48.34588]]],[[[-95.16307,48.316863],[-95.162931,48.309555],[-95.152054,48.309579],[-95.152181,48.316882],[-95.16307,48.316863]]],[[[-95.163349,48.331442],[-95.163208,48.324162],[-95.15231,48.32419],[-95.152452,48.33144],[-95.163349,48.331442]]],[[[-95.164564,48.56546],[-95.164544,48.561843],[-95.159114,48.561865],[-95.159125,48.565468],[-95.164564,48.56546]]],[[[-95.167095,48.438781],[-95.166999,48.431199],[-95.156015,48.431201],[-95.156082,48.438744],[-95.167095,48.438781]]],[[[-95.16975,48.712912],[-95.169744,48.706422],[-95.158769,48.706435],[-95.158766,48.709983],[-95.16975,48.712912]]],[[[-95.170091,48.605283],[-95.170169,48.601644],[-95.159202,48.601641],[-95.159134,48.605337],[-95.170091,48.605283]]],[[[-95.172511,48.222852],[-95.172513,48.215673],[-95.161645,48.215731],[-95.161512,48.222891],[-95.172511,48.222852]]],[[[-95.173129,47.767551],[-95.173188,47.763921],[-95.167768,47.76389],[-95.16773,47.767513],[-95.173129,47.767551]]],[[[-95.18105,48.587309],[-95.181037,48.583585],[-95.175529,48.583595],[-95.175537,48.587328],[-95.18105,48.587309]]],[[[-95.181062,48.619614],[-95.181096,48.616169],[-95.175609,48.616121],[-95.175597,48.619658],[-95.181062,48.619614]]],[[[-95.183524,48.431458],[-95.183492,48.424225],[-95.172443,48.424181],[-95.172483,48.431456],[-95.183524,48.431458]]],[[[-95.184514,48.294904],[-95.184484,48.287733],[-95.173452,48.287794],[-95.173472,48.294947],[-95.184514,48.294904]]],[[[-95.191698,48.648535],[-95.164475,48.641325],[-95.180828,48.652212],[-95.148056,48.648591],[-95.148093,48.666856],[-95.191698,48.648535]]],[[[-95.191613,48.69923],[-95.191813,48.692059],[-95.180842,48.692052],[-95.180691,48.699281],[-95.191613,48.69923]]],[[[-95.195645,48.323644],[-95.184642,48.309306],[-95.173861,48.313074],[-95.179434,48.323733],[-95.195645,48.323644]]],[[[-95.19744,48.684838],[-95.19739,48.677526],[-95.191904,48.677526],[-95.192,48.684826],[-95.19744,48.684838]]],[[[-95.197654,48.587253],[-95.197632,48.583584],[-95.192047,48.583584],[-95.192066,48.587226],[-95.197654,48.587253]]],[[[-95.200536,48.503543],[-95.195115,48.503471],[-95.195011,48.507063],[-95.200421,48.507072],[-95.200536,48.503543]]],[[[-95.202985,48.550952],[-95.202899,48.543695],[-95.192009,48.5436],[-95.191846,48.550906],[-95.202985,48.550952]]],[[[-95.204998,48.211947],[-95.20495,48.208319],[-95.194324,48.2084],[-95.194319,48.212003],[-95.204998,48.211947]]],[[[-95.208438,48.692055],[-95.208532,48.688471],[-95.202698,48.688449],[-95.202761,48.692081],[-95.208438,48.692055]]],[[[-95.208798,48.579909],[-95.208792,48.576271],[-95.19765,48.576291],[-95.197637,48.579931],[-95.208798,48.579909]]],[[[-95.211197,48.713041],[-95.208166,48.699305],[-95.1918,48.706402],[-95.19179,48.713005],[-95.211197,48.713041]]],[[[-95.211456,48.436492],[-95.200133,48.435113],[-95.200055,48.442295],[-95.211339,48.442354],[-95.211456,48.436492]]],[[[-95.211589,48.678415],[-95.202848,48.677516],[-95.202882,48.681184],[-95.211585,48.681182],[-95.211589,48.678415]]],[[[-95.216959,48.688453],[-95.217031,48.684862],[-95.21158,48.684858],[-95.211505,48.688449],[-95.216959,48.688453]]],[[[-95.221531,48.45572],[-95.206404,48.452852],[-95.206234,48.46005],[-95.211148,48.455782],[-95.221531,48.45572]]],[[[-95.227107,48.365639],[-95.227292,48.363925],[-95.206704,48.363987],[-95.206704,48.365997],[-95.227107,48.365639]]],[[[-95.228132,48.646338],[-95.197137,48.641289],[-95.20265,48.663056],[-95.169817,48.663139],[-95.180995,48.670303],[-95.169981,48.684801],[-95.222745,48.662952],[-95.228132,48.646338]],[[-95.19187,48.673884],[-95.186408,48.67389],[-95.186372,48.670246],[-95.191818,48.670221],[-95.19187,48.673884]]],[[[-95.228468,48.550841],[-95.228618,48.543565],[-95.212207,48.547192],[-95.212178,48.550894],[-95.228468,48.550841]]],[[[-95.231922,48.513444],[-95.231883,48.509837],[-95.226404,48.509862],[-95.226443,48.513466],[-95.231922,48.513444]]],[[[-95.233191,48.706344],[-95.222332,48.69205],[-95.211431,48.692039],[-95.211235,48.706377],[-95.233191,48.706344]]],[[[-95.238959,48.652108],[-95.238938,48.64489],[-95.23348,48.64491],[-95.233478,48.652095],[-95.238959,48.652108]]],[[[-95.244112,48.712968],[-95.244117,48.706414],[-95.233191,48.706344],[-95.233229,48.709896],[-95.244112,48.712968]]],[[[-95.24424,48.692031],[-95.244207,48.68492],[-95.222484,48.684865],[-95.222332,48.69205],[-95.24424,48.692031]]],[[[-95.244469,48.662948],[-95.244445,48.655754],[-95.23897,48.655726],[-95.238968,48.662937],[-95.244469,48.662948]]],[[[-95.2445,48.670351],[-95.233567,48.670166],[-95.233478,48.677518],[-95.244426,48.677469],[-95.2445,48.670351]]],[[[-95.249905,48.652133],[-95.249864,48.648496],[-95.244401,48.648499],[-95.244424,48.65212],[-95.249905,48.652133]]],[[[-95.255237,48.641175],[-95.255161,48.633984],[-95.244406,48.634034],[-95.244358,48.641237],[-95.255237,48.641175]]],[[[-95.25536,48.583403],[-95.255302,48.579726],[-95.244582,48.579712],[-95.244646,48.583369],[-95.25536,48.583403]]],[[[-95.25554,48.612416],[-95.244569,48.597925],[-95.255442,48.587001],[-95.228395,48.583383],[-95.233711,48.597991],[-95.217293,48.612339],[-95.25554,48.612416]]],[[[-95.264442,48.488404],[-95.264441,48.484823],[-95.259038,48.484792],[-95.25902,48.488377],[-95.264442,48.488404]]],[[[-95.271733,48.605249],[-95.271734,48.601628],[-95.260856,48.601595],[-95.26087,48.605211],[-95.271733,48.605249]]],[[[-95.276772,48.711539],[-95.276789,48.706499],[-95.271365,48.706523],[-95.271344,48.712983],[-95.276772,48.711539]]],[[[-95.286383,48.510083],[-95.275273,48.502831],[-95.253598,48.517158],[-95.275292,48.510037],[-95.286383,48.510083]]],[[[-95.286603,48.53993],[-95.242798,48.520697],[-95.205734,48.532433],[-95.222145,48.539904],[-95.286603,48.53993]]],[[[-95.287923,48.692069],[-95.287951,48.684728],[-95.282387,48.684717],[-95.282377,48.692054],[-95.287923,48.692069]]],[[[-95.299108,48.681154],[-95.288045,48.677557],[-95.287951,48.684728],[-95.299082,48.684748],[-95.299108,48.681154]]],[[[-95.299178,48.670332],[-95.299152,48.663189],[-95.288112,48.663131],[-95.288083,48.670281],[-95.299178,48.670332]]],[[[-95.299186,48.641338],[-95.298858,48.627133],[-95.27712,48.626933],[-95.287952,48.641388],[-95.299186,48.641338]]],[[[-95.302528,48.524499],[-95.297161,48.52092],[-95.297168,48.528171],[-95.302638,48.528119],[-95.302528,48.524499]]],[[[-95.307723,48.484996],[-95.307831,48.474098],[-95.296981,48.474142],[-95.296884,48.481529],[-95.307723,48.484996]]],[[[-95.310029,48.659606],[-95.310002,48.648722],[-95.299161,48.648701],[-95.299152,48.663189],[-95.310029,48.659606]]],[[[-95.313579,48.452362],[-95.3027,48.452286],[-95.297075,48.466814],[-95.307953,48.466799],[-95.313579,48.452362]]],[[[-95.340519,48.485135],[-95.340548,48.481527],[-95.329521,48.481469],[-95.329506,48.488647],[-95.340519,48.485135]]],[[[-95.353393,48.606053],[-95.342542,48.605284],[-95.34252,48.608976],[-95.353375,48.608963],[-95.353393,48.606053]]],[[[-95.35884,48.565462],[-95.358848,48.56184],[-95.353409,48.561867],[-95.353391,48.565479],[-95.35884,48.565462]]],[[[-95.364276,48.576306],[-95.364292,48.56907],[-95.353372,48.569091],[-95.358819,48.576343],[-95.364276,48.576306]]],[[[-95.36434,48.670212],[-95.358912,48.663218],[-95.35321,48.677578],[-95.364288,48.677475],[-95.36434,48.670212]]],[[[-95.368099,48.528292],[-95.368042,48.524696],[-95.362664,48.524686],[-95.362716,48.528284],[-95.368099,48.528292]]],[[[-95.383834,47.673402],[-95.38387,47.670632],[-95.378558,47.670659],[-95.378544,47.673388],[-95.383834,47.673402]]],[[[-95.386182,48.576283],[-95.38618,48.56921],[-95.375258,48.569133],[-95.375257,48.576353],[-95.386182,48.576283]]],[[[-95.397037,48.569166],[-95.397014,48.565494],[-95.386196,48.565534],[-95.38618,48.56921],[-95.397037,48.569166]]],[[[-95.397087,48.644151],[-95.375422,48.641453],[-95.364679,48.634248],[-95.375315,48.655884],[-95.397087,48.644151]]],[[[-95.401102,48.778094],[-95.401118,48.774436],[-95.395644,48.774497],[-95.395641,48.778149],[-95.401102,48.778094]]],[[[-95.402497,48.710367],[-95.402501,48.706749],[-95.397058,48.706737],[-95.397059,48.710359],[-95.402497,48.710367]]],[[[-95.402627,48.637801],[-95.402613,48.630587],[-95.397177,48.630609],[-95.397119,48.637822],[-95.402627,48.637801]]],[[[-95.40578,48.513774],[-95.40574,48.510133],[-95.400285,48.510147],[-95.400326,48.513764],[-95.40578,48.513774]]],[[[-95.407827,48.67052],[-95.407873,48.65591],[-95.397024,48.655888],[-95.396994,48.67063],[-95.407827,48.67052]]],[[[-95.408063,48.684979],[-95.407948,48.677872],[-95.397074,48.677793],[-95.397164,48.684951],[-95.408063,48.684979]]],[[[-95.41121,48.467205],[-95.405698,48.466996],[-95.405651,48.474353],[-95.394771,48.47431],[-95.394676,48.481679],[-95.410923,48.481726],[-95.41121,48.467205]]],[[[-95.411397,48.524775],[-95.411309,48.517457],[-95.405863,48.51746],[-95.405891,48.524727],[-95.411397,48.524775]]],[[[-95.411477,48.248698],[-95.411398,48.244969],[-95.400633,48.245174],[-95.400549,48.248621],[-95.411477,48.248698]]],[[[-95.411646,48.540049],[-95.411557,48.535504],[-95.406091,48.535497],[-95.406174,48.540043],[-95.411646,48.540049]]],[[[-95.416666,48.452865],[-95.40581,48.452586],[-95.405795,48.459804],[-95.416621,48.459826],[-95.416666,48.452865]]],[[[-95.422153,48.505133],[-95.411126,48.503126],[-95.411153,48.510311],[-95.422121,48.510364],[-95.422153,48.505133]]],[[[-95.430003,48.663265],[-95.424522,48.655891],[-95.413429,48.655921],[-95.413382,48.66331],[-95.430003,48.663265]]],[[[-95.430047,48.623415],[-95.429979,48.619814],[-95.419033,48.619828],[-95.419084,48.623408],[-95.430047,48.623415]]],[[[-95.435203,48.547118],[-95.435173,48.54352],[-95.429735,48.543451],[-95.429758,48.547075],[-95.435203,48.547118]]],[[[-95.435469,48.670485],[-95.418896,48.666991],[-95.407948,48.677872],[-95.424571,48.684912],[-95.435469,48.670485]]],[[[-95.438238,48.489007],[-95.416327,48.481738],[-95.41095,48.496038],[-95.421772,48.488941],[-95.438238,48.489007]]],[[[-95.440903,48.612578],[-95.440831,48.605219],[-95.418913,48.605305],[-95.418932,48.612669],[-95.440903,48.612578]]],[[[-95.44094,48.703188],[-95.440945,48.699589],[-95.435492,48.699601],[-95.435487,48.703205],[-95.44094,48.703188]]],[[[-95.440964,48.663246],[-95.44094,48.648674],[-95.435514,48.648659],[-95.43006,48.655865],[-95.440964,48.663246]]],[[[-95.449334,48.481884],[-95.449316,48.474493],[-95.438293,48.474448],[-95.43824,48.481839],[-95.449334,48.481884]]],[[[-95.449522,48.402135],[-95.449535,48.394917],[-95.438462,48.394911],[-95.438505,48.402162],[-95.449522,48.402135]]],[[[-95.454804,48.459894],[-95.449446,48.452639],[-95.443934,48.452632],[-95.443885,48.45986],[-95.454804,48.459894]]],[[[-95.457299,48.627007],[-95.457303,48.623384],[-95.451739,48.623354],[-95.451733,48.62698],[-95.457299,48.627007]]],[[[-95.457476,48.675607],[-95.457477,48.670451],[-95.451904,48.670436],[-95.451853,48.677725],[-95.457476,48.675607]]],[[[-95.460236,48.474435],[-95.454771,48.467102],[-95.449292,48.467096],[-95.449316,48.474493],[-95.460236,48.474435]]],[[[-95.462348,48.54721],[-95.46229,48.539771],[-95.451413,48.539936],[-95.45151,48.547222],[-95.462348,48.54721]]],[[[-95.468159,48.656047],[-95.462682,48.655962],[-95.462719,48.659646],[-95.468109,48.659643],[-95.468159,48.656047]]],[[[-95.4682,48.678984],[-95.462798,48.677747],[-95.462781,48.681337],[-95.468203,48.681338],[-95.4682,48.678984]]],[[[-95.46823,48.670554],[-95.468193,48.666903],[-95.462794,48.66691],[-95.462831,48.670561],[-95.46823,48.670554]]],[[[-95.472771,48.55077],[-95.472748,48.547201],[-95.462348,48.54721],[-95.462376,48.550777],[-95.472771,48.55077]]],[[[-95.472803,48.693574],[-95.451869,48.692238],[-95.451852,48.699568],[-95.472788,48.699435],[-95.472803,48.693574]]],[[[-95.472815,48.569016],[-95.472791,48.558071],[-95.462407,48.557998],[-95.462442,48.568972],[-95.472815,48.569016]]],[[[-95.4783,48.554408],[-95.478297,48.550756],[-95.472771,48.55077],[-95.472795,48.554432],[-95.4783,48.554408]]],[[[-95.478316,48.572641],[-95.478297,48.569023],[-95.472815,48.569016],[-95.472828,48.572628],[-95.478316,48.572641]]],[[[-95.494695,48.572667],[-95.494689,48.569067],[-95.489327,48.569058],[-95.489296,48.572656],[-95.494695,48.572667]]],[[[-95.494975,48.67772],[-95.494954,48.674121],[-95.489426,48.674124],[-95.489441,48.677717],[-95.494975,48.67772]]],[[[-95.495018,48.684921],[-95.494997,48.68133],[-95.489426,48.681318],[-95.489416,48.684924],[-95.495018,48.684921]]],[[[-95.495047,48.63091],[-95.495059,48.626927],[-95.489523,48.626963],[-95.489525,48.634224],[-95.495047,48.63091]]],[[[-95.500347,48.543431],[-95.500396,48.539138],[-95.489441,48.539231],[-95.489423,48.543438],[-95.500347,48.543431]]],[[[-95.503594,48.525086],[-95.503561,48.517815],[-95.492845,48.517793],[-95.492865,48.525099],[-95.503594,48.525086]]],[[[-95.514271,48.420289],[-95.514306,48.41669],[-95.503485,48.416656],[-95.503511,48.423942],[-95.514271,48.420289]]],[[[-95.514404,48.48905],[-95.514397,48.481722],[-95.50348,48.481715],[-95.503495,48.488972],[-95.514404,48.48905]]],[[[-95.527534,48.601387],[-95.527533,48.597725],[-95.522077,48.59776],[-95.522084,48.601417],[-95.527534,48.601387]]],[[[-95.527652,48.673961],[-95.527609,48.670354],[-95.522151,48.670349],[-95.522107,48.673965],[-95.527652,48.673961]]],[[[-95.544182,48.694591],[-95.54419,48.692015],[-95.538724,48.692024],[-95.53871,48.695679],[-95.544182,48.694591]]],[[[-95.5443,48.641299],[-95.544228,48.637684],[-95.538816,48.637699],[-95.538894,48.641324],[-95.5443,48.641299]]],[[[-95.546809,48.420478],[-95.541486,48.413132],[-95.536029,48.413122],[-95.535842,48.424053],[-95.546809,48.420478]]],[[[-95.547079,48.489105],[-95.547033,48.481812],[-95.536062,48.481864],[-95.536126,48.489108],[-95.547079,48.489105]]],[[[-95.549604,48.648627],[-95.549646,48.64495],[-95.544234,48.644971],[-95.544168,48.648644],[-95.549604,48.648627]]],[[[-95.549656,48.692007],[-95.549628,48.688368],[-95.544201,48.688363],[-95.54419,48.692015],[-95.549656,48.692007]]],[[[-95.549675,48.684709],[-95.549552,48.670321],[-95.544085,48.670338],[-95.544213,48.684713],[-95.549675,48.684709]]],[[[-95.554957,48.604979],[-95.554951,48.601313],[-95.538433,48.601327],[-95.538423,48.604996],[-95.554957,48.604979]]],[[[-95.582251,48.612162],[-95.582192,48.604886],[-95.576761,48.604907],[-95.576812,48.612187],[-95.582251,48.612162]]],[[[-95.593943,48.165813],[-95.582074,47.925886],[-95.509257,47.908281],[-95.469575,47.857589],[-95.385676,47.80473],[-94.803364,47.803418],[-94.803919,47.875518],[-94.742843,47.875193],[-94.747039,47.934533],[-94.721677,47.963478],[-94.722418,48.208761],[-94.822475,48.19262],[-95.593883,48.193343],[-95.593943,48.165813]]],[[[-95.595689,48.460173],[-95.59556,48.452957],[-95.590085,48.452955],[-95.590173,48.460174],[-95.595689,48.460173]]],[[[-95.596711,48.373253],[-95.596465,48.369462],[-95.59068,48.36967],[-95.590642,48.37341],[-95.596711,48.373253]]],[[[-95.598667,48.610886],[-95.598678,48.608571],[-95.593199,48.608559],[-95.593198,48.612194],[-95.598667,48.610886]]],[[[-95.598727,48.599563],[-95.598737,48.597679],[-95.593202,48.597659],[-95.593201,48.601289],[-95.598727,48.599563]]],[[[-95.600988,48.486007],[-95.590169,48.485335],[-95.590164,48.489255],[-95.600926,48.489121],[-95.600988,48.486007]]],[[[-95.62476,48.056884],[-95.624755,48.053265],[-95.614115,48.053185],[-95.614064,48.056828],[-95.62476,48.056884]]],[[[-95.641401,47.927528],[-95.641412,47.92538],[-95.638368,47.925391],[-95.638475,47.927766],[-95.641401,47.927528]]],[[[-95.648853,47.999972],[-95.640112,47.998633],[-95.639423,48.002925],[-95.648861,48.002942],[-95.648853,47.999972]]],[[[-95.668793,48.612105],[-95.668722,48.608515],[-95.652129,48.604675],[-95.652314,48.611867],[-95.668793,48.612105]]],[[[-95.678875,48.568749],[-95.678765,48.565103],[-95.667791,48.564965],[-95.667899,48.568599],[-95.678875,48.568749]]],[[[-95.714759,47.949363],[-95.714411,47.946549],[-95.709754,47.946588],[-95.709811,47.949356],[-95.714759,47.949363]]],[[[-95.716171,48.546951],[-95.715801,48.539664],[-95.710272,48.539542],[-95.710666,48.546811],[-95.716171,48.546951]]],[[[-95.754926,48.561853],[-95.754463,48.551106],[-95.743774,48.554691],[-95.744024,48.561788],[-95.754926,48.561853]]],[[[-95.755623,48.58724],[-95.755553,48.583638],[-95.750095,48.583593],[-95.75015,48.587204],[-95.755623,48.58724]]],[[[-95.768069,48.580128],[-95.760995,48.57999],[-95.761106,48.583623],[-95.764266,48.583655],[-95.768069,48.580128]]],[[[-95.779472,48.569235],[-95.777157,48.569282],[-95.77727,48.571291],[-95.779472,48.569235]]],[[[-95.787505,48.558611],[-95.78737,48.555056],[-95.776423,48.554884],[-95.776628,48.558435],[-95.787505,48.558611]]],[[[-95.90322,47.975681],[-95.903182,47.972021],[-95.897845,47.972022],[-95.897909,47.975673],[-95.90322,47.975681]]],[[[-95.933563,48.243945],[-95.933548,48.24037],[-95.922748,48.240448],[-95.922723,48.244036],[-95.933563,48.243945]]],[[[-96.036769,48.019608],[-96.036749,48.019388],[-96.033589,48.016898],[-96.033179,48.019608],[-96.036769,48.019608]]],[[[-96.068128,48.245352],[-96.057324,48.243581],[-96.05743,48.250772],[-96.068126,48.250715],[-96.068128,48.245352]]]]},"properties":{"GEOID":"3100R","TRIBE_NAME":"RedLakeBandofChippewaIndians,Minnesota"}},{"type":"Feature","id":13,"geometry":{"type":"MultiPolygon","coordinates":[[[[-122.888046,39.142805],[-122.883462,39.138666],[-122.874433,39.138634],[-122.874433,39.142297],[-122.888046,39.142805]]],[[[-122.908687,39.138674],[-122.907817,39.138296],[-122.907578,39.13903],[-122.908482,39.139214],[-122.908687,39.138674]]],[[[-122.910757,39.140676],[-122.910733,39.139775],[-122.909564,39.139791],[-122.909645,39.140668],[-122.910757,39.140676]]],[[[-122.91156,39.141297],[-122.911723,39.140964],[-122.909797,39.141002],[-122.910989,39.141937],[-122.91156,39.141297]]],[[[-122.916371,39.139343],[-122.916334,39.138591],[-122.915371,39.138595],[-122.915457,39.139379],[-122.916371,39.139343]]],[[[-122.952614,39.241826],[-122.952619,39.235653],[-122.948612,39.23565],[-122.948524,39.241828],[-122.952614,39.241826]]]]},"properties":{"GEOID":"3195R","TRIBE_NAME":"RobinsonRancheria"}},{"type":"Feature","id":14,"geometry":{"type":"MultiPolygon","coordinates":[[[[-116.420058,32.721563],[-116.368376,32.718286],[-116.361075,32.748704],[-116.404081,32.74835],[-116.420058,32.721563]]],[[[-116.420869,32.770213],[-116.420855,32.759027],[-116.412274,32.758974],[-116.412161,32.766519],[-116.420869,32.770213]]]]},"properties":{"GEOID":"1895R","TRIBE_NAME":"LaPostaBandofDieguenoMissionIndiansoftheLaPostaIndianReservation,California"}},{"type":"Feature","id":15,"geometry":{"type":"MultiPolygon","coordinates":[[[[-93.443256,44.729759],[-93.443261,44.72917],[-93.439379,44.729177],[-93.439469,44.730369],[-93.443256,44.729759]]],[[[-93.459528,44.753753],[-93.44961,44.750315],[-93.449415,44.757498],[-93.459508,44.757364],[-93.459528,44.753753]]],[[[-93.465302,44.732149],[-93.464717,44.72758],[-93.459675,44.727625],[-93.45977,44.732202],[-93.465302,44.732149]]],[[[-93.474888,44.737642],[-93.474884,44.735718],[-93.469745,44.735716],[-93.469735,44.739312],[-93.474888,44.737642]]]]},"properties":{"GEOID":"3680R","TRIBE_NAME":"ShakopeeMdewakantonSiouxCommunityofMinnesota"}},{"type":"Feature","id":16,"geometry":{"type":"MultiPolygon","coordinates":[[[[-116.626417,33.020662],[-116.626372,33.016782],[-116.617834,33.016806],[-116.61773,33.020642],[-116.626417,33.020662]]],[[[-116.65171,33.01331],[-116.647545,32.999383],[-116.634547,32.999083],[-116.638968,33.020696],[-116.65171,33.01331]]]]},"properties":{"GEOID":"1560R","TRIBE_NAME":"InajaBandofDieguenoMissionIndiansoftheInajaandCosmitReservation,California"}},{"type":"Feature","id":17,"geometry":{"type":"Polygon","coordinates":[[[-106.400637,35.472752],[-106.400646,35.471099],[-106.342541,35.470824],[-106.342686,35.476482],[-106.400637,35.472752]]]},"properties":{"GEOID":"4940R","TRIBE_NAME":"PuebloofSanFelipe,NewMexico"}},{"type":"Feature","id":18,"geometry":{"type":"Polygon","coordinates":[[[-106.400637,35.472752],[-106.400646,35.471099],[-106.342541,35.470824],[-106.342686,35.476482],[-106.400637,35.472752]]]},"properties":{"GEOID":"4940R","TRIBE_NAME":"PuebloofSanFelipe,NewMexico"}},{"type":"Feature","id":19,"geometry":{"type":"Polygon","coordinates":[[[-121.525772,39.467345],[-121.521527,39.465676],[-121.513966,39.466447],[-121.514096,39.467769],[-121.525772,39.467345]]]},"properties":{"GEOID":"2340R","TRIBE_NAME":"MooretownRancheriaofMaiduIndiansofCalifornia"}},{"type":"Feature","id":20,"geometry":{"type":"Polygon","coordinates":[[[-97.954585,42.615387],[-97.720478,42.611947],[-97.720692,42.847324],[-97.828582,42.868809],[-97.87554,42.858663],[-97.890332,42.815045],[-97.953522,42.768979],[-97.954585,42.615387]]]},"properties":{"GEOID":"3565R","TRIBE_NAME":"SanteeSiouxNation,Nebraska"}},{"type":"Feature","id":21,"geometry":{"type":"MultiPolygon","coordinates":[[[[-111.71665,33.498184],[-111.684048,33.499894],[-111.684119,33.503821],[-111.696513,33.509338],[-111.71665,33.498184]]],[[[-111.909656,33.436836],[-111.874581,33.436823],[-111.82643,33.469831],[-111.787295,33.466408],[-111.787489,33.484538],[-111.728152,33.486721],[-111.715121,33.502144],[-111.693244,33.515446],[-111.69323,33.519136],[-111.675708,33.518264],[-111.669706,33.543957],[-111.643265,33.550357],[-111.639881,33.574125],[-111.709358,33.564082],[-111.770118,33.567913],[-111.784744,33.581572],[-111.798952,33.567909],[-111.891332,33.56798],[-111.891961,33.454957],[-111.909656,33.436836]]]]},"properties":{"GEOID":"3340R","TRIBE_NAME":"SaltRiverPima-MaricopaIndianCommunityoftheSaltRiverReservation,Arizona"}},{"type":"Feature","id":22,"geometry":{"type":"Polygon","coordinates":[[[-121.320055,38.841796],[-121.320054,38.838988],[-121.30923,38.839027],[-121.310319,38.841756],[-121.320055,38.841796]]]},"properties":{"GEOID":"0120R","TRIBE_NAME":"UnitedAuburnIndianCommunityoftheAuburnRancheriaofCalifornia"}},{"type":"Feature","id":23,"geometry":{"type":"Polygon","coordinates":[[[-116.714447,33.617098],[-116.705586,33.603063],[-116.679611,33.596164],[-116.679794,33.603297],[-116.714447,33.617098]]]},"properties":{"GEOID":"3070R","TRIBE_NAME":"RamonaBandofCahuilla,California"}},{"type":"Feature","id":24,"geometry":{"type":"MultiPolygon","coordinates":[[[[-105.593805,36.404156],[-105.499915,36.401032],[-105.487729,36.416721],[-105.468612,36.402743],[-105.387319,36.399372],[-105.352009,36.421069],[-105.357153,36.451545],[-105.318728,36.491699],[-105.37771,36.552301],[-105.403391,36.548018],[-105.413423,36.529121],[-105.415603,36.548981],[-105.445642,36.548457],[-105.455966,36.530797],[-105.565752,36.517705],[-105.593372,36.498334],[-105.593805,36.404156]]],[[[-105.670918,36.514861],[-105.673237,36.514986],[-105.610057,36.459862],[-105.630843,36.523612],[-105.670918,36.514861]]],[[[-105.73302,36.475046],[-105.717468,36.417269],[-105.728481,36.337593],[-105.661187,36.381442],[-105.662877,36.393806],[-105.635739,36.392852],[-105.634358,36.410944],[-105.725602,36.489775],[-105.73302,36.475046]]]]},"properties":{"GEOID":"4140R","TRIBE_NAME":"PuebloofTaos,NewMexico"}},{"type":"Feature","id":25,"geometry":{"type":"MultiPolygon","coordinates":[[[[-83.388095,35.466485],[-83.365753,35.445905],[-83.333518,35.471078],[-83.330316,35.459045],[-83.306812,35.466866],[-83.237547,35.438568],[-83.156222,35.496169],[-83.236233,35.526246],[-83.255263,35.513579],[-83.300391,35.50674],[-83.287639,35.522766],[-83.273391,35.511853],[-83.234556,35.530325],[-83.17335,35.512266],[-83.257347,35.59386],[-83.305142,35.559343],[-83.28526,35.538941],[-83.302124,35.511763],[-83.301012,35.507166],[-83.297033,35.501929],[-83.347722,35.508966],[-83.388095,35.466485]],[[-83.372522,35.465028],[-83.369693,35.467399],[-83.36737,35.465581],[-83.372498,35.464269],[-83.372522,35.465028]],[[-83.313558,35.496967],[-83.313342,35.497913],[-83.313147,35.497997],[-83.313024,35.496507],[-83.313558,35.496967]],[[-83.287705,35.549206],[-83.28565,35.553007],[-83.281257,35.551399],[-83.283642,35.547261],[-83.287705,35.549206]]],[[[-83.39305,35.444425],[-83.384765,35.436524],[-83.377749,35.437369],[-83.389452,35.447377],[-83.39305,35.444425]]],[[[-83.399278,35.45674],[-83.392752,35.453477],[-83.385497,35.462858],[-83.389597,35.464342],[-83.387533,35.468017],[-83.386182,35.468835],[-83.38628,35.469286],[-83.399278,35.45674]]],[[[-83.409737,35.436433],[-83.407592,35.427779],[-83.399859,35.446881],[-83.409247,35.439096],[-83.409737,35.436433]]],[[[-83.442163,35.399147],[-83.430174,35.384625],[-83.404766,35.3852],[-83.39232,35.405908],[-83.374619,35.399282],[-83.369452,35.43205],[-83.383921,35.435578],[-83.404556,35.421315],[-83.410729,35.426571],[-83.407198,35.415038],[-83.394854,35.413114],[-83.413046,35.410152],[-83.417609,35.394292],[-83.428922,35.409709],[-83.442163,35.399147]],[[-83.409914,35.400612],[-83.407924,35.405579],[-83.404599,35.404891],[-83.406319,35.400341],[-83.409914,35.400612]],[[-83.388122,35.412329],[-83.377636,35.416456],[-83.376936,35.415321],[-83.384853,35.406763],[-83.388122,35.412329]],[[-83.387752,35.427082],[-83.383379,35.433631],[-83.380184,35.433003],[-83.381663,35.42584],[-83.387752,35.427082]]],[[[-83.723035,35.365656],[-83.716355,35.364082],[-83.716306,35.37184],[-83.723,35.371942],[-83.723035,35.365656]]],[[[-83.780387,35.309022],[-83.780262,35.306088],[-83.775055,35.305944],[-83.774834,35.311159],[-83.780387,35.309022]]],[[[-83.788001,35.358116],[-83.787564,35.350657],[-83.774475,35.351421],[-83.775032,35.358904],[-83.788001,35.358116]]],[[[-83.799538,35.343298],[-83.792184,35.342476],[-83.791985,35.34743],[-83.799409,35.347551],[-83.799538,35.343298]]],[[[-83.809414,35.320043],[-83.809435,35.320017],[-83.808064,35.319782],[-83.80845,35.320984],[-83.809414,35.320043]]],[[[-83.8275,35.347788],[-83.814927,35.346447],[-83.814832,35.351546],[-83.827317,35.35167],[-83.8275,35.347788]]],[[[-83.840341,35.318838],[-83.83454,35.3088],[-83.826696,35.325335],[-83.840237,35.325698],[-83.840341,35.318838]]],[[[-83.846621,35.297357],[-83.846718,35.293228],[-83.837358,35.293049],[-83.837304,35.297214],[-83.846621,35.297357]]],[[[-83.851889,35.227468],[-83.850709,35.222304],[-83.83386,35.223515],[-83.835696,35.229042],[-83.851889,35.227468]]],[[[-83.862186,35.212319],[-83.856889,35.207771],[-83.856189,35.21593],[-83.861776,35.216257],[-83.862186,35.212319]]],[[[-83.862912,35.277927],[-83.858234,35.276128],[-83.861234,35.294027],[-83.86238,35.28312],[-83.862912,35.277927]]],[[[-83.871617,35.317563],[-83.864478,35.316101],[-83.861204,35.320369],[-83.868804,35.321399],[-83.871617,35.317563]]],[[[-83.877803,35.325719],[-83.875292,35.322399],[-83.866639,35.325369],[-83.869458,35.328473],[-83.877803,35.325719]]],[[[-83.877421,35.317367],[-83.878769,35.314971],[-83.874661,35.311561],[-83.872939,35.315301],[-83.877421,35.317367]]],[[[-83.878788,35.307401],[-83.878784,35.306442],[-83.876311,35.307121],[-83.877508,35.308452],[-83.878788,35.307401]]],[[[-83.878791,35.303801],[-83.875376,35.296171],[-83.865308,35.294801],[-83.873244,35.305559],[-83.878791,35.303801]]],[[[-83.88181,35.279122],[-83.882488,35.278664],[-83.867104,35.265603],[-83.867974,35.27872],[-83.88181,35.279122]]],[[[-83.884122,35.28845],[-83.879447,35.286658],[-83.878864,35.29223],[-83.883385,35.292371],[-83.884122,35.28845]]],[[[-83.885404,35.296383],[-83.881372,35.293245],[-83.880377,35.292982],[-83.879671,35.296471],[-83.885404,35.296383]]],[[[-83.900743,35.333471],[-83.892226,35.333079],[-83.884429,35.338283],[-83.900427,35.340812],[-83.900743,35.333471]]],[[[-83.90952,35.160391],[-83.900673,35.146659],[-83.894602,35.146035],[-83.897294,35.166777],[-83.90952,35.160391]]],[[[-83.919107,35.202374],[-83.912084,35.201623],[-83.911696,35.206345],[-83.91868,35.207002],[-83.919107,35.202374]]],[[[-83.927691,35.19965],[-83.919396,35.199034],[-83.919111,35.202328],[-83.927263,35.202935],[-83.927691,35.19965]]],[[[-83.940569,35.196283],[-83.936795,35.183623],[-83.92049,35.187169],[-83.929196,35.194548],[-83.940569,35.196283]]],[[[-83.989354,35.152878],[-83.978226,35.150855],[-83.967721,35.16638],[-83.988947,35.160132],[-83.989354,35.152878]]],[[[-83.995266,35.112877],[-83.976655,35.102771],[-83.961922,35.126898],[-83.974264,35.128106],[-83.995266,35.112877]]],[[[-84.013675,35.096424],[-84.014558,35.08744],[-84.00593,35.087007],[-84.005087,35.095963],[-84.013675,35.096424]]],[[[-84.050715,35.121318],[-84.042365,35.115096],[-84.040369,35.135051],[-84.049103,35.135533],[-84.050715,35.121318]]],[[[-84.096522,35.142219],[-84.080727,35.117613],[-84.057738,35.108797],[-84.054313,35.139728],[-84.059509,35.144783],[-84.067118,35.13597],[-84.072756,35.145726],[-84.092547,35.147081],[-84.096522,35.142219]],[[-84.090381,35.139228],[-84.087334,35.143908],[-84.083499,35.145223],[-84.086653,35.140396],[-84.090381,35.139228]],[[-84.067628,35.128444],[-84.063275,35.130586],[-84.05778,35.123611],[-84.062309,35.121835],[-84.067628,35.128444]],[[-84.067118,35.13597],[-84.067381,35.131689],[-84.076427,35.139729],[-84.06887,35.136654],[-84.067118,35.13597]]]]},"properties":{"GEOID":"0990R","TRIBE_NAME":"EasternBandofCherokeeIndians"}},{"type":"Feature","id":26,"geometry":{"type":"Polygon","coordinates":[[[-107.423813,32.242631],[-107.42387,32.240181],[-107.418491,32.241274],[-107.418494,32.242621],[-107.423813,32.242631]]]},"properties":{"GEOID":"1270R","TRIBE_NAME":"FortSillApacheTribeofOklahoma"}},{"type":"Feature","id":27,"geometry":{"type":"Polygon","coordinates":[[[-119.172488,38.980301],[-119.169163,38.97945],[-119.169769,38.982969],[-119.172482,38.982089],[-119.172488,38.980301]]]},"properties":{"GEOID":"4725R","TRIBE_NAME":"YeringtonPaiuteTribeoftheYeringtonColony&CampbellRanch,Nevada"}},{"type":"Feature","id":28,"geometry":{"type":"Polygon","coordinates":[[[-118.378519,48.003488],[-118.348754,47.971788],[-118.356103,47.929323],[-118.340952,47.894322],[-118.255665,47.938653],[-118.212546,47.940463],[-118.126099,47.860049],[-118.125014,47.832735],[-118.098457,47.827871],[-118.062002,47.7909],[-118.012708,47.804574],[-117.989763,47.834349],[-117.935341,47.822686],[-117.867043,47.844622],[-117.852499,47.902539],[-117.783359,47.924224],[-117.785119,47.946794],[-117.756042,47.991719],[-117.725582,47.996959],[-118.378519,48.003488]]]},"properties":{"GEOID":"3940R","TRIBE_NAME":"SpokaneTribeoftheSpokaneReservation"}},{"type":"Feature","id":29,"geometry":{"type":"MultiPolygon","coordinates":[[[[-80.899021,34.902594],[-80.879561,34.89536],[-80.867683,34.914386],[-80.878904,34.915749],[-80.899021,34.902594]]],[[[-80.921407,34.934036],[-80.90974,34.933821],[-80.905158,34.946211],[-80.911121,34.9476],[-80.921407,34.934036]]]]},"properties":{"GEOID":"0525R","TRIBE_NAME":"CatawbaIndianNation"}},{"type":"Feature","id":30,"geometry":{"type":"MultiPolygon","coordinates":[[[[-121.281132,42.444013],[-121.28108,42.441847],[-121.271295,42.441781],[-121.271293,42.444133],[-121.281132,42.444013]]],[[[-121.339897,42.42792],[-121.333859,42.423481],[-121.331559,42.423915],[-121.334279,42.430265],[-121.339897,42.42792]]],[[[-121.4771,42.419063],[-121.475996,42.418994],[-121.476097,42.419575],[-121.476347,42.419446],[-121.4771,42.419063]]],[[[-121.785765,42.238901],[-121.785742,42.238763],[-121.78519,42.238757],[-121.78519,42.2389],[-121.785765,42.238901]]],[[[-121.814032,42.610711],[-121.813972,42.602123],[-121.813258,42.602111],[-121.808972,42.606863],[-121.814032,42.610711]]],[[[-121.859648,42.574901],[-121.859652,42.574097],[-121.857026,42.574104],[-121.857026,42.575432],[-121.859648,42.574901]]],[[[-121.862202,42.576646],[-121.862167,42.57643],[-121.861973,42.57643],[-121.861955,42.576646],[-121.862202,42.576646]]],[[[-121.863729,42.573499],[-121.863265,42.572508],[-121.862074,42.573087],[-121.862258,42.573614],[-121.863729,42.573499]]],[[[-121.867071,42.580091],[-121.866634,42.579876],[-121.866489,42.58009],[-121.866947,42.580256],[-121.867071,42.580091]]],[[[-121.87712,42.573517],[-121.873172,42.573089],[-121.872021,42.575583],[-121.874042,42.575655],[-121.87712,42.573517]]],[[[-121.888361,42.533491],[-121.885921,42.528698],[-121.878319,42.534775],[-121.886594,42.537298],[-121.888361,42.533491]]],[[[-121.889932,42.547361],[-121.88482,42.545728],[-121.884378,42.55039],[-121.887018,42.550402],[-121.889932,42.547361]]]]},"properties":{"GEOID":"1785R","TRIBE_NAME":"KlamathTribes"}},{"type":"Feature","id":31,"geometry":{"type":"Polygon","coordinates":[[[-122.696709,47.040595],[-122.6714,46.99994],[-122.625333,46.99594],[-122.625685,47.033783],[-122.696709,47.040595]]]},"properties":{"GEOID":"2460R","TRIBE_NAME":"NisquallyIndianTribe"}},{"type":"Feature","id":32,"geometry":{"type":"MultiPolygon","coordinates":[[[[-123.186293,47.359594],[-123.185888,47.315543],[-123.170201,47.307321],[-123.1413,47.309979],[-123.114363,47.336881],[-123.159232,47.353755],[-123.15061,47.373895],[-123.186293,47.359594]]],[[[-123.248062,47.476366],[-123.225077,47.465364],[-123.21406,47.472664],[-123.217254,47.457166],[-123.209563,47.46497],[-123.210467,47.476793],[-123.248062,47.476366]]]]},"properties":{"GEOID":"3825R","TRIBE_NAME":"SkokomishIndianTribe"}},{"type":"Feature","id":33,"geometry":{"type":"MultiPolygon","coordinates":[[[[-106.628287,35.675662],[-106.463583,35.674835],[-106.463385,35.699972],[-106.608113,35.699987],[-106.628287,35.675662]]],[[[-106.858351,35.636067],[-106.858,35.575492],[-106.707457,35.574909],[-106.623446,35.551643],[-106.624288,35.623638],[-106.668851,35.623206],[-106.680146,35.650053],[-106.858325,35.653146],[-106.858351,35.636067]]],[[[-107.001196,35.726331],[-106.991557,35.711054],[-106.851767,35.711864],[-106.856188,35.826243],[-106.974398,35.818804],[-107.001196,35.726331]]]]},"properties":{"GEOID":"1685R","TRIBE_NAME":"PuebloofJemez,NewMexico"}},{"type":"Feature","id":34,"geometry":{"type":"Polygon","coordinates":[[[-109.474282,43.49161],[-109.459921,43.441995],[-109.458183,42.976807],[-109.397769,42.939204],[-109.370353,42.94558],[-109.325785,42.868786],[-108.886173,42.868704],[-108.830383,42.892363],[-108.782254,42.879352],[-108.765061,42.891363],[-108.732488,42.888683],[-108.699463,42.853896],[-108.683829,42.870806],[-108.621662,42.878885],[-108.596908,42.906225],[-108.154281,42.905097],[-108.156245,43.579249],[-108.3549,43.579216],[-108.354222,43.687635],[-108.420469,43.686058],[-108.580677,43.731962],[-108.62477,43.714129],[-108.698629,43.716131],[-108.765773,43.671168],[-108.858459,43.667055],[-108.937931,43.626957],[-108.987318,43.623839],[-109.048407,43.636041],[-109.110798,43.684618],[-109.18154,43.70284],[-109.235836,43.762268],[-109.369175,43.678286],[-109.363411,43.650874],[-109.383321,43.620681],[-109.450606,43.586186],[-109.474282,43.49161]]]},"properties":{"GEOID":"4610R","TRIBE_NAME":"NorthernArapahoTribeoftheWindRiverReservation,Wyoming"}},{"type":"Feature","id":35,"geometry":{"type":"Polygon","coordinates":[[[-109.474282,43.49161],[-109.459921,43.441995],[-109.458183,42.976807],[-109.397769,42.939204],[-109.370353,42.94558],[-109.325785,42.868786],[-108.886173,42.868704],[-108.830383,42.892363],[-108.782254,42.879352],[-108.765061,42.891363],[-108.732488,42.888683],[-108.699463,42.853896],[-108.683829,42.870806],[-108.621662,42.878885],[-108.596908,42.906225],[-108.154281,42.905097],[-108.156245,43.579249],[-108.3549,43.579216],[-108.354222,43.687635],[-108.420469,43.686058],[-108.580677,43.731962],[-108.62477,43.714129],[-108.698629,43.716131],[-108.765773,43.671168],[-108.858459,43.667055],[-108.937931,43.626957],[-108.987318,43.623839],[-109.048407,43.636041],[-109.110798,43.684618],[-109.18154,43.70284],[-109.235836,43.762268],[-109.369175,43.678286],[-109.363411,43.650874],[-109.383321,43.620681],[-109.450606,43.586186],[-109.474282,43.49161]]]},"properties":{"GEOID":"4610R","TRIBE_NAME":"EasternShoshoneTribeoftheWindRiverReservation,Wyoming"}},{"type":"Feature","id":36,"geometry":{"type":"Polygon","coordinates":[[[-81.135604,27.000256],[-81.102964,26.985166],[-81.079793,27.000793],[-81.020019,27.093248],[-80.966895,27.137831],[-81.03691,27.137049],[-81.036898,27.166247],[-81.069573,27.165903],[-81.069192,27.122237],[-81.119502,27.12156],[-81.118754,27.092264],[-81.135112,27.091916],[-81.13511,27.077191],[-81.118676,27.077611],[-81.118345,27.032873],[-81.134576,27.032899],[-81.135604,27.000256]],[[-81.102646,27.105075],[-81.085735,27.10679],[-81.085674,27.092416],[-81.102448,27.092497],[-81.102646,27.105075]]]},"properties":{"GEOID":"0360R","TRIBE_NAME":"SeminoleTribeofFlorida"}},{"type":"Feature","id":37,"geometry":{"type":"Polygon","coordinates":[[[-124.038139,46.719378],[-124.027526,46.710649],[-124.014102,46.732329],[-124.035638,46.732438],[-124.038139,46.719378]]]},"properties":{"GEOID":"3780R","TRIBE_NAME":"ShoalwaterBayIndianTribeoftheShoalwaterBayIndianReservation"}},{"type":"Feature","id":38,"geometry":{"type":"MultiPolygon","coordinates":[[[[-123.576646,45.073722],[-123.561452,45.06913],[-123.561202,45.080115],[-123.568872,45.079977],[-123.576646,45.073722]]],[[[-123.589422,45.049038],[-123.576792,45.043678],[-123.577229,45.059523],[-123.583425,45.069018],[-123.589422,45.049038]],[[-123.581531,45.057215],[-123.57878,45.058474],[-123.578258,45.057348],[-123.581324,45.056673],[-123.581531,45.057215]]],[[[-123.601642,45.083673],[-123.601625,45.080053],[-123.596881,45.079816],[-123.596851,45.083698],[-123.601642,45.083673]]],[[[-123.611885,45.059637],[-123.609348,45.059817],[-123.60934,45.06004],[-123.611882,45.060297],[-123.611885,45.059637]]],[[[-123.612124,45.177237],[-123.612079,45.173595],[-123.606402,45.173643],[-123.606493,45.177292],[-123.612124,45.177237]]],[[[-123.612862,45.071962],[-123.612863,45.071515],[-123.611879,45.071511],[-123.61187,45.07196],[-123.612862,45.071962]]],[[[-123.619668,45.057948],[-123.61957,45.056319],[-123.618318,45.055975],[-123.618326,45.058285],[-123.619668,45.057948]]],[[[-123.622223,45.073313],[-123.604113,45.072762],[-123.622073,45.060481],[-123.594488,45.067286],[-123.607016,45.087248],[-123.622223,45.073313]]],[[[-123.729687,45.151862],[-123.708336,45.145021],[-123.708384,45.130594],[-123.60648,45.130573],[-123.586077,45.137751],[-123.586039,45.187933],[-123.606296,45.195149],[-123.596096,45.173598],[-123.616829,45.159155],[-123.667741,45.173459],[-123.667785,45.159154],[-123.729687,45.151862]]]]},"properties":{"GEOID":"1365R","TRIBE_NAME":"ConfederatedTribesoftheGrandRondeCommunityofOregon"}},{"type":"Feature","id":39,"geometry":{"type":"Polygon","coordinates":[[[-96.823321,42.178831],[-96.823118,42.160819],[-96.553893,42.161011],[-96.554187,42.191371],[-96.347214,42.191335],[-96.358154,42.214093],[-96.326969,42.227241],[-96.309596,42.218506],[-96.309325,42.236108],[-96.326431,42.236563],[-96.356403,42.276501],[-96.822297,42.27814],[-96.823321,42.178831]]]},"properties":{"GEOID":"4625R","TRIBE_NAME":"WinnebagoTribeofNebraska"}},{"type":"Feature","id":40,"geometry":{"type":"Polygon","coordinates":[[[-123.259726,46.828052],[-123.167592,46.79845],[-123.139284,46.80682],[-123.13932,46.821996],[-123.202917,46.822692],[-123.223935,46.836682],[-123.259726,46.828052]]]},"properties":{"GEOID":"0575R","TRIBE_NAME":"ConfederatedTribesoftheChehalisReservation"}},{"type":"Feature","id":41,"geometry":{"type":"Polygon","coordinates":[[[-120.738755,38.38582],[-120.722098,38.384285],[-120.708196,38.380404],[-120.716197,38.387556],[-120.738755,38.38582]]]},"properties":{"GEOID":"1640R","TRIBE_NAME":"JacksonBandofMiwukIndians"}},{"type":"Feature","id":42,"geometry":{"type":"Polygon","coordinates":[[[-103.001026,43.600812],[-103.000619,43.000758],[-102.575986,42.999852],[-102.575965,42.987366],[-102.556195,42.987424],[-102.556089,42.999808],[-101.228023,42.998143],[-101.227372,43.791306],[-101.258832,43.796249],[-101.252361,43.784623],[-101.266991,43.793695],[-101.271587,43.780516],[-101.305008,43.778291],[-101.321531,43.789479],[-101.331909,43.777816],[-101.378085,43.79641],[-101.507867,43.73922],[-101.531159,43.753514],[-101.555226,43.750292],[-101.547394,43.741754],[-101.615946,43.749376],[-101.622148,43.731428],[-101.640633,43.741393],[-101.655183,43.708456],[-101.727439,43.688154],[-101.775286,43.695184],[-101.763486,43.703156],[-101.777828,43.707263],[-101.89113,43.683946],[-101.912417,43.696891],[-101.925746,43.6877],[-101.946235,43.707594],[-101.97529,43.69456],[-101.977363,43.706922],[-102.024465,43.713415],[-102.033647,43.689049],[-102.0989,43.685188],[-102.116307,43.712833],[-102.178733,43.687303],[-102.809408,43.687567],[-102.829558,43.65701],[-102.910125,43.674229],[-102.932576,43.618713],[-102.976795,43.618532],[-103.001026,43.600812]]]},"properties":{"GEOID":"2810R","TRIBE_NAME":"OglalaSiouxTribe"}},{"type":"Feature","id":43,"geometry":{"type":"Polygon","coordinates":[[[-116.616538,33.330843],[-116.614946,33.277453],[-116.588556,33.270664],[-116.603954,33.267239],[-116.568451,33.238629],[-116.550676,33.238808],[-116.55074,33.252785],[-116.500866,33.252389],[-116.501426,33.341154],[-116.616458,33.3418],[-116.616538,33.330843]],[[-116.602177,33.281126],[-116.597475,33.294749],[-116.588999,33.294728],[-116.598475,33.28108],[-116.602177,33.281126]],[[-116.525919,33.263396],[-116.52584,33.267156],[-116.517566,33.266939],[-116.517653,33.263308],[-116.525919,33.263396]],[[-116.520341,33.306905],[-116.519367,33.306925],[-116.519338,33.306056],[-116.520331,33.306189],[-116.520341,33.306905]]]},"properties":{"GEOID":"1995R","TRIBE_NAME":"LosCoyotesBandofCahuillaandCupenoIndians,California"}},{"type":"Feature","id":44,"geometry":{"type":"Polygon","coordinates":[[[-119.767461,36.238075],[-119.767461,36.232496],[-119.744509,36.232453],[-119.744537,36.240274],[-119.767461,36.238075]]]},"properties":{"GEOID":"3520R","TRIBE_NAME":"SantaRosaIndianCommunityoftheSantaRosaRancheria,California"}},{"type":"Feature","id":45,"geometry":{"type":"Polygon","coordinates":[[[-124.254284,40.695309],[-124.254281,40.686921],[-124.249923,40.686876],[-124.249934,40.69348],[-124.254284,40.695309]]]},"properties":{"GEOID":"4095R","TRIBE_NAME":"WiyotTribe,California"}},{"type":"Feature","id":46,"geometry":{"type":"Polygon","coordinates":[[[-116.788012,33.527804],[-116.787798,33.499704],[-116.744398,33.490308],[-116.63171,33.498935],[-116.631352,33.540451],[-116.736004,33.540699],[-116.735998,33.562632],[-116.753314,33.562531],[-116.753354,33.540738],[-116.788009,33.540921],[-116.788012,33.527804]]]},"properties":{"GEOID":"0435R","TRIBE_NAME":"CahuillaBandofIndians"}},{"type":"Feature","id":47,"geometry":{"type":"Polygon","coordinates":[[[-119.088062,41.524407],[-119.066849,41.509315],[-119.088105,41.503945],[-119.087888,41.48228],[-119.028839,41.475083],[-119.029002,41.534791],[-119.008863,41.534359],[-119.007796,41.56403],[-119.086813,41.564014],[-119.088062,41.524407]]]},"properties":{"GEOID":"4045R","TRIBE_NAME":"SummitLakePaiuteTribeofNevada"}},{"type":"Feature","id":48,"geometry":{"type":"MultiPolygon","coordinates":[[[[-88.791701,44.895904],[-88.791616,44.892216],[-88.786652,44.892202],[-88.786702,44.895864],[-88.791701,44.895904]]],[[[-88.796778,44.906818],[-88.796769,44.899559],[-88.786758,44.899526],[-88.786728,44.906756],[-88.796778,44.906818]]],[[[-88.832911,44.877886],[-88.832878,44.874292],[-88.827714,44.874375],[-88.827681,44.877952],[-88.832911,44.877886]]],[[[-88.859901,44.913874],[-88.859777,44.913611],[-88.859742,44.913575],[-88.859742,44.913877],[-88.859901,44.913874]]],[[[-88.930423,44.867202],[-88.915126,44.867214],[-88.91507,44.870106],[-88.9304,44.870062],[-88.930423,44.867202]]],[[[-88.946154,44.927898],[-88.945638,44.891829],[-88.925288,44.873689],[-88.905003,44.877266],[-88.920099,44.884499],[-88.889895,44.87371],[-88.879919,44.891828],[-88.879875,44.877462],[-88.853845,44.870492],[-88.864784,44.921047],[-88.854273,44.90673],[-88.843512,44.914133],[-88.85418,44.899545],[-88.806949,44.899679],[-88.801748,44.928618],[-88.837559,44.935986],[-88.796648,44.943228],[-88.940493,44.942979],[-88.946154,44.927898]],[[-88.930496,44.899124],[-88.930543,44.902597],[-88.925449,44.90256],[-88.925417,44.899116],[-88.930496,44.899124]],[[-88.925624,44.913837],[-88.925708,44.920533],[-88.915582,44.920477],[-88.915581,44.913588],[-88.925624,44.913837]],[[-88.905423,44.920468],[-88.905392,44.927987],[-88.890263,44.928023],[-88.89022,44.924313],[-88.905423,44.920468]],[[-88.880229,44.913629],[-88.880218,44.920906],[-88.869916,44.917371],[-88.869947,44.913756],[-88.880229,44.913629]],[[-88.838109,44.914219],[-88.837947,44.921526],[-88.832815,44.921481],[-88.83294,44.914224],[-88.838109,44.914219]],[[-88.817285,44.907067],[-88.817356,44.910643],[-88.812177,44.91058],[-88.812104,44.906959],[-88.817285,44.907067]],[[-88.864784,44.921047],[-88.869946,44.920993],[-88.86979,44.928223],[-88.864628,44.928285],[-88.864784,44.921047]],[[-88.900069,44.884489],[-88.900099,44.891828],[-88.895014,44.891833],[-88.894981,44.884519],[-88.900069,44.884489]],[[-88.86979,44.928223],[-88.880209,44.928099],[-88.880318,44.93595],[-88.86948,44.935628],[-88.86979,44.928223]]]]},"properties":{"GEOID":"4015R","TRIBE_NAME":"StockbridgeMunseeCommunity,Wisconsin"}},{"type":"Feature","id":49,"geometry":{"type":"MultiPolygon","coordinates":[[[[-71.988613,41.470321],[-71.979277,41.472186],[-71.978854,41.475342],[-71.988576,41.474615],[-71.988613,41.470321]]],[[[-71.989872,41.466055],[-71.987867,41.466706],[-71.987959,41.467766],[-71.989443,41.467341],[-71.989872,41.466055]]],[[[-71.990045,41.465303],[-71.989269,41.458542],[-71.987407,41.454054],[-71.986275,41.452624],[-71.975417,41.450646],[-71.951608,41.47017],[-71.97391,41.48499],[-71.962359,41.472274],[-71.990045,41.465303]],[[-71.986238,41.4583],[-71.98556,41.459871],[-71.983441,41.459952],[-71.983856,41.458363],[-71.986238,41.4583]],[[-71.986085,41.460924],[-71.985309,41.461072],[-71.985207,41.460554],[-71.986032,41.460651],[-71.986085,41.460924]],[[-71.956332,41.465458],[-71.956254,41.465829],[-71.955638,41.465693],[-71.955721,41.46533],[-71.956332,41.465458]]],[[[-71.99413,41.464418],[-71.993623,41.462809],[-71.989836,41.462949],[-71.990173,41.464866],[-71.99413,41.464418]]],[[[-71.995337,41.466314],[-71.992908,41.465321],[-71.991256,41.465984],[-71.995278,41.46735],[-71.995337,41.466314]]],[[[-71.997834,41.467044],[-71.997106,41.466455],[-71.995783,41.466563],[-71.99585,41.467042],[-71.997834,41.467044]]],[[[-71.997981,41.467942],[-71.997594,41.467232],[-71.997117,41.467463],[-71.997499,41.468281],[-71.997981,41.467942]]],[[[-71.999181,41.46908],[-71.990131,41.465973],[-71.989034,41.469385],[-71.992968,41.473799],[-71.999181,41.46908]]]]},"properties":{"GEOID":"2145R","TRIBE_NAME":"MashantucketPequotIndianTribe"}},{"type":"Feature","id":50,"geometry":{"type":"Polygon","coordinates":[[[-89.020164,45.491263],[-88.98449,45.479561],[-88.963862,45.483323],[-88.958736,45.497486],[-89.020164,45.491263]],[[-88.970641,45.488415],[-88.970191,45.489783],[-88.966168,45.487597],[-88.968183,45.48697],[-88.970641,45.488415]]]},"properties":{"GEOID":"3885R","TRIBE_NAME":"SokaogonChippewaCommunity,Wisconsin"}},{"type":"Feature","id":51,"geometry":{"type":"MultiPolygon","coordinates":[[[[-89.168705,44.853001],[-89.168696,44.852114],[-89.163521,44.852053],[-89.16357,44.852939],[-89.168705,44.853001]]],[[[-89.272709,43.040039],[-89.271932,43.038647],[-89.271021,43.039634],[-89.272252,43.040418],[-89.272709,43.040039]]],[[[-89.76314,43.543267],[-89.76311,43.539665],[-89.758241,43.539643],[-89.761642,43.546879],[-89.76314,43.543267]]],[[[-89.768688,43.371405],[-89.741435,43.360103],[-89.735453,43.379215],[-89.76808,43.38518],[-89.768688,43.371405]],[[-89.766008,43.378719],[-89.766019,43.378814],[-89.765888,43.378823],[-89.765877,43.378727],[-89.766008,43.378719]],[[-89.746429,43.379395],[-89.746423,43.380241],[-89.745088,43.380242],[-89.745101,43.379394],[-89.746429,43.379395]]],[[[-89.777857,43.528806],[-89.777857,43.527046],[-89.774876,43.527025],[-89.774868,43.528811],[-89.777857,43.528806]]],[[[-89.828175,43.676526],[-89.816305,43.666482],[-89.811934,43.666475],[-89.816143,43.66661],[-89.828175,43.676526]]],[[[-89.880815,43.611592],[-89.879749,43.605462],[-89.877606,43.605448],[-89.877829,43.612608],[-89.880815,43.611592]]],[[[-89.967592,44.281486],[-89.967566,44.278157],[-89.962526,44.278216],[-89.962543,44.28152],[-89.967592,44.281486]]],[[[-90.027591,44.365464],[-90.02663,44.361888],[-90.025773,44.361892],[-90.025069,44.365474],[-90.027591,44.365464]]],[[[-90.427973,44.037186],[-90.42657,44.033728],[-90.422884,44.033763],[-90.422936,44.037066],[-90.427973,44.037186]]],[[[-90.437282,44.03017],[-90.437234,44.026672],[-90.434685,44.0267],[-90.43476,44.030262],[-90.437282,44.03017]]],[[[-90.690569,44.286526],[-90.69062,44.283845],[-90.685525,44.283956],[-90.685539,44.287558],[-90.690569,44.286526]]],[[[-90.738722,44.336593],[-90.738685,44.334785],[-90.736152,44.33481],[-90.736174,44.336612],[-90.738722,44.336593]]],[[[-90.751489,44.356814],[-90.751506,44.356267],[-90.746537,44.356349],[-90.746541,44.357287],[-90.751489,44.356814]]],[[[-90.761854,44.353115],[-90.761569,44.342014],[-90.751431,44.341965],[-90.751506,44.356267],[-90.761854,44.353115]],[[-90.760326,44.346334],[-90.760345,44.347769],[-90.756729,44.347794],[-90.756687,44.345631],[-90.760326,44.346334]]],[[[-90.771544,44.327541],[-90.761378,44.330564],[-90.761364,44.334823],[-90.771402,44.331199],[-90.771544,44.327541]]]]},"properties":{"GEOID":"1450R","TRIBE_NAME":"Ho-ChunkNationofWisconsin"}},{"type":"Feature","id":52,"geometry":{"type":"Polygon","coordinates":[[[-117.040335,47.522448],[-117.039766,47.127275],[-116.971181,47.119971],[-116.977458,47.089127],[-116.955057,47.068828],[-116.896205,47.077902],[-116.827897,47.043105],[-116.451988,47.449517],[-116.799369,47.445809],[-116.800339,47.459606],[-116.866371,47.459115],[-116.895101,47.476777],[-116.93978,47.461661],[-116.91425,47.48856],[-116.87639,47.486373],[-116.905156,47.508916],[-116.868251,47.503269],[-116.849325,47.522732],[-117.040335,47.522448]]]},"properties":{"GEOID":"0705R","TRIBE_NAME":"CoeurD'AleneTribe"}},{"type":"Feature","id":53,"geometry":{"type":"MultiPolygon","coordinates":[[[[-80.482282,25.760758],[-80.482277,25.760182],[-80.481678,25.760182],[-80.481678,25.760755],[-80.482282,25.760758]]],[[[-80.76916,25.762156],[-80.769239,25.761926],[-80.76717,25.761924],[-80.76725,25.762172],[-80.76916,25.762156]]],[[[-80.771619,25.762016],[-80.771629,25.761921],[-80.769788,25.761927],[-80.769982,25.762275],[-80.771619,25.762016]]],[[[-80.820247,25.762155],[-80.820229,25.761783],[-80.818197,25.761791],[-80.818165,25.762145],[-80.820247,25.762155]]],[[[-80.8569,25.760625],[-80.856852,25.757454],[-80.767877,25.759353],[-80.770857,25.760887],[-80.8569,25.760625]]],[[[-80.879718,26.259479],[-80.872561,25.998545],[-80.780716,25.998537],[-80.780823,26.173063],[-80.749633,26.173012],[-80.751516,26.259472],[-80.879718,26.259479]]]]},"properties":{"GEOID":"2240R","TRIBE_NAME":"MiccosukeeTribeofIndians"}},{"type":"Feature","id":54,"geometry":{"type":"MultiPolygon","coordinates":[[[[-122.132508,47.264725],[-122.132457,47.261407],[-122.128698,47.262539],[-122.129473,47.264749],[-122.132508,47.264725]]],[[[-122.139077,47.265725],[-122.139076,47.264879],[-122.133766,47.264732],[-122.133935,47.26654],[-122.139077,47.265725]]],[[[-122.144305,47.250408],[-122.122997,47.243162],[-122.122973,47.228343],[-122.101658,47.228253],[-122.101812,47.257388],[-122.144305,47.250408]]],[[[-122.165831,47.271981],[-122.165774,47.257553],[-122.144407,47.257526],[-122.144524,47.271978],[-122.165831,47.271981]]],[[[-122.186885,47.28641],[-122.18684,47.272021],[-122.165831,47.271981],[-122.165884,47.286369],[-122.186885,47.28641]]],[[[-122.208103,47.300913],[-122.208036,47.286505],[-122.186885,47.28641],[-122.186906,47.300933],[-122.208103,47.300913]]]]},"properties":{"GEOID":"2375R","TRIBE_NAME":"MuckleshootIndianTribe"}},{"type":"Feature","id":55,"geometry":{"type":"Polygon","coordinates":[[[-95.528919,44.763727],[-95.498397,44.745588],[-95.483352,44.745435],[-95.496928,44.771168],[-95.52878,44.770641],[-95.528919,44.763727]],[[-95.521607,44.76547],[-95.521643,44.76792],[-95.520752,44.767922],[-95.520729,44.763834],[-95.521607,44.76547]]]},"properties":{"GEOID":"4445R","TRIBE_NAME":"UpperSiouxCommunity,Minnesota"}},{"type":"Feature","id":56,"geometry":{"type":"Polygon","coordinates":[[[-124.133102,41.056684],[-124.133027,41.05277],[-124.128288,41.049918],[-124.128319,41.056563],[-124.133102,41.056684]]]},"properties":{"GEOID":"4275R","TRIBE_NAME":"Cher-AeHeightsIndianCommunityoftheTrinidadRancheria,California"}},{"type":"Feature","id":57,"geometry":{"type":"MultiPolygon","coordinates":[[[[-116.709429,33.19685],[-116.672522,33.152422],[-116.616398,33.123024],[-116.616432,33.158638],[-116.638434,33.177309],[-116.615148,33.197855],[-116.638864,33.186213],[-116.709429,33.19685]]],[[[-116.771674,33.124179],[-116.720287,33.123727],[-116.71975,33.128269],[-116.750325,33.13839],[-116.762907,33.156561],[-116.754276,33.16812],[-116.771517,33.168213],[-116.771674,33.124179]]],[[[-116.789015,33.203483],[-116.780145,33.182277],[-116.719948,33.182943],[-116.719788,33.19695],[-116.789015,33.203483]]]]},"properties":{"GEOID":"3550R","TRIBE_NAME":"IipayNationofSantaYsabel,California"}},{"type":"Feature","id":58,"geometry":{"type":"Polygon","coordinates":[[[-123.224857,39.182041],[-123.22479,39.178399],[-123.210557,39.176757],[-123.213921,39.181611],[-123.224857,39.182041]]]},"properties":{"GEOID":"2820R","TRIBE_NAME":"PinolevillePomoNation,California"}},{"type":"Feature","id":59,"geometry":{"type":"Polygon","coordinates":[[[-90.994074,46.918544],[-90.904243,46.918114],[-90.892156,46.933138],[-90.798291,46.917782],[-90.798162,46.875409],[-90.819946,46.874626],[-90.820671,46.845866],[-90.788338,46.845701],[-90.750556,46.890857],[-90.792804,46.934433],[-90.824845,46.93304],[-90.832882,46.955044],[-90.855996,46.962411],[-90.920552,46.931502],[-90.968821,46.943965],[-90.994074,46.918544]]]},"properties":{"GEOID":"3085R","TRIBE_NAME":"RedCliffBandofLakeSuperiorChippewaIndiansofWisconsin"}},{"type":"Feature","id":60,"geometry":{"type":"MultiPolygon","coordinates":[[[[-117.095996,33.448511],[-117.082841,33.430393],[-117.030763,33.430028],[-117.030843,33.466563],[-117.095996,33.448511]],[[-117.048036,33.43751],[-117.048013,33.441202],[-117.043774,33.441177],[-117.043759,33.437494],[-117.048036,33.43751]]],[[[-117.115339,33.452593],[-117.108718,33.447687],[-117.099729,33.453464],[-117.10774,33.459584],[-117.115339,33.452593]]],[[[-117.151303,33.447187],[-117.151304,33.447146],[-117.149151,33.44719],[-117.151303,33.447187]]]]},"properties":{"GEOID":"2745R","TRIBE_NAME":"PechangaBandofIndians"}},{"type":"Feature","id":61,"geometry":{"type":"Polygon","coordinates":[[[-106.276993,35.855553],[-106.225401,35.82876],[-106.182775,35.826468],[-106.158864,35.855613],[-106.07319,35.855365],[-106.062522,35.930798],[-106.166315,35.930662],[-106.166359,35.915384],[-106.196347,35.915221],[-106.196202,35.855704],[-106.276993,35.855553]]]},"properties":{"GEOID":"3415R","TRIBE_NAME":"PuebloofSanIldefonso,NewMexico"}},{"type":"Feature","id":62,"geometry":{"type":"Polygon","coordinates":[[[-112.308684,33.381035],[-112.306195,33.246926],[-112.202098,33.246866],[-112.202151,33.087028],[-111.970486,33.087574],[-111.970551,33.065376],[-111.927287,33.065547],[-111.928994,33.014183],[-111.895197,33.011864],[-111.895146,32.996019],[-111.687742,32.996146],[-111.687536,32.96705],[-111.618613,32.96726],[-111.618339,32.996314],[-111.558773,33.013174],[-111.567512,33.027611],[-111.51584,33.013483],[-111.516644,33.118257],[-111.686043,33.117664],[-111.685922,33.204642],[-111.89291,33.203331],[-111.893607,33.291153],[-112.1338,33.290265],[-112.234959,33.388975],[-112.308684,33.381035]],[[-111.961988,33.072645],[-111.961505,33.087929],[-111.944501,33.087718],[-111.944729,33.073059],[-111.961988,33.072645]],[[-111.910186,33.029136],[-111.909963,33.043973],[-111.892709,33.043787],[-111.892808,33.029391],[-111.910186,33.029136]],[[-111.601171,33.028542],[-111.60108,33.031051],[-111.592459,33.031173],[-111.592453,33.026304],[-111.601171,33.028542]]]},"properties":{"GEOID":"1310R","TRIBE_NAME":"GilaRiverIndianCommunityoftheGilaRiverIndianReservation,Arizona"}},{"type":"Feature","id":63,"geometry":{"type":"Polygon","coordinates":[[[-124.00025,40.886286],[-124.000245,40.882903],[-123.997388,40.880053],[-123.995049,40.882211],[-124.00025,40.886286]]]},"properties":{"GEOID":"0325R","TRIBE_NAME":"BlueLakeRancheria,California"}},{"type":"Feature","id":64,"geometry":{"type":"Polygon","coordinates":[[[-119.71905,38.90336],[-119.705216,38.878081],[-119.690534,38.87475],[-119.7092,38.914015],[-119.71905,38.90336]]]},"properties":{"GEOID":"0940R","TRIBE_NAME":"WashoeTribeofNevada&California(CarsonColony,DresslervilleColony,WoodfordsCommunity,StewartCommunity,&WashoeRanches)"}},{"type":"Feature","id":65,"geometry":{"type":"Polygon","coordinates":[[[-116.873702,32.703013],[-116.873754,32.702048],[-116.866838,32.703011],[-116.867129,32.703309],[-116.873702,32.703013]]]},"properties":{"GEOID":"1670R","TRIBE_NAME":"JamulIndianVillageofCalifornia"}},{"type":"Feature","id":66,"geometry":{"type":"Polygon","coordinates":[[[-120.244613,37.987751],[-120.242478,37.974067],[-120.23822,37.968145],[-120.231009,37.987662],[-120.244613,37.987751]]]},"properties":{"GEOID":"4330R","TRIBE_NAME":"TuolumneBandofMe-WukIndiansoftheTuolumneRancheriaofCalifornia"}},{"type":"Feature","id":67,"geometry":{"type":"Polygon","coordinates":[[[-119.107327,39.158079],[-119.013224,39.129122],[-119.013589,39.112605],[-118.995688,39.112783],[-118.99564,39.083936],[-118.940171,39.083944],[-118.940102,39.069674],[-118.921666,39.069646],[-118.922273,39.018479],[-118.894401,39.004226],[-118.894144,38.989359],[-118.930914,38.975154],[-118.930625,38.960849],[-118.846157,38.87372],[-118.796014,38.866517],[-118.753171,38.767859],[-118.730729,38.800328],[-118.711683,38.788161],[-118.619749,38.78821],[-118.620229,38.851716],[-118.458466,38.851673],[-118.459206,38.938215],[-118.477848,38.938235],[-118.477701,39.112767],[-118.533224,39.112252],[-118.533335,39.126943],[-118.570346,39.127281],[-118.570191,39.141946],[-118.792751,39.141553],[-118.792428,39.171402],[-118.899167,39.167023],[-118.921528,39.149274],[-119.107327,39.158079]]]},"properties":{"GEOID":"4515R","TRIBE_NAME":"WalkerRiverPaiuteTribeoftheWalkerRiverReservation,Nevada"}},{"type":"Feature","id":68,"geometry":{"type":"Polygon","coordinates":[[[-121.844656,47.516425],[-121.839163,47.517075],[-121.836813,47.521944],[-121.844509,47.521392],[-121.844656,47.516425]]]},"properties":{"GEOID":"3860R","TRIBE_NAME":"SnoqualmieIndianTribe"}},{"type":"Feature","id":69,"geometry":{"type":"MultiPolygon","coordinates":[[[[-124.587283,47.906277],[-124.574054,47.903127],[-124.570249,47.909706],[-124.582307,47.910215],[-124.587283,47.906277]]],[[[-124.65528,47.90797],[-124.618149,47.886522],[-124.605421,47.887024],[-124.612706,47.908063],[-124.584504,47.90276],[-124.627148,47.922542],[-124.65528,47.90797]]]]},"properties":{"GEOID":"3030R","TRIBE_NAME":"QuileuteTribeoftheQuileuteReservation"}},{"type":"Feature","id":70,"geometry":{"type":"MultiPolygon","coordinates":[[[[-92.101647,31.687087],[-92.101637,31.686258],[-92.100698,31.686256],[-92.10065,31.68709],[-92.101647,31.687087]]],[[[-92.15737,31.692458],[-92.155615,31.68708],[-92.152888,31.687091],[-92.155369,31.692269],[-92.15737,31.692458]]],[[[-92.190771,31.697103],[-92.190725,31.694451],[-92.186455,31.694422],[-92.186585,31.696456],[-92.190771,31.697103]]],[[[-92.222427,31.661581],[-92.222417,31.660508],[-92.221464,31.660539],[-92.221494,31.661599],[-92.222427,31.661581]]],[[[-92.480465,31.427931],[-92.480232,31.427601],[-92.479706,31.42786],[-92.479921,31.428242],[-92.480465,31.427931]]],[[[-92.500985,31.443386],[-92.500886,31.435991],[-92.484733,31.430931],[-92.487379,31.443371],[-92.500985,31.443386]]]]},"properties":{"GEOID":"1690R","TRIBE_NAME":"JenaBandofChoctawIndians"}},{"type":"Feature","id":71,"geometry":{"type":"Polygon","coordinates":[[[-100.085117,44.224968],[-100.08404,44.194709],[-100.06592,44.194875],[-100.066049,44.013969],[-99.525314,44.014224],[-99.525592,43.914467],[-99.363189,43.914783],[-99.357718,43.926805],[-99.353729,43.995336],[-99.427677,44.042803],[-99.511343,44.054997],[-99.539523,44.073337],[-99.562545,44.101526],[-99.540756,44.158517],[-99.59395,44.204052],[-99.66613,44.217352],[-99.710273,44.193204],[-99.695761,44.172382],[-99.607185,44.145261],[-99.601688,44.114496],[-99.632533,44.097902],[-99.763063,44.135244],[-99.884494,44.129589],[-99.938226,44.195202],[-99.892605,44.239241],[-99.921068,44.265867],[-100.083455,44.284754],[-100.085117,44.224968]]]},"properties":{"GEOID":"2030R","TRIBE_NAME":"LowerBruleSiouxTribeoftheLowerBruleReservation,SouthDakota"}},{"type":"Feature","id":72,"geometry":{"type":"MultiPolygon","coordinates":[[[[-92.113328,45.582212],[-92.11326,45.57859],[-92.098763,45.574828],[-92.097884,45.579737],[-92.113328,45.582212]]],[[[-92.120665,45.896995],[-92.119977,45.890939],[-92.114775,45.891045],[-92.115259,45.896622],[-92.120665,45.896995]]],[[[-92.150874,45.397187],[-92.15064,45.396605],[-92.148492,45.397485],[-92.148983,45.39816],[-92.150874,45.397187]]],[[[-92.154186,45.766388],[-92.154183,45.765487],[-92.141485,45.76558],[-92.142256,45.7691],[-92.154186,45.766388]]],[[[-92.216278,45.817871],[-92.216146,45.808839],[-92.184508,45.808729],[-92.195887,45.82719],[-92.216278,45.817871]]],[[[-92.287879,45.829055],[-92.287796,45.827078],[-92.287278,45.825499],[-92.287148,45.82844],[-92.287879,45.829055]]],[[[-92.29478,45.534738],[-92.284231,45.511924],[-92.263981,45.514995],[-92.268622,45.536663],[-92.29478,45.534738]]],[[[-92.350132,45.788435],[-92.344925,45.777209],[-92.324944,45.777097],[-92.324893,45.780589],[-92.350132,45.788435]]],[[[-92.429884,45.530468],[-92.429846,45.526816],[-92.426317,45.52681],[-92.426308,45.530478],[-92.429884,45.530468]]]]},"properties":{"GEOID":"3305R","TRIBE_NAME":"St.CroixChippewaIndiansofWisconsin"}},{"type":"Feature","id":73,"geometry":{"type":"MultiPolygon","coordinates":[[[[-115.141042,36.186561],[-115.138639,36.183791],[-115.136686,36.186503],[-115.138611,36.18654],[-115.141042,36.186561]]],[[[-115.369031,36.364418],[-115.368715,36.336741],[-115.314848,36.336248],[-115.314381,36.366157],[-115.369031,36.364418]]]]},"properties":{"GEOID":"1915R","TRIBE_NAME":"LasVegasTribeofPaiuteIndiansoftheLasVegasIndianColony,Nevada"}},{"type":"Feature","id":74,"geometry":{"type":"MultiPolygon","coordinates":[[[[-115.711917,38.898579],[-115.707246,38.892761],[-115.679037,38.891522],[-115.683865,38.897544],[-115.711917,38.898579]]],[[[-115.726857,38.960999],[-115.726756,38.912769],[-115.698068,38.902262],[-115.693353,38.938635],[-115.707341,38.927838],[-115.716288,38.938769],[-115.716685,38.957307],[-115.697995,38.950201],[-115.702489,38.968583],[-115.726857,38.960999]]]]},"properties":{"GEOID":"0975R","TRIBE_NAME":"DuckwaterShoshoneTribeoftheDuckwaterReservation,Nevada"}},{"type":"Feature","id":75,"geometry":{"type":"Polygon","coordinates":[[[-106.44247,35.612386],[-106.442152,35.598471],[-106.381421,35.569797],[-106.312655,35.570097],[-106.285357,35.547675],[-106.230889,35.547665],[-106.230986,35.675479],[-106.392777,35.675423],[-106.392109,35.638115],[-106.442306,35.63844],[-106.44247,35.612386]]]},"properties":{"GEOID":"0680R","TRIBE_NAME":"PuebloofCochiti,NewMexico"}},{"type":"Feature","id":76,"geometry":{"type":"Polygon","coordinates":[[[-124.093181,41.555092],[-124.084966,41.524374],[-124.065601,41.524224],[-124.0461,41.498167],[-124.017819,41.502556],[-123.968893,41.472588],[-123.948312,41.38452],[-123.876691,41.329786],[-123.895191,41.30699],[-123.890618,41.288452],[-123.855695,41.260775],[-123.797533,41.2565],[-123.787572,41.196047],[-123.735224,41.177341],[-123.664263,41.191048],[-123.749799,41.220415],[-123.764634,41.278835],[-123.841907,41.29382],[-123.827127,41.314074],[-123.83213,41.343334],[-123.905438,41.391505],[-123.912748,41.465669],[-123.945678,41.516753],[-123.993747,41.539218],[-124.022678,41.535397],[-124.045256,41.560476],[-124.093181,41.555092]],[[-124.027656,41.511971],[-124.027596,41.516735],[-124.003372,41.517147],[-124.003385,41.513453],[-124.027656,41.511971]]]},"properties":{"GEOID":"4760R","TRIBE_NAME":"YurokTribeoftheYurokReservation,California"}},{"type":"Feature","id":77,"geometry":{"type":"MultiPolygon","coordinates":[[[[-123.364304,39.393321],[-123.359975,39.392122],[-123.359701,39.398298],[-123.364304,39.39825],[-123.364304,39.393321]]],[[[-123.496922,39.538754],[-123.485439,39.534388],[-123.485917,39.546849],[-123.495376,39.54679],[-123.496922,39.538754]]]]},"properties":{"GEOID":"3735R","TRIBE_NAME":"SherwoodValleyRancheriaofPomoIndiansofCalifornia"}},{"type":"Feature","id":78,"geometry":{"type":"Polygon","coordinates":[[[-111.101738,32.111756],[-111.063058,32.108012],[-111.06311,32.118873],[-111.08462,32.118876],[-111.101738,32.111756]]]},"properties":{"GEOID":"2680R","TRIBE_NAME":"PascuaYaquiTribeofArizona"}},{"type":"Feature","id":79,"geometry":{"type":"Polygon","coordinates":[[[-99.920081,48.810251],[-99.657546,48.805411],[-99.657073,48.892251],[-99.919941,48.892414],[-99.920081,48.810251]]]},"properties":{"GEOID":"4345R","TRIBE_NAME":"TurtleMountainBandofChippewaIndiansofNorthDakota"}},{"type":"Feature","id":80,"geometry":{"type":"Polygon","coordinates":[[[-111.312195,40.288142],[-111.264851,40.242277],[-111.273461,40.222],[-111.225237,40.166373],[-111.221538,40.124529],[-111.249379,40.05534],[-111.238243,40.03874],[-111.203842,40.049304],[-111.152207,39.985065],[-111.020907,40.04558],[-110.990177,40.021721],[-110.9578,39.894427],[-110.883924,39.872988],[-110.725662,39.8828],[-110.645821,39.913176],[-110.55309,39.8911],[-110.465639,39.901769],[-110.398186,39.869565],[-110.330542,39.87585],[-110.295249,39.929856],[-110.230831,39.945732],[-110.225268,40.025324],[-110.19486,40.093255],[-110.058126,40.112537],[-110.06615,39.469263],[-110.023986,39.469274],[-110.023659,39.423532],[-110.009842,39.410625],[-110.021587,39.35313],[-110.058686,39.329737],[-110.049129,39.301218],[-110.07723,39.279111],[-110.053174,39.248121],[-109.846123,39.270842],[-109.837762,39.256677],[-109.849799,39.251278],[-109.808996,39.239699],[-109.808664,39.20377],[-109.763645,39.189906],[-109.759966,39.146781],[-109.70707,39.149642],[-109.713369,39.192724],[-109.733078,39.207977],[-109.72062,39.235742],[-109.737027,39.249956],[-109.707548,39.307299],[-109.653511,39.343439],[-109.645498,39.401401],[-109.626032,39.40878],[-109.626447,39.441104],[-109.607457,39.437445],[-109.607752,39.462283],[-109.051164,39.461961],[-109.050963,40.17306],[-109.266433,40.172635],[-109.265791,40.251441],[-109.752466,40.247123],[-109.815044,40.360488],[-109.766381,40.413347],[-109.755593,40.462594],[-109.728616,40.498738],[-109.78089,40.503395],[-109.780324,40.527834],[-109.889899,40.550905],[-109.876616,40.584741],[-109.911399,40.606871],[-109.8908,40.624162],[-109.909968,40.679033],[-109.962674,40.709238],[-109.955174,40.741574],[-109.913925,40.782453],[-109.969753,40.810626],[-110.042708,40.820677],[-110.10287,40.807923],[-110.293557,40.833372],[-110.342746,40.823362],[-110.379175,40.787142],[-110.424314,40.792011],[-110.432793,40.778284],[-110.487125,40.780295],[-110.523523,40.76151],[-110.547042,40.773739],[-110.569057,40.756376],[-110.625482,40.769534],[-110.656493,40.740281],[-110.750744,40.747712],[-110.806422,40.711605],[-110.892241,40.727049],[-110.915565,40.640399],[-110.941415,40.62913],[-110.93501,40.584394],[-110.95501,40.567636],[-110.979021,40.571724],[-110.91996,40.520716],[-110.947491,40.503795],[-110.994076,40.514812],[-110.99675,40.496707],[-111.067865,40.465535],[-111.150949,40.459536],[-111.185934,40.439314],[-111.183827,40.407214],[-111.229766,40.415376],[-111.247208,40.303802],[-111.279532,40.297174],[-111.296871,40.30996],[-111.312195,40.288142]]]},"properties":{"GEOID":"4390R","TRIBE_NAME":"UteIndianTribeoftheUintah&OurayReservation,Utah"}},{"type":"Feature","id":81,"geometry":{"type":"Polygon","coordinates":[[[-122.889778,39.016736],[-122.884904,39.014881],[-122.885427,39.027413],[-122.889553,39.023678],[-122.889778,39.016736]]]},"properties":{"GEOID":"0275R","TRIBE_NAME":"BigValleyBandofPomoIndiansoftheBigValleyRancheria,California"}},{"type":"Feature","id":82,"geometry":{"type":"Polygon","coordinates":[[[-118.066552,36.594598],[-118.048805,36.593893],[-118.048679,36.601111],[-118.057561,36.601131],[-118.066552,36.594598]]]},"properties":{"GEOID":"1970R","TRIBE_NAME":"LonePinePaiute-ShoshoneTribe"}},{"type":"Feature","id":83,"geometry":{"type":"Polygon","coordinates":[[[-72.440702,40.877501],[-72.439065,40.865427],[-72.425829,40.860762],[-72.42309,40.884044],[-72.440702,40.877501]]]},"properties":{"GEOID":"9370R","TRIBE_NAME":"ShinnecockIndianNation"}},{"type":"Feature","id":84,"geometry":{"type":"Polygon","coordinates":[[[-108.309777,37.05405],[-108.249648,37.053837],[-108.24964,36.999717],[-106.963608,37.000097],[-106.965619,37.033004],[-106.988054,37.033138],[-106.983453,37.054844],[-107.001468,37.054802],[-107.000756,37.218613],[-108.308682,37.21509],[-108.309777,37.05405]]]},"properties":{"GEOID":"3925R","TRIBE_NAME":"SouthernUteIndianTribeoftheSouthernUteReservation,Colorado"}},{"type":"Feature","id":85,"geometry":{"type":"Polygon","coordinates":[[[-106.023704,35.766221],[-105.930146,35.765969],[-105.929198,35.839686],[-106.021751,35.838911],[-106.023704,35.766221]]]},"properties":{"GEOID":"4170R","TRIBE_NAME":"PuebloofTesuque,NewMexico"}},{"type":"Feature","id":86,"geometry":{"type":"MultiPolygon","coordinates":[[[[-90.590207,46.860489],[-90.579383,46.846918],[-90.569073,46.847173],[-90.569528,46.849248],[-90.590207,46.860489]]],[[[-90.822607,46.588518],[-90.801717,46.587555],[-90.798317,46.414168],[-90.548856,46.414049],[-90.549935,46.5441],[-90.483329,46.543983],[-90.483264,46.578607],[-90.578634,46.596087],[-90.781581,46.728511],[-90.793448,46.731171],[-90.810837,46.728715],[-90.777802,46.722715],[-90.739571,46.68995],[-90.76379,46.662082],[-90.755708,46.645814],[-90.822212,46.619383],[-90.822607,46.588518]]]]},"properties":{"GEOID":"0140R","TRIBE_NAME":"BadRiverBandoftheLakeSuperiorTribeofChippewaIndiansoftheBadRiverReservation,Wisconsin"}},{"type":"Feature","id":87,"geometry":{"type":"MultiPolygon","coordinates":[[[[-96.567003,44.075688],[-96.55679,44.075063],[-96.556742,44.088025],[-96.566705,44.087896],[-96.567003,44.075688]]],[[[-96.597458,44.058855],[-96.597363,44.058319],[-96.594531,44.058862],[-96.595089,44.058865],[-96.597458,44.058855]]],[[[-96.607959,44.073169],[-96.582187,44.072944],[-96.566645,44.095293],[-96.587983,44.102548],[-96.607959,44.073169]]],[[[-96.608002,44.036812],[-96.597944,44.036522],[-96.597724,44.043711],[-96.607948,44.0439],[-96.608002,44.036812]]],[[[-96.56272,44.065796],[-96.558908,44.051194],[-96.536099,44.051654],[-96.546407,44.066125],[-96.56272,44.065796]]]]},"properties":{"GEOID":"1100R","TRIBE_NAME":"FlandreauSanteeSiouxTribeofSouthDakota"}},{"type":"Feature","id":88,"geometry":{"type":"Polygon","coordinates":[[[-105.756432,36.238242],[-105.756174,36.162624],[-105.662583,36.162394],[-105.662727,36.238611],[-105.756432,36.238242]]]},"properties":{"GEOID":"2785R","TRIBE_NAME":"PuebloofPicuris,NewMexico"}},{"type":"Feature","id":89,"geometry":{"type":"MultiPolygon","coordinates":[[[[-116.412381,32.850169],[-116.412436,32.836759],[-116.395025,32.836946],[-116.399298,32.814847],[-116.360493,32.81483],[-116.359807,32.858519],[-116.412317,32.865426],[-116.412381,32.850169]],[[-116.382058,32.839353],[-116.377556,32.840774],[-116.377607,32.833126],[-116.381897,32.833121],[-116.382058,32.839353]]],[[[-116.726386,32.837794],[-116.726268,32.834362],[-116.72509,32.834312],[-116.725206,32.837796],[-116.726386,32.837794]]]]},"properties":{"GEOID":"1065R","TRIBE_NAME":"EwiiaapaaypBandofKumeyaayIndians,California"}},{"type":"Feature","id":90,"geometry":{"type":"Polygon","coordinates":[[[-122.031654,39.256386],[-122.031484,39.249273],[-122.009848,39.256076],[-122.009941,39.256188],[-122.031654,39.256386]]]},"properties":{"GEOID":"0750R","TRIBE_NAME":"CachilDeHeBandofWintunIndiansoftheColusaIndianCommunityoftheColusaRancheria,California"}},{"type":"Feature","id":91,"geometry":{"type":"MultiPolygon","coordinates":[[[[-67.797125,46.199617],[-67.7835,46.199299],[-67.783571,46.203502],[-67.797046,46.203572],[-67.797125,46.199617]]],[[[-67.815713,46.163142],[-67.815455,46.160437],[-67.79919,46.160138],[-67.799279,46.165241],[-67.815713,46.163142]]],[[[-67.819786,46.187471],[-67.808452,46.174248],[-67.80366,46.198594],[-67.812427,46.198606],[-67.819786,46.187471]]]]},"properties":{"GEOID":"1530R","TRIBE_NAME":"HoultonBandofMaliseetIndians"}},{"type":"Feature","id":92,"geometry":{"type":"Polygon","coordinates":[[[-85.662094,42.63601],[-85.66139,42.630386],[-85.652188,42.631373],[-85.652427,42.637639],[-85.662094,42.63601]]]},"properties":{"GEOID":"2150R","TRIBE_NAME":"Match-e-be-nash-she-wishBandofPottawatomiIndiansofMichigan"}},{"type":"Feature","id":93,"geometry":{"type":"Polygon","coordinates":[[[-124.160976,41.761912],[-124.161316,41.758194],[-124.151929,41.758247],[-124.151841,41.762454],[-124.160976,41.761912]]]},"properties":{"GEOID":"1010R","TRIBE_NAME":"ElkValleyRancheria,California"}},{"type":"Feature","id":94,"geometry":{"type":"MultiPolygon","coordinates":[[[[-89.560589,47.989128],[-89.558752,47.988763],[-89.558241,47.989448],[-89.559262,47.989768],[-89.560589,47.989128]]],[[[-89.56195,47.970467],[-89.559059,47.969736],[-89.552936,47.973162],[-89.555895,47.973002],[-89.56195,47.970467]]],[[[-89.564026,47.977981],[-89.563549,47.97757],[-89.558753,47.979306],[-89.561678,47.979283],[-89.564026,47.977981]]],[[[-89.566338,47.971357],[-89.563243,47.971038],[-89.562392,47.971837],[-89.565624,47.971791],[-89.566338,47.971357]]],[[[-89.570577,47.973753],[-89.56833,47.973454],[-89.567868,47.974339],[-89.568369,47.974535],[-89.570577,47.973753]]],[[[-89.587082,47.959636],[-89.571064,47.963887],[-89.566984,47.96752],[-89.583309,47.964091],[-89.587082,47.959636]]],[[[-89.588073,47.970029],[-89.57627,47.970854],[-89.567292,47.978301],[-89.582022,47.978847],[-89.588073,47.970029]]],[[[-89.590457,47.974619],[-89.589334,47.973752],[-89.586783,47.975328],[-89.588008,47.975305],[-89.590457,47.974619]]],[[[-89.592323,47.96667],[-89.591745,47.966442],[-89.586507,47.967608],[-89.58933,47.96779],[-89.592323,47.96667]]],[[[-89.595897,47.971055],[-89.592053,47.971421],[-89.587803,47.973433],[-89.591,47.972769],[-89.595897,47.971055]]],[[[-89.615125,47.980091],[-89.613627,47.979361],[-89.612846,47.980824],[-89.613527,47.980937],[-89.615125,47.980091]]],[[[-89.66519,47.953492],[-89.660431,47.950339],[-89.654717,47.952554],[-89.661856,47.955685],[-89.66519,47.953492]]],[[[-89.829201,47.880221],[-89.828081,47.879947],[-89.826485,47.881866],[-89.827911,47.88166],[-89.829201,47.880221]]],[[[-89.839895,47.878095],[-89.839554,47.876451],[-89.837552,47.877593],[-89.83762,47.877958],[-89.839895,47.878095]]],[[[-89.885952,47.986547],[-89.854821,47.947386],[-89.86778,47.934933],[-89.868726,47.875642],[-89.85462,47.873881],[-89.756652,47.903963],[-89.681035,47.944928],[-89.679401,47.964366],[-89.63928,47.953485],[-89.649598,47.979299],[-89.623818,47.994796],[-89.600802,47.979595],[-89.562597,47.993331],[-89.545718,47.993285],[-89.495351,48.002365],[-89.491645,48.005678],[-89.580974,47.995339],[-89.610703,48.017936],[-89.650878,48.003626],[-89.775363,48.022872],[-89.885952,47.986547]]]]},"properties":{"GEOID":"1355R","TRIBE_NAME":"MinnesotaChippewaTribe,Minnesota(GrandPortageBand)"}},{"type":"Feature","id":95,"geometry":{"type":"Polygon","coordinates":[[[-123.172187,39.160408],[-123.166991,39.168459],[-123.16991,39.170194],[-123.171367,39.162115],[-123.172187,39.160408]]]},"properties":{"GEOID":"1400R","TRIBE_NAME":"GuidivilleRancheriaofCalifornia"}},{"type":"Feature","id":96,"geometry":{"type":"Polygon","coordinates":[[[-120.095117,34.600261],[-120.093228,34.591536],[-120.083693,34.610529],[-120.093827,34.60699],[-120.095117,34.600261]]]},"properties":{"GEOID":"3540R","TRIBE_NAME":"SantaYnezBandofChumashMissionIndiansoftheSantaYnezReservation,California"}},{"type":"Feature","id":97,"geometry":{"type":"Polygon","coordinates":[[[-119.699853,37.213501],[-119.699882,37.210379],[-119.691236,37.210364],[-119.691246,37.213642],[-119.699853,37.213501]]]},"properties":{"GEOID":"2775R","TRIBE_NAME":"PicayuneRancheriaofChukchansiIndiansofCalifornia"}},{"type":"Feature","id":98,"geometry":{"type":"Polygon","coordinates":[[[-96.825904,42.017784],[-96.237383,42.013214],[-96.226985,42.03736],[-96.262262,42.039302],[-96.207501,42.055722],[-96.262997,42.069116],[-96.270885,42.116311],[-96.343622,42.161019],[-96.347214,42.191335],[-96.554187,42.191371],[-96.553893,42.161011],[-96.823118,42.160819],[-96.825904,42.017784]]]},"properties":{"GEOID":"2550R","TRIBE_NAME":"OmahaTribeofNebraska"}},{"type":"Feature","id":99,"geometry":{"type":"Polygon","coordinates":[[[-118.8214,36.000988],[-118.821074,35.97702],[-118.797455,35.986227],[-118.770722,35.965965],[-118.643499,35.972673],[-118.624879,35.987126],[-118.627332,36.100391],[-118.687799,36.110654],[-118.738313,36.096234],[-118.767774,36.064641],[-118.821007,36.048886],[-118.8214,36.000988]],[[-118.665284,36.09224],[-118.665269,36.098583],[-118.660373,36.098549],[-118.660346,36.092204],[-118.665284,36.09224]],[[-118.660346,36.092204],[-118.646242,36.09206],[-118.64634,36.088696],[-118.656901,36.08514],[-118.660346,36.092204]]]},"properties":{"GEOID":"4300R","TRIBE_NAME":"TuleRiverIndianTribeoftheTuleRiverReservation,California"}},{"type":"Feature","id":100,"geometry":{"type":"Polygon","coordinates":[[[-121.330281,39.627349],[-121.330216,39.623863],[-121.325498,39.623912],[-121.325568,39.627332],[-121.330281,39.627349]]]},"properties":{"GEOID":"0200R","TRIBE_NAME":"BerryCreekRancheriaofMaiduIndiansofCalifornia"}},{"type":"Feature","id":101,"geometry":{"type":"Polygon","coordinates":[[[-119.739046,48.250357],[-119.66524,48.154933],[-119.693166,48.106369],[-119.736316,48.097625],[-119.721947,48.08249],[-119.684308,48.09326],[-119.67379,48.082462],[-119.693503,48.029631],[-119.652483,48.000227],[-119.615537,47.999036],[-119.499324,48.082708],[-119.440747,48.078673],[-119.402248,48.050424],[-119.340567,48.050018],[-119.327536,48.096662],[-119.30731,48.111788],[-119.252567,48.102592],[-119.128515,48.150967],[-119.054939,48.135925],[-119.028872,48.113139],[-119.006011,48.045569],[-118.951245,48.019657],[-118.982445,47.969123],[-118.978115,47.945283],[-118.8467,47.957703],[-118.815562,47.922052],[-118.730339,47.900175],[-118.711696,47.903353],[-118.692614,47.942156],[-118.647385,47.925568],[-118.57041,47.932324],[-118.533512,47.914883],[-118.539234,47.877659],[-118.464249,47.881905],[-118.445834,47.845502],[-118.383465,47.830369],[-118.357079,47.841605],[-118.34001,47.900184],[-118.356103,47.929323],[-118.348754,47.971788],[-118.402221,48.026888],[-118.358919,48.049433],[-118.27549,48.040573],[-118.264486,48.058283],[-118.236012,48.05999],[-118.231312,48.089491],[-118.254406,48.128536],[-118.197412,48.144093],[-118.195114,48.212095],[-118.151612,48.240697],[-118.139805,48.267314],[-118.175616,48.319498],[-118.203519,48.4097],[-118.212221,48.457701],[-118.18922,48.481603],[-119.480969,48.480924],[-119.474086,48.409349],[-119.525757,48.411784],[-119.606864,48.342746],[-119.609924,48.318278],[-119.721681,48.275592],[-119.739046,48.250357]]]},"properties":{"GEOID":"0760R","TRIBE_NAME":"ConfederatedTribesoftheColvilleReservation"}},{"type":"Feature","id":102,"geometry":{"type":"Polygon","coordinates":[[[-89.12301,46.966995],[-89.081638,46.960001],[-89.080465,46.985543],[-89.122839,46.993239],[-89.12301,46.966995]]]},"properties":{"GEOID":"2580R","TRIBE_NAME":"KeweenawBayIndianCommunity,Michigan"}},{"type":"Feature","id":103,"geometry":{"type":"MultiPolygon","coordinates":[[[[-75.451787,43.06625],[-75.44756,43.057634],[-75.4333,43.063804],[-75.43902,43.071413],[-75.451787,43.06625]]],[[[-75.993507,43.183744],[-75.971237,43.154648],[-75.977286,43.136204],[-75.950059,43.134862],[-75.975406,43.09093],[-75.917221,43.085935],[-75.906618,42.931152],[-75.456501,42.932891],[-75.460584,43.064393],[-75.478335,43.057177],[-75.48811,43.070237],[-75.47008,43.077527],[-75.546146,43.171353],[-75.544811,43.225942],[-75.701695,43.202793],[-75.597539,43.250658],[-75.624832,43.290573],[-75.593641,43.298009],[-75.548015,43.371176],[-75.547113,43.422462],[-75.603492,43.436311],[-75.563638,43.413385],[-75.565076,43.380718],[-75.606676,43.311991],[-75.647083,43.293842],[-75.646562,43.265468],[-75.628482,43.260889],[-75.726412,43.215174],[-75.744978,43.159255],[-75.776284,43.173361],[-75.867771,43.146652],[-75.925367,43.161717],[-75.932897,43.176697],[-75.993507,43.183744]]]]},"properties":{"GEOID":"2555R","TRIBE_NAME":"OneidaIndianNation"}},{"type":"Feature","id":104,"geometry":{"type":"Polygon","coordinates":[[[-122.52274,39.673865],[-122.522622,39.670023],[-122.513224,39.670052],[-122.513241,39.673962],[-122.52274,39.673865]]]},"properties":{"GEOID":"1395R","TRIBE_NAME":"GrindstoneIndianRancheriaofWintun-WailakiIndiansofCalifornia"}},{"type":"Feature","id":105,"geometry":{"type":"Polygon","coordinates":[[[-94.685229,47.267508],[-94.684552,47.154863],[-94.660348,47.138102],[-94.622344,47.133054],[-94.595857,47.156595],[-94.634205,47.154786],[-94.616982,47.160151],[-94.629877,47.18448],[-94.605577,47.197363],[-94.606317,47.222517],[-94.563628,47.219813],[-94.579205,47.17009],[-94.603763,47.189708],[-94.549631,47.085589],[-94.573405,47.039046],[-94.129291,46.98054],[-94.098151,47.080852],[-94.128089,47.160345],[-94.221262,47.181549],[-94.285816,47.164049],[-94.286189,47.226164],[-94.378332,47.222686],[-94.378805,47.221654],[-94.441975,47.181999],[-94.440222,47.194196],[-94.283698,47.281232],[-94.291634,47.296643],[-94.278531,47.31521],[-94.26841,47.302877],[-94.284785,47.295578],[-94.247187,47.285419],[-94.251965,47.261612],[-94.229484,47.248604],[-94.144273,47.229888],[-94.011241,47.251073],[-93.97575,47.23073],[-93.948166,47.273367],[-93.892737,47.307532],[-93.890342,47.325987],[-93.860845,47.322551],[-93.821747,47.300497],[-93.800189,47.30812],[-93.799139,47.255224],[-93.812406,47.24214],[-93.799894,47.222037],[-93.799129,47.254613],[-93.723871,47.253968],[-93.723832,47.311294],[-93.800255,47.312669],[-93.799183,47.543046],[-93.869417,47.542518],[-93.903253,47.571598],[-93.902779,47.673599],[-94.287583,47.672137],[-94.284758,47.585868],[-94.302167,47.569914],[-94.260156,47.542458],[-94.6844,47.540826],[-94.685229,47.267508]],[[-94.54603,47.170156],[-94.510595,47.21189],[-94.47685,47.218596],[-94.434643,47.25337],[-94.430243,47.291695],[-94.399966,47.257766],[-94.409242,47.232094],[-94.453959,47.198426],[-94.444243,47.18089],[-94.501222,47.18533],[-94.54603,47.170156]]]},"properties":{"GEOID":"1940R","TRIBE_NAME":"MinnesotaChippewaTribe,Minnesota(LeechLakeBand)"}},{"type":"Feature","id":106,"geometry":{"type":"Polygon","coordinates":[[[-117.236771,34.157563],[-117.228071,34.146718],[-117.204343,34.14538],[-117.208625,34.164324],[-117.234786,34.164968],[-117.236771,34.157563]],[[-117.227012,34.148601],[-117.227164,34.148764],[-117.226885,34.148946],[-117.226743,34.148776],[-117.227012,34.148601]],[[-117.228785,34.158983],[-117.229362,34.159253],[-117.228865,34.160174],[-117.228239,34.159947],[-117.228785,34.158983]]]},"properties":{"GEOID":"3445R","TRIBE_NAME":"YuhaaviatamofSanManuelNation"}},{"type":"Feature","id":107,"geometry":{"type":"MultiPolygon","coordinates":[[[[-84.217511,46.46678],[-84.1967,46.470155],[-84.196505,46.477572],[-84.217315,46.47759],[-84.217511,46.46678]]],[[[-84.239089,46.48186],[-84.239019,46.477141],[-84.231504,46.477109],[-84.231599,46.481881],[-84.239089,46.48186]]],[[[-84.322144,46.46653],[-84.316049,46.466062],[-84.318241,46.477274],[-84.321798,46.477329],[-84.322144,46.46653]]]]},"properties":{"GEOID":"3635R","TRIBE_NAME":"SaultSte.MarieTribeofChippewaIndians,Michigan"}},{"type":"Feature","id":108,"geometry":{"type":"MultiPolygon","coordinates":[[[[-92.351251,47.827304],[-92.350575,47.802923],[-92.308453,47.826471],[-92.330603,47.831937],[-92.351251,47.827304]]],[[[-93.344472,48.00656],[-93.032151,48.004812],[-93.030084,48.17938],[-93.343311,48.179236],[-93.344472,48.00656]]],[[[-93.596082,47.883997],[-93.595834,47.811088],[-93.466795,47.809882],[-93.466036,47.895063],[-93.596013,47.897842],[-93.596082,47.883997]]]]},"properties":{"GEOID":"0335R","TRIBE_NAME":"MinnesotaChippewaTribe,Minnesota(BoisForteBand(NettLake))"}},{"type":"Feature","id":109,"geometry":{"type":"MultiPolygon","coordinates":[[[[-113.625502,34.77429],[-113.625326,34.762556],[-113.60476,34.763194],[-113.610353,34.798527],[-113.625223,34.79866],[-113.625502,34.77429]]],[[[-113.625807,34.916615],[-113.618667,34.91633],[-113.618662,34.920262],[-113.6258,34.920569],[-113.625807,34.916615]]],[[[-113.666742,35.379107],[-113.648023,35.385935],[-113.648255,35.400933],[-113.666628,35.401209],[-113.666742,35.379107]]],[[[-113.904828,35.869204],[-113.904439,35.771729],[-113.620375,35.49451],[-113.354506,35.494388],[-112.876922,35.820283],[-112.876064,36.278317],[-112.898256,36.254767],[-112.981221,36.231774],[-113.019122,36.23671],[-113.128016,36.169481],[-113.162941,36.171747],[-113.20128,36.149578],[-113.201682,36.119046],[-113.22493,36.091149],[-113.319982,36.096774],[-113.354187,36.040373],[-113.339788,35.985155],[-113.31727,35.968616],[-113.334861,35.913864],[-113.310077,35.892007],[-113.310404,35.863217],[-113.337891,35.792751],[-113.385016,35.753899],[-113.514177,35.767547],[-113.605936,35.849462],[-113.631855,35.819614],[-113.647445,35.823889],[-113.668845,35.865789],[-113.713448,35.885386],[-113.713811,35.927873],[-113.769226,35.972677],[-113.782437,36.025324],[-113.810647,36.04836],[-113.876765,36.057358],[-113.903544,36.092843],[-113.904828,35.869204]]]]},"properties":{"GEOID":"1545R","TRIBE_NAME":"HualapaiIndianTribeoftheHualapaiIndianReservation,Arizona"}},{"type":"Feature","id":110,"geometry":{"type":"MultiPolygon","coordinates":[[[[-122.925552,39.192922],[-122.925715,39.18235],[-122.912363,39.175118],[-122.908325,39.187871],[-122.925552,39.192922]]],[[[-122.955409,39.245913],[-122.955425,39.243258],[-122.948508,39.243294],[-122.948541,39.245956],[-122.955409,39.245913]]]]},"properties":{"GEOID":"4430R","TRIBE_NAME":"HabematolelPomoofUpperLake,California"}},{"type":"Feature","id":111,"geometry":{"type":"Polygon","coordinates":[[[-77.02597,37.575079],[-77.000081,37.561815],[-76.980615,37.570096],[-77.007915,37.584322],[-77.02597,37.575079]]]},"properties":{"GEOID":"9260R","TRIBE_NAME":"PamunkeyIndianTribe"}},{"type":"Feature","id":112,"geometry":{"type":"Polygon","coordinates":[[[-118.432144,37.368822],[-118.43198,37.353822],[-118.408068,37.363188],[-118.418464,37.375903],[-118.432144,37.368822]]]},"properties":{"GEOID":"0290R","TRIBE_NAME":"BishopPaiuteTribe"}},{"type":"Feature","id":113,"geometry":{"type":"Polygon","coordinates":[[[-118.763065,39.483846],[-118.75869,39.482232],[-118.758093,39.487322],[-118.76303,39.487381],[-118.763065,39.483846]]]},"properties":{"GEOID":"1070R","TRIBE_NAME":"Paiute-ShoshoneTribeoftheFallonReservationandColony,Nevada"}},{"type":"Feature","id":114,"geometry":{"type":"Polygon","coordinates":[[[-106.578284,48.634443],[-106.54745,48.566762],[-106.482189,48.515603],[-106.49326,48.462984],[-106.403265,48.35718],[-106.395111,48.315918],[-106.411227,48.270206],[-106.385314,48.234588],[-106.37939,48.160144],[-106.325179,48.133713],[-106.346114,48.125028],[-106.33125,48.110318],[-106.302235,48.119327],[-106.284076,48.110176],[-106.293366,48.095875],[-106.264562,48.096668],[-106.282846,48.084814],[-106.25,48.086075],[-106.318727,48.055537],[-106.229314,48.026423],[-106.126158,48.03099],[-106.141967,48.006413],[-106.09555,48.010582],[-106.07916,48.035547],[-106.02938,48.004065],[-106.011149,48.01126],[-106.025114,48.026094],[-106.01573,48.033795],[-105.916602,48.003844],[-105.897556,48.01109],[-105.894629,48.038191],[-105.851988,48.008529],[-105.786295,48.022565],[-105.774473,48.048352],[-105.750573,48.025404],[-105.680033,48.059093],[-105.651518,48.046505],[-105.638653,48.05905],[-105.647953,48.077311],[-105.568493,48.083557],[-105.535421,48.066452],[-105.503207,48.097799],[-105.341078,48.094904],[-105.317575,48.079023],[-105.231844,48.090151],[-105.210882,48.063257],[-105.186445,48.070919],[-105.177733,48.103107],[-105.171571,48.080965],[-105.109425,48.076433],[-105.119128,48.059607],[-105.058268,48.077858],[-105.043574,48.053572],[-105.006236,48.085372],[-104.986986,48.068632],[-104.974823,48.084473],[-104.982688,48.102012],[-104.939887,48.094663],[-104.922197,48.137873],[-104.891332,48.150697],[-104.836046,48.120191],[-104.771155,48.129847],[-104.744259,48.110145],[-104.626109,48.111967],[-104.62917,48.127402],[-104.603337,48.151262],[-104.627748,48.155314],[-104.637242,48.179343],[-104.65315,48.168055],[-104.673672,48.1959],[-104.660723,48.19658],[-104.702577,48.232945],[-104.722148,48.232483],[-104.710987,48.247231],[-104.721868,48.271326],[-104.684809,48.303084],[-104.661968,48.298065],[-104.632748,48.32346],[-104.602513,48.325753],[-104.61456,48.342278],[-104.584665,48.341054],[-104.591977,48.3725],[-104.55048,48.441632],[-104.564324,48.461267],[-104.562894,48.489106],[-104.546992,48.497632],[-104.555992,48.507953],[-104.489878,48.553459],[-104.447068,48.634547],[-106.578284,48.634443]]]},"properties":{"GEOID":"1250R","TRIBE_NAME":"AssiniboineandSiouxTribesoftheFortPeckIndianReservation,Montana"}},{"type":"Feature","id":115,"geometry":{"type":"Polygon","coordinates":[[[-95.57538,40.020967],[-95.555256,39.975839],[-95.474913,39.975611],[-95.475402,39.992585],[-95.438399,40.011874],[-95.513338,40.05585],[-95.57538,40.020967]]]},"properties":{"GEOID":"3285R","TRIBE_NAME":"Sac&FoxNationofMissouriinKansasandNebraska"}},{"type":"Feature","id":116,"geometry":{"type":"Polygon","coordinates":[[[-112.801571,40.382145],[-112.782635,40.375748],[-112.782918,40.346537],[-112.706668,40.346542],[-112.706795,40.375406],[-112.659584,40.383707],[-112.667906,40.433189],[-112.687909,40.433198],[-112.706316,40.40458],[-112.801471,40.419621],[-112.801571,40.382145]]]},"properties":{"GEOID":"3840R","TRIBE_NAME":"SkullValleyBandofGoshuteIndiansofUtah"}},{"type":"Feature","id":117,"geometry":{"type":"Polygon","coordinates":[[[-116.393256,42.104734],[-116.393197,42.068415],[-116.378123,42.068555],[-116.378163,41.835788],[-115.986454,41.835825],[-115.985961,42.157829],[-116.393138,42.155771],[-116.393256,42.104734]]]},"properties":{"GEOID":"0965R","TRIBE_NAME":"Shoshone-PaiuteTribesoftheDuckValleyReservation,Nevada"}},{"type":"Feature","id":118,"geometry":{"type":"MultiPolygon","coordinates":[[[[-88.59678,44.888891],[-88.59674,44.88837],[-88.596371,44.888376],[-88.596378,44.888913],[-88.59678,44.888891]]],[[[-88.628636,44.864055],[-88.62856,44.863568],[-88.62786,44.863539],[-88.62784,44.864007],[-88.628636,44.864055]]],[[[-88.982467,45.118006],[-88.981325,44.942753],[-88.735554,44.943186],[-88.7362,44.856384],[-88.489155,44.855453],[-88.483738,45.116895],[-88.982467,45.118006]],[[-88.966983,45.045067],[-88.965303,45.045101],[-88.964761,45.043829],[-88.966095,45.043684],[-88.966983,45.045067]],[[-88.900569,45.0126],[-88.901127,45.013422],[-88.900292,45.013629],[-88.899883,45.012831],[-88.900569,45.0126]],[[-88.890021,45.020163],[-88.890342,45.020546],[-88.889231,45.020616],[-88.890021,45.020163]],[[-88.889183,45.024445],[-88.88845,45.024789],[-88.888127,45.024073],[-88.888894,45.02389],[-88.889183,45.024445]],[[-88.87718,45.108594],[-88.875557,45.110384],[-88.874343,45.10997],[-88.874619,45.109383],[-88.87718,45.108594]],[[-88.875234,45.112285],[-88.875151,45.112925],[-88.87372,45.113245],[-88.87365,45.112353],[-88.875234,45.112285]],[[-88.861526,44.984323],[-88.861503,44.98504],[-88.86077,44.985192],[-88.860935,44.984171],[-88.861526,44.984323]],[[-88.859393,44.986237],[-88.85899,44.986656],[-88.858252,44.985325],[-88.858947,44.98499],[-88.859393,44.986237]],[[-88.851465,44.980962],[-88.850551,44.981489],[-88.850386,44.980888],[-88.851415,44.980756],[-88.851465,44.980962]],[[-88.831731,44.977416],[-88.83181,44.97777],[-88.831155,44.977837],[-88.831064,44.977526],[-88.831731,44.977416]],[[-88.831507,44.980103],[-88.831538,44.980256],[-88.831223,44.980132],[-88.831507,44.980103]],[[-88.831321,44.975989],[-88.831367,44.976193],[-88.830824,44.976247],[-88.830824,44.976],[-88.831321,44.975989]],[[-88.830861,44.977272],[-88.83047,44.977419],[-88.830429,44.977201],[-88.830835,44.977142],[-88.830861,44.977272]],[[-88.830817,44.978409],[-88.830862,44.979489],[-88.830624,44.979495],[-88.830252,44.978452],[-88.830817,44.978409]],[[-88.830678,44.976574],[-88.830236,44.976761],[-88.830123,44.976505],[-88.830654,44.97644],[-88.830678,44.976574]],[[-88.830569,44.977467],[-88.830617,44.977687],[-88.83003,44.977724],[-88.829991,44.977499],[-88.830569,44.977467]],[[-88.830201,44.977231],[-88.830232,44.977424],[-88.829632,44.977467],[-88.82961,44.977295],[-88.830201,44.977231]],[[-88.830094,44.976861],[-88.829546,44.977045],[-88.829517,44.976937],[-88.829906,44.976885],[-88.830094,44.976861]],[[-88.829688,44.97851],[-88.829724,44.978683],[-88.828993,44.978747],[-88.828962,44.978611],[-88.829688,44.97851]],[[-88.82958,44.977876],[-88.829665,44.97836],[-88.829229,44.978391],[-88.829184,44.977908],[-88.82958,44.977876]],[[-88.829198,44.97632],[-88.828856,44.976481],[-88.828766,44.976084],[-88.829139,44.976031],[-88.829198,44.97632]],[[-88.829018,44.983475],[-88.829044,44.983527],[-88.82837,44.983661],[-88.828346,44.983523],[-88.829018,44.983475]],[[-88.828807,44.983049],[-88.827738,44.983419],[-88.828087,44.982487],[-88.826873,44.982191],[-88.82843,44.982198],[-88.828807,44.983049]],[[-88.828657,44.979365],[-88.82869,44.980156],[-88.828279,44.980162],[-88.827974,44.979205],[-88.828657,44.979365]],[[-88.827838,44.983979],[-88.827884,44.984096],[-88.827509,44.98417],[-88.827476,44.984069],[-88.827838,44.983979]],[[-88.827673,44.980479],[-88.827799,44.980782],[-88.827347,44.980818],[-88.827261,44.980596],[-88.827673,44.980479]],[[-88.827635,44.983485],[-88.827722,44.983696],[-88.827298,44.983785],[-88.82722,44.983587],[-88.827635,44.983485]],[[-88.827601,44.984652],[-88.827288,44.984829],[-88.827009,44.984322],[-88.827502,44.9843],[-88.827601,44.984652]],[[-88.827316,44.983929],[-88.827005,44.984136],[-88.82691,44.983921],[-88.827277,44.983841],[-88.827316,44.983929]],[[-88.827272,44.982647],[-88.827273,44.982791],[-88.826888,44.982849],[-88.826854,44.98271],[-88.827272,44.982647]],[[-88.827079,44.979193],[-88.827071,44.979338],[-88.826846,44.979345],[-88.826818,44.979163],[-88.827079,44.979193]],[[-88.826975,44.979701],[-88.826538,44.98001],[-88.826402,44.979693],[-88.826956,44.979612],[-88.826975,44.979701]],[[-88.826886,44.984422],[-88.826357,44.984607],[-88.826202,44.984183],[-88.826617,44.984078],[-88.826886,44.984422]],[[-88.826401,44.980604],[-88.826487,44.980807],[-88.82583,44.980688],[-88.825857,44.980519],[-88.826401,44.980604]],[[-88.826293,44.980352],[-88.825845,44.98025],[-88.825812,44.980122],[-88.826184,44.980094],[-88.826293,44.980352]],[[-88.82604,44.979756],[-88.825753,44.979933],[-88.825662,44.979684],[-88.82605,44.979629],[-88.82604,44.979756]],[[-88.824943,44.980188],[-88.824836,44.980466],[-88.824132,44.9803],[-88.824252,44.980048],[-88.824943,44.980188]],[[-88.822697,44.980063],[-88.822597,44.980261],[-88.821679,44.980172],[-88.821773,44.979882],[-88.822697,44.980063]],[[-88.822412,44.981016],[-88.822249,44.981461],[-88.821186,44.981224],[-88.821398,44.980794],[-88.822412,44.981016]],[[-88.821503,44.979816],[-88.821365,44.980119],[-88.820307,44.980173],[-88.82046,44.979613],[-88.821503,44.979816]],[[-88.820993,44.97932],[-88.820893,44.979533],[-88.820507,44.979227],[-88.820993,44.97932]],[[-88.82077,44.978016],[-88.820538,44.978624],[-88.81997,44.978546],[-88.820245,44.97793],[-88.82077,44.978016]],[[-88.818486,44.979825],[-88.818417,44.980027],[-88.818131,44.97996],[-88.818201,44.979779],[-88.818486,44.979825]],[[-88.818397,44.979273],[-88.818276,44.979585],[-88.817483,44.979453],[-88.81761,44.979083],[-88.818397,44.979273]],[[-88.816929,44.979499],[-88.816902,44.979836],[-88.816311,44.979758],[-88.81631,44.979453],[-88.816929,44.979499]],[[-88.816655,44.978761],[-88.816565,44.978996],[-88.816087,44.978961],[-88.816266,44.978616],[-88.816655,44.978761]],[[-88.81542,44.978226],[-88.814639,44.978465],[-88.814663,44.977836],[-88.814816,44.97792],[-88.81542,44.978226]],[[-88.814111,44.997735],[-88.814085,45.000993],[-88.812676,45.001002],[-88.812649,44.998494],[-88.814111,44.997735]],[[-88.726164,44.917488],[-88.726584,44.918022],[-88.724662,44.918155],[-88.726164,44.917488]],[[-88.719808,44.905844],[-88.720721,44.910244],[-88.710608,44.910189],[-88.713574,44.906557],[-88.719808,44.905844]],[[-88.700461,44.91102],[-88.700786,44.912961],[-88.700343,44.913441],[-88.698573,44.911333],[-88.700461,44.91102]],[[-88.699616,44.906609],[-88.700408,44.906779],[-88.698326,44.911453],[-88.695535,44.905699],[-88.699616,44.906609]],[[-88.690762,44.905378],[-88.689159,44.906038],[-88.688675,44.905515],[-88.689474,44.90462],[-88.690762,44.905378]],[[-88.68883,44.901723],[-88.688797,44.902938],[-88.688225,44.90303],[-88.687964,44.901793],[-88.68883,44.901723]],[[-88.67826,44.896476],[-88.67683,44.898812],[-88.674286,44.89805],[-88.674605,44.897165],[-88.67826,44.896476]],[[-88.67693,44.898884],[-88.676279,44.899559],[-88.676041,44.899323],[-88.67693,44.898884]],[[-88.673856,44.896652],[-88.672495,44.896884],[-88.672496,44.896085],[-88.673023,44.896088],[-88.673856,44.896652]],[[-88.673677,44.931358],[-88.674093,44.933304],[-88.671577,44.933244],[-88.672349,44.931321],[-88.673677,44.931358]],[[-88.672139,44.895662],[-88.67158,44.896188],[-88.671099,44.895938],[-88.671563,44.895399],[-88.672139,44.895662]],[[-88.67033,44.894959],[-88.669762,44.895595],[-88.668742,44.895191],[-88.669241,44.894473],[-88.67033,44.894959]],[[-88.667402,44.93966],[-88.667442,44.940878],[-88.664975,44.940867],[-88.665022,44.939609],[-88.667402,44.93966]],[[-88.664466,44.94847],[-88.663309,44.950221],[-88.658653,44.950232],[-88.658641,44.94708],[-88.664466,44.94847]],[[-88.664446,44.942445],[-88.664355,44.943049],[-88.662459,44.943254],[-88.663306,44.941911],[-88.664446,44.942445]],[[-88.657635,44.890243],[-88.657029,44.890813],[-88.656315,44.890423],[-88.656992,44.889917],[-88.657635,44.890243]],[[-88.656601,44.897734],[-88.656387,44.900016],[-88.652814,44.900045],[-88.655595,44.895868],[-88.656601,44.897734]],[[-88.655708,44.891135],[-88.655647,44.893434],[-88.653529,44.893011],[-88.655197,44.891725],[-88.655708,44.891135]],[[-88.652225,44.878917],[-88.652291,44.879495],[-88.651224,44.879478],[-88.651279,44.878869],[-88.652225,44.878917]],[[-88.651413,44.930941],[-88.648493,44.931285],[-88.648623,44.928342],[-88.650387,44.928474],[-88.651413,44.930941]],[[-88.650416,44.91074],[-88.650858,44.912339],[-88.649537,44.912482],[-88.649243,44.910834],[-88.650416,44.91074]],[[-88.649917,44.908442],[-88.649195,44.910533],[-88.647729,44.910595],[-88.64767,44.907502],[-88.649917,44.908442]],[[-88.642539,44.867012],[-88.640685,44.86712],[-88.64084,44.863301],[-88.642597,44.863313],[-88.642539,44.867012]],[[-88.639876,44.885744],[-88.639968,44.886208],[-88.63968,44.88646],[-88.639338,44.885842],[-88.639876,44.885744]],[[-88.639078,44.894875],[-88.638513,44.896095],[-88.637694,44.896095],[-88.637656,44.894744],[-88.639078,44.894875]],[[-88.638778,44.881355],[-88.638366,44.881713],[-88.635801,44.880755],[-88.637272,44.880797],[-88.638778,44.881355]],[[-88.638582,44.861879],[-88.634765,44.872062],[-88.632119,44.874722],[-88.629057,44.876113],[-88.627695,44.875791],[-88.638582,44.861879]],[[-88.636974,44.881633],[-88.634991,44.883234],[-88.63454,44.882829],[-88.634837,44.881881],[-88.636974,44.881633]],[[-88.635255,45.095225],[-88.633999,45.095821],[-88.635093,45.093302],[-88.635909,45.094702],[-88.635255,45.095225]],[[-88.634836,44.887053],[-88.634967,44.887931],[-88.634459,44.887964],[-88.634333,44.887119],[-88.634836,44.887053]],[[-88.632821,44.882353],[-88.632213,44.883037],[-88.631547,44.88275],[-88.632206,44.882093],[-88.632821,44.882353]],[[-88.632743,44.876268],[-88.63036,44.877467],[-88.629367,44.876186],[-88.631696,44.875844],[-88.632743,44.876268]],[[-88.632583,44.886617],[-88.63255,44.888039],[-88.632403,44.888049],[-88.632187,44.886615],[-88.632583,44.886617]],[[-88.632179,44.881562],[-88.63109,44.882162],[-88.630757,44.881521],[-88.631553,44.881079],[-88.632179,44.881562]],[[-88.631867,44.886597],[-88.631899,44.887215],[-88.631009,44.88725],[-88.631011,44.886409],[-88.631867,44.886597]],[[-88.63172,44.882257],[-88.631864,44.882336],[-88.631467,44.882697],[-88.631347,44.882581],[-88.63172,44.882257]],[[-88.63101,44.878066],[-88.630214,44.879816],[-88.627475,44.878231],[-88.628344,44.877572],[-88.63101,44.878066]],[[-88.631225,44.956798],[-88.630841,44.957403],[-88.629803,44.957204],[-88.630085,44.956667],[-88.631225,44.956798]],[[-88.630703,44.962918],[-88.630686,44.963605],[-88.629353,44.963671],[-88.62926,44.962862],[-88.630703,44.962918]],[[-88.629263,44.86084],[-88.629409,44.861857],[-88.628536,44.861874],[-88.628366,44.861254],[-88.629263,44.86084]],[[-88.629294,44.886182],[-88.628483,44.886406],[-88.628396,44.885758],[-88.629191,44.88591],[-88.629294,44.886182]],[[-88.629194,44.889435],[-88.629204,44.889641],[-88.62809,44.889566],[-88.628227,44.889004],[-88.629194,44.889435]],[[-88.628359,44.862387],[-88.624418,44.863145],[-88.622669,44.8602],[-88.627698,44.859852],[-88.628359,44.862387]],[[-88.628408,44.876173],[-88.628353,44.876778],[-88.627574,44.876845],[-88.627703,44.876163],[-88.628408,44.876173]],[[-88.627286,44.884799],[-88.627378,44.885497],[-88.626513,44.885877],[-88.626516,44.884883],[-88.627286,44.884799]],[[-88.626739,44.89322],[-88.625883,44.894695],[-88.624071,44.893939],[-88.626392,44.892983],[-88.626739,44.89322]],[[-88.626922,44.891335],[-88.624132,44.893254],[-88.622267,44.893484],[-88.624874,44.890953],[-88.626922,44.891335]],[[-88.626633,45.018387],[-88.625683,45.018922],[-88.623794,45.017039],[-88.624744,45.016504],[-88.626633,45.018387]],[[-88.625454,44.870832],[-88.625437,44.871509],[-88.623291,44.87153],[-88.623371,44.8708],[-88.625454,44.870832]],[[-88.625402,44.888764],[-88.624323,44.888606],[-88.624464,44.887914],[-88.62492,44.887854],[-88.625402,44.888764]],[[-88.624927,45.01853],[-88.62435,45.019602],[-88.622371,45.01772],[-88.623513,45.017185],[-88.624927,45.01853]],[[-88.624553,44.887023],[-88.624091,44.887315],[-88.62364,44.886959],[-88.623942,44.88655],[-88.624553,44.887023]],[[-88.624483,44.890883],[-88.624433,44.891258],[-88.624133,44.89131],[-88.624274,44.890685],[-88.624483,44.890883]],[[-88.623993,44.887545],[-88.624245,44.887702],[-88.623549,44.888786],[-88.623993,44.887545]],[[-88.624116,44.88469],[-88.624122,44.885055],[-88.623155,44.884954],[-88.623253,44.884769],[-88.624116,44.88469]],[[-88.623847,44.887454],[-88.623379,44.888813],[-88.619494,44.888234],[-88.619508,44.887881],[-88.623847,44.887454]],[[-88.623392,44.891191],[-88.621869,44.892804],[-88.619908,44.891375],[-88.620165,44.89063],[-88.623392,44.891191]],[[-88.622719,44.972331],[-88.623283,44.972934],[-88.622346,44.973338],[-88.621873,44.972803],[-88.622719,44.972331]],[[-88.62142,44.972167],[-88.618908,44.973284],[-88.618577,44.974054],[-88.618713,44.972087],[-88.62142,44.972167]],[[-88.621153,44.870758],[-88.621161,44.871527],[-88.620629,44.871486],[-88.620626,44.870748],[-88.621153,44.870758]],[[-88.620372,44.895595],[-88.619541,44.896609],[-88.619173,44.894993],[-88.619721,44.894876],[-88.620372,44.895595]],[[-88.619598,44.870199],[-88.619585,44.870531],[-88.61882,44.870521],[-88.61882,44.87019],[-88.619598,44.870199]],[[-88.619195,44.887873],[-88.612354,44.889491],[-88.604783,44.888695],[-88.616196,44.887551],[-88.619195,44.887873]],[[-88.618518,44.972115],[-88.618338,44.974194],[-88.615878,44.975205],[-88.615957,44.972053],[-88.618518,44.972115]],[[-88.617647,44.88653],[-88.617756,44.886766],[-88.616483,44.886727],[-88.616489,44.886477],[-88.617647,44.88653]],[[-88.616271,44.894078],[-88.614895,44.895208],[-88.613375,44.893996],[-88.615297,44.893576],[-88.616271,44.894078]],[[-88.615172,44.884714],[-88.613516,44.88497],[-88.612952,44.884439],[-88.615198,44.884427],[-88.615172,44.884714]],[[-88.613659,44.894985],[-88.613945,44.895622],[-88.61347,44.895749],[-88.61317,44.895035],[-88.613659,44.894985]],[[-88.612604,44.895024],[-88.611016,44.895571],[-88.609191,44.8946],[-88.611824,44.894129],[-88.612604,44.895024]],[[-88.611647,44.880823],[-88.606802,44.880597],[-88.606795,44.881718],[-88.605106,44.88228],[-88.611647,44.880823]],[[-88.610768,44.89577],[-88.610909,44.897008],[-88.609542,44.897783],[-88.609362,44.896631],[-88.610768,44.89577]],[[-88.609608,44.978275],[-88.610091,44.978617],[-88.60824,44.979202],[-88.608843,44.978033],[-88.609608,44.978275]],[[-88.609148,44.899355],[-88.609718,44.899981],[-88.607928,44.899921],[-88.608633,44.899594],[-88.609148,44.899355]],[[-88.609433,44.887472],[-88.609075,44.887644],[-88.608557,44.886843],[-88.608856,44.886643],[-88.609433,44.887472]],[[-88.609343,44.895233],[-88.609253,44.8953],[-88.608805,44.894955],[-88.608954,44.894887],[-88.609343,44.895233]],[[-88.608448,44.898454],[-88.607672,44.899526],[-88.604253,44.898889],[-88.606013,44.897923],[-88.608448,44.898454]],[[-88.608489,44.89602],[-88.608289,44.896495],[-88.606661,44.89619],[-88.606736,44.895939],[-88.608489,44.89602]],[[-88.607638,44.89691],[-88.606782,44.896858],[-88.606635,44.896446],[-88.607257,44.896378],[-88.607638,44.89691]],[[-88.607437,44.886842],[-88.607191,44.887565],[-88.602032,44.886704],[-88.603939,44.885583],[-88.607437,44.886842]],[[-88.606987,44.990712],[-88.606555,44.991325],[-88.605789,44.99129],[-88.605836,44.990372],[-88.606987,44.990712]],[[-88.606591,44.982751],[-88.606596,44.983072],[-88.604306,44.98293],[-88.604754,44.981884],[-88.606591,44.982751]],[[-88.605929,44.985216],[-88.605734,44.986349],[-88.604166,44.986337],[-88.604287,44.985187],[-88.605929,44.985216]],[[-88.605783,44.988042],[-88.604121,44.988693],[-88.604106,44.987077],[-88.605744,44.987077],[-88.605783,44.988042]],[[-88.605724,44.998177],[-88.599031,44.998353],[-88.592273,44.995583],[-88.598649,44.991566],[-88.605724,44.998177]],[[-88.603669,44.888699],[-88.595273,44.889806],[-88.586566,44.888781],[-88.598746,44.886598],[-88.603669,44.888699]],[[-88.603603,44.896056],[-88.597406,44.900176],[-88.595099,44.899394],[-88.601377,44.895232],[-88.600158,44.893346],[-88.603603,44.896056]],[[-88.602087,44.901039],[-88.602177,44.901509],[-88.601231,44.901645],[-88.601368,44.901244],[-88.602087,44.901039]],[[-88.601972,44.882095],[-88.602056,44.882559],[-88.597891,44.88379],[-88.597747,44.883256],[-88.601972,44.882095]],[[-88.601579,44.902955],[-88.600259,44.903157],[-88.600157,44.902419],[-88.60143,44.902376],[-88.601579,44.902955]],[[-88.601262,44.879984],[-88.601242,44.882061],[-88.597558,44.882663],[-88.597394,44.879922],[-88.601262,44.879984]],[[-88.600761,44.901132],[-88.595568,44.902531],[-88.594126,44.900944],[-88.594596,44.89981],[-88.600761,44.901132]],[[-88.600282,44.904193],[-88.599881,44.904912],[-88.599096,44.904655],[-88.599559,44.903945],[-88.600282,44.904193]],[[-88.599213,44.893479],[-88.597982,44.894664],[-88.596148,44.892795],[-88.596876,44.892524],[-88.599213,44.893479]],[[-88.599073,44.895603],[-88.592094,44.897504],[-88.590626,44.893393],[-88.595926,44.892184],[-88.591909,44.894298],[-88.599073,44.895603]],[[-88.598211,44.902636],[-88.597702,44.903051],[-88.596964,44.902714],[-88.597438,44.902312],[-88.598211,44.902636]],[[-88.595802,44.897184],[-88.595401,44.897592],[-88.595046,44.897117],[-88.595519,44.897116],[-88.595802,44.897184]],[[-88.594823,44.897179],[-88.595196,44.89764],[-88.593765,44.899011],[-88.593792,44.89797],[-88.594823,44.897179]],[[-88.594499,44.899072],[-88.594078,44.899495],[-88.593793,44.899249],[-88.594245,44.898956],[-88.594499,44.899072]],[[-88.593414,44.900933],[-88.593205,44.901654],[-88.592188,44.901412],[-88.592561,44.900921],[-88.593414,44.900933]],[[-88.593178,44.89866],[-88.592106,44.90076],[-88.589119,44.900395],[-88.591997,44.898042],[-88.593178,44.89866]],[[-88.591381,44.897459],[-88.589789,44.899827],[-88.585777,44.900485],[-88.589935,44.89784],[-88.587883,44.894613],[-88.591381,44.897459]],[[-88.590722,44.887415],[-88.589789,44.887631],[-88.589666,44.887284],[-88.590522,44.887073],[-88.590722,44.887415]],[[-88.590712,44.891855],[-88.589716,44.893669],[-88.58173,44.894153],[-88.585429,44.891508],[-88.590712,44.891855]],[[-88.590244,44.886008],[-88.589056,44.886467],[-88.589276,44.884772],[-88.590179,44.884756],[-88.590244,44.886008]],[[-88.590243,44.90637],[-88.589255,44.906573],[-88.588856,44.905758],[-88.589523,44.905047],[-88.590243,44.90637]],[[-88.589939,44.903396],[-88.588157,44.905886],[-88.587084,44.905658],[-88.589259,44.903331],[-88.589939,44.903396]],[[-88.588114,44.898161],[-88.587305,44.898787],[-88.586463,44.898079],[-88.587096,44.897411],[-88.588114,44.898161]],[[-88.587512,44.902655],[-88.586829,44.903493],[-88.58564,44.903687],[-88.585672,44.902896],[-88.587512,44.902655]],[[-88.587214,44.894576],[-88.584971,44.896271],[-88.583686,44.895598],[-88.585822,44.893954],[-88.587214,44.894576]],[[-88.586317,44.898254],[-88.586249,44.898662],[-88.585559,44.898589],[-88.585602,44.898185],[-88.586317,44.898254]],[[-88.58626,44.901955],[-88.585663,44.902557],[-88.584942,44.901671],[-88.585186,44.901489],[-88.58626,44.901955]],[[-88.586251,44.888999],[-88.585302,44.891196],[-88.581291,44.892145],[-88.582904,44.889646],[-88.586251,44.888999]],[[-88.585188,44.905102],[-88.583165,44.906336],[-88.582643,44.902962],[-88.584603,44.90285],[-88.585188,44.905102]],[[-88.585041,44.899294],[-88.585238,44.899566],[-88.584181,44.899452],[-88.584388,44.899321],[-88.585041,44.899294]],[[-88.585135,44.914549],[-88.585067,44.915029],[-88.584239,44.915107],[-88.58427,44.914092],[-88.585135,44.914549]],[[-88.584758,44.901776],[-88.584786,44.902515],[-88.58418,44.902582],[-88.584185,44.901916],[-88.584758,44.901776]],[[-88.584549,44.901029],[-88.583674,44.9026],[-88.582272,44.902258],[-88.583527,44.900421],[-88.584549,44.901029]],[[-88.584021,44.915914],[-88.583972,44.916717],[-88.580285,44.915785],[-88.581369,44.915243],[-88.584021,44.915914]],[[-88.584225,44.898531],[-88.58387,44.89925],[-88.583281,44.89753],[-88.584088,44.897546],[-88.584225,44.898531]],[[-88.583983,44.912775],[-88.583046,44.912861],[-88.58189,44.909879],[-88.583946,44.910103],[-88.583983,44.912775]],[[-88.583769,44.89614],[-88.583281,44.896889],[-88.582836,44.896726],[-88.583428,44.895881],[-88.583769,44.89614]],[[-88.5824,44.899693],[-88.577647,44.899477],[-88.577055,44.904022],[-88.570653,44.900044],[-88.580189,44.898376],[-88.5824,44.899693]],[[-88.582348,44.897226],[-88.582264,44.898052],[-88.581466,44.898029],[-88.581627,44.897136],[-88.582348,44.897226]],[[-88.582256,44.904291],[-88.581126,44.904308],[-88.580987,44.904159],[-88.582215,44.90381],[-88.582256,44.904291]],[[-88.582162,44.913823],[-88.581697,44.914845],[-88.578966,44.914919],[-88.581543,44.910826],[-88.582162,44.913823]],[[-88.582145,44.905451],[-88.578534,44.90713],[-88.574653,44.904893],[-88.574076,44.90315],[-88.577736,44.905309],[-88.582145,44.905451]],[[-88.581156,44.895966],[-88.579861,44.896755],[-88.579283,44.896088],[-88.580634,44.895641],[-88.581156,44.895966]],[[-88.581196,44.901221],[-88.580377,44.901887],[-88.579377,44.901407],[-88.579955,44.900734],[-88.581196,44.901221]],[[-88.580712,44.894528],[-88.578618,44.895146],[-88.577434,44.894231],[-88.58045,44.893942],[-88.580712,44.894528]],[[-88.580422,44.909939],[-88.578129,44.910839],[-88.576773,44.909146],[-88.577884,44.908922],[-88.580422,44.909939]],[[-88.580203,44.902419],[-88.579218,44.902555],[-88.578914,44.901757],[-88.579272,44.901531],[-88.580203,44.902419]],[[-88.579907,44.916524],[-88.577758,44.917683],[-88.577416,44.916973],[-88.578385,44.915837],[-88.579907,44.916524]],[[-88.579241,44.918004],[-88.578754,44.918516],[-88.578276,44.918302],[-88.578995,44.917776],[-88.579241,44.918004]],[[-88.579315,44.886221],[-88.579012,44.886432],[-88.577915,44.885662],[-88.578309,44.885338],[-88.579315,44.886221]],[[-88.579302,44.896783],[-88.578925,44.89706],[-88.578423,44.896577],[-88.578842,44.896365],[-88.579302,44.896783]],[[-88.578787,44.917615],[-88.578095,44.918197],[-88.577851,44.918043],[-88.578454,44.917415],[-88.578787,44.917615]],[[-88.578831,44.902457],[-88.57861,44.902502],[-88.578321,44.901752],[-88.578538,44.901755],[-88.578831,44.902457]],[[-88.578038,44.895266],[-88.577461,44.89572],[-88.576524,44.894807],[-88.577178,44.894298],[-88.578038,44.895266]],[[-88.577915,44.904185],[-88.577642,44.904629],[-88.577152,44.904208],[-88.57731,44.904199],[-88.577915,44.904185]],[[-88.576584,44.919671],[-88.576776,44.920007],[-88.575636,44.920073],[-88.576212,44.919142],[-88.576584,44.919671]],[[-88.575908,44.917404],[-88.576555,44.91769],[-88.575641,44.918465],[-88.574198,44.918719],[-88.572927,44.920367],[-88.571872,44.918309],[-88.575908,44.917404]],[[-88.575861,44.910146],[-88.57403,44.913013],[-88.573821,44.908331],[-88.569419,44.906287],[-88.574367,44.905486],[-88.575861,44.910146]],[[-88.575729,44.894394],[-88.57489,44.897011],[-88.573839,44.89748],[-88.574113,44.895146],[-88.575729,44.894394]],[[-88.57534,44.894036],[-88.573992,44.894841],[-88.573706,44.894452],[-88.574916,44.893739],[-88.57534,44.894036]],[[-88.574436,44.898207],[-88.569465,44.898604],[-88.56589,44.9008],[-88.569592,44.897665],[-88.569022,44.89373],[-88.569962,44.89338],[-88.569689,44.896769],[-88.571286,44.897698],[-88.574436,44.898207]],[[-88.574313,44.893451],[-88.573593,44.894293],[-88.573046,44.894181],[-88.573335,44.893183],[-88.574313,44.893451]],[[-88.573406,44.896666],[-88.57256,44.897741],[-88.570661,44.89655],[-88.571321,44.895805],[-88.573406,44.896666]],[[-88.572704,44.909307],[-88.571722,44.911208],[-88.570388,44.911278],[-88.571048,44.909507],[-88.572704,44.909307]],[[-88.572925,44.892483],[-88.572257,44.894428],[-88.570951,44.893906],[-88.571535,44.892865],[-88.572925,44.892483]],[[-88.571344,44.903462],[-88.56554,44.905086],[-88.564167,44.904129],[-88.567533,44.901823],[-88.571344,44.903462]],[[-88.570802,44.905099],[-88.567592,44.905604],[-88.565599,44.911066],[-88.564618,44.911573],[-88.563119,44.911724],[-88.5627,44.911851],[-88.562507,44.911937],[-88.562253,44.912075],[-88.565103,44.909717],[-88.562045,44.904018],[-88.566293,44.907723],[-88.565269,44.90553],[-88.570802,44.905099]],[[-88.570621,44.918061],[-88.569643,44.918737],[-88.567713,44.916993],[-88.568984,44.916325],[-88.570621,44.918061]],[[-88.568818,44.896295],[-88.564799,44.898342],[-88.566152,44.896035],[-88.563612,44.895816],[-88.565237,44.895233],[-88.568818,44.896295]],[[-88.567666,44.910908],[-88.567654,44.911715],[-88.567032,44.911448],[-88.567666,44.910908]],[[-88.567902,44.917654],[-88.566928,44.919109],[-88.566498,44.918871],[-88.566881,44.917846],[-88.567902,44.917654]],[[-88.567275,44.891429],[-88.567365,44.891807],[-88.566157,44.891969],[-88.566096,44.891586],[-88.567275,44.891429]],[[-88.56693,44.894572],[-88.563625,44.894969],[-88.563469,44.893992],[-88.565934,44.893656],[-88.56693,44.894572]],[[-88.566369,44.919539],[-88.565348,44.920187],[-88.565127,44.920126],[-88.565905,44.919264],[-88.566369,44.919539]],[[-88.565787,44.918223],[-88.56499,44.91942],[-88.564029,44.91912],[-88.564876,44.918215],[-88.565787,44.918223]],[[-88.565589,44.917309],[-88.565706,44.917659],[-88.563618,44.917537],[-88.564979,44.916899],[-88.565589,44.917309]],[[-88.564493,44.896942],[-88.563535,44.898213],[-88.560981,44.8956],[-88.562409,44.895599],[-88.564493,44.896942]],[[-88.564296,44.915857],[-88.562265,44.91699],[-88.561509,44.916454],[-88.562637,44.915849],[-88.564296,44.915857]],[[-88.563191,44.907579],[-88.56196,44.908675],[-88.557912,44.905891],[-88.55992,44.905907],[-88.563191,44.907579]],[[-88.563152,44.894031],[-88.563308,44.894971],[-88.562207,44.894983],[-88.562274,44.894152],[-88.563152,44.894031]],[[-88.563152,44.992747],[-88.562848,44.993748],[-88.56103,44.993483],[-88.561415,44.992558],[-88.563152,44.992747]],[[-88.5627,44.897811],[-88.560144,44.899099],[-88.554995,44.896365],[-88.558548,44.895759],[-88.5627,44.897811]],[[-88.562451,44.910104],[-88.55971,44.910831],[-88.559258,44.909677],[-88.561611,44.909299],[-88.562451,44.910104]],[[-88.56161,44.894077],[-88.561609,44.894993],[-88.560782,44.895005],[-88.560763,44.893688],[-88.56161,44.894077]],[[-88.561511,44.912557],[-88.560682,44.916149],[-88.556993,44.915283],[-88.56047,44.915113],[-88.561511,44.912557]],[[-88.560017,44.913228],[-88.559132,44.914072],[-88.557495,44.913187],[-88.559337,44.912661],[-88.560017,44.913228]],[[-88.557426,44.914097],[-88.557206,44.914208],[-88.556267,44.913469],[-88.556724,44.913419],[-88.557426,44.914097]],[[-88.555124,44.902343],[-88.555307,44.902868],[-88.551707,44.902892],[-88.552384,44.901242],[-88.555124,44.902343]],[[-88.554793,44.904275],[-88.554536,44.904354],[-88.553805,44.904671],[-88.553901,44.903768],[-88.554793,44.904275]],[[-88.554657,44.895242],[-88.55424,44.896782],[-88.552657,44.896983],[-88.552748,44.895439],[-88.554657,44.895242]],[[-88.554394,44.898266],[-88.552188,44.900819],[-88.544422,44.898319],[-88.550296,44.895935],[-88.554394,44.898266]],[[-88.553561,44.903976],[-88.553528,44.904754],[-88.552942,44.904844],[-88.552876,44.903784],[-88.553561,44.903976]],[[-88.550641,44.902441],[-88.550589,44.905177],[-88.544654,44.904846],[-88.54913,44.90421],[-88.550641,44.902441]],[[-88.548459,44.900408],[-88.548348,44.900816],[-88.547081,44.90075],[-88.547128,44.90008],[-88.548459,44.900408]],[[-88.548314,44.90116],[-88.548246,44.901688],[-88.546836,44.901608],[-88.546934,44.90106],[-88.548314,44.90116]],[[-88.54806,44.902928],[-88.548138,44.903132],[-88.546553,44.90303],[-88.546907,44.902444],[-88.54806,44.902928]],[[-88.546917,45.010623],[-88.546788,45.011536],[-88.543806,45.011104],[-88.544695,45.010056],[-88.546917,45.010623]],[[-88.546582,44.895714],[-88.546583,44.895971],[-88.545732,44.895972],[-88.545755,44.895715],[-88.546582,44.895714]],[[-88.546582,44.8952],[-88.546582,44.895491],[-88.545779,44.895563],[-88.545767,44.895249],[-88.546582,44.8952]],[[-88.545658,44.900833],[-88.543407,44.904637],[-88.541226,44.899241],[-88.542998,44.898328],[-88.545658,44.900833]],[[-88.543614,44.895876],[-88.543869,44.897178],[-88.542597,44.898286],[-88.542305,44.895926],[-88.543614,44.895876]],[[-88.543397,44.894806],[-88.543574,44.895539],[-88.542238,44.895614],[-88.542711,44.89451],[-88.543397,44.894806]],[[-88.541827,44.897858],[-88.534764,44.898927],[-88.537762,44.896846],[-88.537361,44.895423],[-88.533293,44.897266],[-88.52986,44.89623],[-88.526864,44.892979],[-88.537773,44.894215],[-88.541827,44.897858]],[[-88.539473,44.903178],[-88.537704,44.904431],[-88.535371,44.90392],[-88.535463,44.902333],[-88.539473,44.903178]],[[-88.538675,45.023183],[-88.538655,45.023668],[-88.537562,45.023654],[-88.537565,45.023184],[-88.538675,45.023183]],[[-88.538502,44.906318],[-88.53753,44.90725],[-88.53587,44.906242],[-88.537627,44.905853],[-88.538502,44.906318]],[[-88.538408,44.904927],[-88.538193,44.905272],[-88.537436,44.904785],[-88.537633,44.904582],[-88.538408,44.904927]],[[-88.537471,44.904981],[-88.537844,44.905368],[-88.536664,44.905492],[-88.537471,44.904981]],[[-88.536539,44.904459],[-88.537201,44.904629],[-88.5361,44.905229],[-88.536539,44.904459]],[[-88.537011,44.907578],[-88.536254,44.908197],[-88.533448,44.908194],[-88.533454,44.907346],[-88.537011,44.907578]],[[-88.535845,44.9048],[-88.535878,44.905183],[-88.535231,44.905325],[-88.535175,44.904858],[-88.535845,44.9048]],[[-88.532745,45.032304],[-88.533529,45.032798],[-88.53249,45.033462],[-88.531874,45.033062],[-88.532745,45.032304]],[[-88.532346,44.903675],[-88.531807,44.904249],[-88.531247,44.903817],[-88.531656,44.903287],[-88.532346,44.903675]],[[-88.530694,44.903899],[-88.529356,44.903907],[-88.528218,44.903169],[-88.530447,44.90324],[-88.530694,44.903899]],[[-88.529855,45.034818],[-88.530652,45.035264],[-88.529704,45.036061],[-88.528977,45.035582],[-88.529855,45.034818]],[[-88.528955,44.905959],[-88.528877,44.906392],[-88.527668,44.906453],[-88.528211,44.905629],[-88.528955,44.905959]],[[-88.528919,44.903922],[-88.528627,44.904343],[-88.527946,44.90429],[-88.528062,44.903525],[-88.528919,44.903922]],[[-88.528742,44.904787],[-88.528841,44.905137],[-88.528058,44.905174],[-88.52799,44.904746],[-88.528742,44.904787]],[[-88.528513,44.992903],[-88.528506,44.994055],[-88.527555,44.994061],[-88.527558,44.992901],[-88.528513,44.992903]],[[-88.527651,44.903056],[-88.527564,44.905597],[-88.527032,44.906386],[-88.525858,44.905706],[-88.527651,44.903056]],[[-88.52762,44.902652],[-88.526407,44.903069],[-88.526307,44.902702],[-88.527592,44.90253],[-88.52762,44.902652]],[[-88.527316,44.90041],[-88.527179,44.90197],[-88.526159,44.902384],[-88.525689,44.90156],[-88.527316,44.90041]],[[-88.526959,44.899534],[-88.52585,44.900456],[-88.525193,44.900319],[-88.525473,44.899442],[-88.526959,44.899534]],[[-88.526591,44.891838],[-88.523673,44.894223],[-88.521281,44.893527],[-88.521752,44.891402],[-88.526591,44.891838]],[[-88.526276,44.898475],[-88.524943,44.8994],[-88.524462,44.898774],[-88.5255,44.898034],[-88.526276,44.898475]],[[-88.526095,45.06689],[-88.52616,45.067433],[-88.525392,45.067437],[-88.525276,45.066965],[-88.526095,45.06689]],[[-88.525345,44.897908],[-88.524519,44.898118],[-88.524478,44.897622],[-88.524974,44.897633],[-88.525345,44.897908]],[[-88.525304,45.042164],[-88.525122,45.042933],[-88.520717,45.042832],[-88.520697,45.042118],[-88.525304,45.042164]],[[-88.524929,44.903982],[-88.524632,44.904624],[-88.523545,44.904144],[-88.523659,44.903586],[-88.524929,44.903982]],[[-88.524186,45.044862],[-88.523222,45.049319],[-88.513644,45.048464],[-88.513664,45.043426],[-88.524186,45.044862]],[[-88.52384,44.902535],[-88.523084,44.903398],[-88.521763,44.903658],[-88.522596,44.901796],[-88.52384,44.902535]],[[-88.522788,45.051011],[-88.522622,45.051709],[-88.52023,45.05142],[-88.52024,45.051005],[-88.522788,45.051011]],[[-88.522352,44.900646],[-88.522179,44.900945],[-88.521516,44.900922],[-88.521676,44.900469],[-88.522352,44.900646]],[[-88.520385,44.893114],[-88.520507,44.893599],[-88.519362,44.893883],[-88.519164,44.893034],[-88.520385,44.893114]],[[-88.520026,44.891111],[-88.519732,44.89174],[-88.518627,44.891305],[-88.518871,44.890869],[-88.520026,44.891111]],[[-88.519359,44.89207],[-88.518862,44.8924],[-88.51738,44.891418],[-88.517657,44.891133],[-88.519359,44.89207]],[[-88.519255,45.059202],[-88.519252,45.061086],[-88.518685,45.061092],[-88.518638,45.059196],[-88.519255,45.059202]],[[-88.518944,44.89399],[-88.517981,44.893957],[-88.518143,44.893138],[-88.5188,44.893107],[-88.518944,44.89399]],[[-88.517608,44.891986],[-88.518084,44.892601],[-88.517034,44.892801],[-88.517027,44.892096],[-88.516978,44.891459],[-88.517608,44.891986]],[[-88.517378,44.994135],[-88.517384,44.995326],[-88.510382,44.995276],[-88.510398,44.994165],[-88.517378,44.994135]],[[-88.516794,45.030827],[-88.516797,45.031132],[-88.514969,45.031393],[-88.514993,45.031074],[-88.516794,45.030827]],[[-88.516086,44.987965],[-88.515317,44.989104],[-88.514378,44.988834],[-88.515135,44.987627],[-88.516086,44.987965]],[[-88.515651,44.894464],[-88.515724,44.894544],[-88.514754,44.89481],[-88.514782,44.894689],[-88.515651,44.894464]],[[-88.515606,44.893094],[-88.515577,44.893643],[-88.513099,44.894032],[-88.513556,44.892609],[-88.515606,44.893094]],[[-88.515545,45.059194],[-88.515457,45.062692],[-88.504999,45.060021],[-88.504993,45.059106],[-88.515545,45.059194]],[[-88.514726,44.891409],[-88.513175,44.891704],[-88.51238,44.890605],[-88.514302,44.890514],[-88.514726,44.891409]],[[-88.514574,44.89421],[-88.513932,44.894819],[-88.513347,44.894599],[-88.514169,44.894245],[-88.514574,44.89421]],[[-88.513878,45.029958],[-88.513834,45.031577],[-88.511747,45.031951],[-88.511757,45.031065],[-88.513878,45.029958]],[[-88.513273,45.054994],[-88.513081,45.055665],[-88.511317,45.055271],[-88.511538,45.054641],[-88.513273,45.054994]],[[-88.507096,44.891879],[-88.504408,44.893432],[-88.503869,44.892792],[-88.505143,44.892212],[-88.507096,44.891879]],[[-88.506526,45.033569],[-88.506453,45.036182],[-88.502903,45.035651],[-88.502906,45.033239],[-88.506526,45.033569]],[[-88.50529,44.871161],[-88.503373,44.873634],[-88.502206,44.872422],[-88.503226,44.871055],[-88.50529,44.871161]],[[-88.505298,44.870359],[-88.503229,44.870602],[-88.503189,44.870156],[-88.505289,44.87018],[-88.505298,44.870359]],[[-88.505259,44.869549],[-88.503084,44.86982],[-88.502954,44.869424],[-88.505185,44.869288],[-88.505259,44.869549]],[[-88.504949,44.86874],[-88.502925,44.869349],[-88.502235,44.868821],[-88.502857,44.867683],[-88.504949,44.86874]],[[-88.504196,44.893578],[-88.502116,44.894961],[-88.501362,44.894397],[-88.503677,44.892918],[-88.504196,44.893578]],[[-88.502576,44.90184],[-88.502593,44.902565],[-88.492048,44.902469],[-88.493212,44.901214],[-88.502576,44.90184]],[[-88.502587,44.873996],[-88.501883,44.874312],[-88.500952,44.873101],[-88.501517,44.872797],[-88.502587,44.873996]],[[-88.50215,44.893702],[-88.500944,44.894492],[-88.493199,44.892702],[-88.498624,44.891666],[-88.50215,44.893702]],[[-88.501396,44.867541],[-88.501745,44.868844],[-88.499925,44.869335],[-88.499197,44.868078],[-88.501396,44.867541]],[[-88.499918,44.873475],[-88.500167,44.874075],[-88.499792,44.874135],[-88.49952,44.873567],[-88.499918,44.873475]],[[-88.499887,44.875009],[-88.499491,44.87514],[-88.498404,44.873834],[-88.499095,44.873665],[-88.499887,44.875009]],[[-88.49956,44.994507],[-88.498796,44.996411],[-88.496047,44.99561],[-88.496059,44.994572],[-88.49956,44.994507]],[[-88.499359,44.869511],[-88.49855,44.869744],[-88.497921,44.868415],[-88.498645,44.868229],[-88.499359,44.869511]],[[-88.49781,44.869899],[-88.496108,44.870033],[-88.49593,44.868663],[-88.497184,44.868564],[-88.49781,44.869899]],[[-88.496296,44.874568],[-88.495176,44.875743],[-88.494623,44.875553],[-88.49555,44.874253],[-88.496296,44.874568]],[[-88.495573,44.868744],[-88.495722,44.870051],[-88.495078,44.870095],[-88.494781,44.86895],[-88.495573,44.868744]],[[-88.494754,44.873991],[-88.493754,44.875255],[-88.493172,44.874889],[-88.49453,44.873737],[-88.494754,44.873991]],[[-88.494242,44.870278],[-88.493979,44.870391],[-88.492754,44.869628],[-88.493796,44.869069],[-88.494242,44.870278]],[[-88.494061,44.893215],[-88.491698,44.896573],[-88.490094,44.896325],[-88.491343,44.893876],[-88.494061,44.893215]],[[-88.493759,44.872892],[-88.492355,44.873537],[-88.492129,44.873249],[-88.49336,44.872398],[-88.493759,44.872892]],[[-88.493824,44.870518],[-88.493632,44.871385],[-88.491423,44.871037],[-88.491838,44.870152],[-88.493824,44.870518]],[[-88.491161,44.897151],[-88.491124,44.898769],[-88.490221,44.898766],[-88.490313,44.897152],[-88.491161,44.897151]],[[-88.900292,45.013629],[-88.899721,45.014987],[-88.898749,45.014349],[-88.898933,45.014013],[-88.900292,45.013629]],[[-88.82837,44.983661],[-88.828744,44.984433],[-88.828398,44.9846],[-88.827985,44.983744],[-88.82837,44.983661]],[[-88.81982,44.978943],[-88.819056,44.979739],[-88.818975,44.979321],[-88.817661,44.979038],[-88.81982,44.978943]],[[-88.82043,44.979704],[-88.820208,44.980068],[-88.819841,44.979934],[-88.820085,44.979652],[-88.82043,44.979704]],[[-88.82046,44.979613],[-88.820111,44.97954],[-88.819889,44.978745],[-88.820459,44.978851],[-88.82046,44.979613]],[[-88.628483,44.886406],[-88.628672,44.887659],[-88.627671,44.887656],[-88.62801,44.886409],[-88.628483,44.886406]],[[-88.615493,44.891408],[-88.615739,44.892733],[-88.605836,44.894439],[-88.605752,44.895793],[-88.602648,44.893242],[-88.615493,44.891408]],[[-88.619323,44.891254],[-88.617156,44.893264],[-88.615493,44.891408],[-88.618218,44.890305],[-88.619323,44.891254]],[[-88.619908,44.891375],[-88.620175,44.893734],[-88.617524,44.894401],[-88.619323,44.891254],[-88.619908,44.891375]],[[-88.607845,44.895523],[-88.60756,44.895719],[-88.606888,44.895563],[-88.607129,44.895218],[-88.607845,44.895523]],[[-88.608407,44.895137],[-88.608621,44.895739],[-88.607845,44.895523],[-88.608407,44.895137]],[[-88.608805,44.894955],[-88.608407,44.895137],[-88.607775,44.894731],[-88.608203,44.894495],[-88.608805,44.894955]],[[-88.605071,44.898149],[-88.604177,44.898045],[-88.604188,44.897776],[-88.605162,44.897646],[-88.605071,44.898149]],[[-88.597702,44.903051],[-88.597912,44.903185],[-88.597822,44.903991],[-88.597348,44.903789],[-88.597702,44.903051]],[[-88.588157,44.905886],[-88.587941,44.907838],[-88.585731,44.907137],[-88.585922,44.90591],[-88.588157,44.905886]],[[-88.578201,44.903842],[-88.578798,44.903558],[-88.579393,44.903878],[-88.579328,44.904043],[-88.578201,44.903842]],[[-88.578925,44.89706],[-88.576831,44.898608],[-88.575548,44.898502],[-88.576029,44.89783],[-88.578925,44.89706]],[[-88.566118,44.899569],[-88.565023,44.90201],[-88.563095,44.899134],[-88.564193,44.898672],[-88.566118,44.899569]],[[-88.569981,44.89561],[-88.570555,44.894934],[-88.571119,44.895065],[-88.570502,44.895775],[-88.569981,44.89561]],[[-88.570991,44.911627],[-88.57249,44.912265],[-88.567413,44.91585],[-88.567275,44.913099],[-88.570991,44.911627]],[[-88.56234,44.912028],[-88.563848,44.911837],[-88.566439,44.916253],[-88.564455,44.916006],[-88.56234,44.912028]],[[-88.565614,44.911046],[-88.566511,44.910682],[-88.567015,44.91088],[-88.566712,44.911527],[-88.565614,44.911046]],[[-88.558526,44.906746],[-88.558459,44.910074],[-88.561304,44.912469],[-88.557815,44.912087],[-88.558526,44.906746]],[[-88.536281,44.896052],[-88.536589,44.896714],[-88.535801,44.89673],[-88.535779,44.896712],[-88.536281,44.896052]],[[-88.531656,44.903287],[-88.530902,44.902931],[-88.530403,44.901278],[-88.531772,44.902481],[-88.531656,44.903287]],[[-88.517027,44.892096],[-88.516414,44.892868],[-88.515905,44.892616],[-88.516606,44.891795],[-88.517027,44.892096]],[[-88.504993,45.059106],[-88.502636,45.059137],[-88.50266,45.057655],[-88.504979,45.057662],[-88.504993,45.059106]],[[-88.578829,44.903565],[-88.579084,44.902814],[-88.581101,44.903378],[-88.580872,44.90412],[-88.578829,44.903565]]]]},"properties":{"GEOID":"2175R","TRIBE_NAME":"MenomineeIndianTribeofWisconsin"}},{"type":"Feature","id":119,"geometry":{"type":"Polygon","coordinates":[[[-116.841294,32.774756],[-116.823768,32.772552],[-116.823929,32.786684],[-116.841219,32.786594],[-116.841294,32.774756]]]},"properties":{"GEOID":"4090R","TRIBE_NAME":"SycuanBandoftheKumeyaayNation"}},{"type":"Feature","id":120,"geometry":{"type":"MultiPolygon","coordinates":[[[[-86.211301,32.527636],[-86.207406,32.526581],[-86.20818,32.531508],[-86.209523,32.53159],[-86.211301,32.527636]]],[[[-87.483554,31.10318],[-87.481725,31.101793],[-87.480017,31.101633],[-87.481006,31.103304],[-87.483554,31.10318]]],[[[-87.556802,31.102213],[-87.556043,31.094305],[-87.550475,31.094293],[-87.555697,31.099225],[-87.556802,31.102213]]],[[[-87.560229,31.101305],[-87.560254,31.100047],[-87.557217,31.099219],[-87.557167,31.100318],[-87.560229,31.101305]]],[[[-87.57374,31.103031],[-87.563895,31.104038],[-87.556674,31.10325],[-87.573534,31.107018],[-87.57374,31.103031]]]]},"properties":{"GEOID":"2865R","TRIBE_NAME":"PoarchBandofCreekIndians"}},{"type":"Feature","id":121,"geometry":{"type":"Polygon","coordinates":[[[-121.357874,39.563464],[-121.35787,39.559776],[-121.353083,39.559797],[-121.353144,39.563544],[-121.357874,39.563464]]]},"properties":{"GEOID":"1055R","TRIBE_NAME":"EnterpriseRancheriaofMaiduIndiansofCalifornia"}},{"type":"Feature","id":122,"geometry":{"type":"MultiPolygon","coordinates":[[[[-114.00021,39.992327],[-113.999495,39.97405],[-113.982115,39.970736],[-113.974098,40.025228],[-113.987644,40.025545],[-114.00021,39.992327]]],[[[-114.22853,39.91258],[-114.22846,39.862837],[-114.126284,39.862743],[-114.126918,39.783007],[-114.047867,39.779408],[-114.047017,39.724804],[-113.967154,39.724913],[-113.976755,39.749482],[-113.957779,39.749469],[-113.95771,39.702894],[-113.930463,39.721609],[-113.948414,39.819163],[-113.943315,39.833899],[-113.924205,39.833719],[-113.92482,39.905937],[-114.047038,39.906103],[-114.046908,39.980595],[-114.060227,39.993233],[-114.227713,39.993475],[-114.22853,39.91258]]]]},"properties":{"GEOID":"1340R","TRIBE_NAME":"ConfederatedTribesoftheGoshuteReservation,NevadaandUtah"}},{"type":"Feature","id":123,"geometry":{"type":"MultiPolygon","coordinates":[[[[-71.635706,41.396959],[-71.634129,41.394991],[-71.630906,41.396513],[-71.631901,41.398621],[-71.635706,41.396959]]],[[[-71.656871,41.423442],[-71.648379,41.417321],[-71.646917,41.427401],[-71.651599,41.427633],[-71.656871,41.423442]]],[[[-71.659149,41.416172],[-71.656804,41.415693],[-71.647959,41.414877],[-71.653386,41.418623],[-71.659149,41.416172]]],[[[-71.6802,41.403172],[-71.668138,41.386097],[-71.657395,41.385359],[-71.652424,41.394169],[-71.6802,41.403172]],[[-71.659094,41.390256],[-71.658664,41.389683],[-71.659038,41.389333],[-71.659757,41.3906],[-71.659094,41.390256]]],[[[-71.695017,41.426711],[-71.677386,41.407903],[-71.647598,41.403935],[-71.64746,41.413847],[-71.664683,41.414988],[-71.670139,41.427842],[-71.695017,41.426711]],[[-71.660927,41.410384],[-71.659869,41.410771],[-71.65946,41.409328],[-71.660199,41.409137],[-71.660927,41.410384]]],[[[-71.7016,41.430185],[-71.697205,41.426229],[-71.695167,41.426268],[-71.700282,41.430857],[-71.7016,41.430185]]]]},"properties":{"GEOID":"2415R","TRIBE_NAME":"NarragansettIndianTribe"}},{"type":"Feature","id":124,"geometry":{"type":"MultiPolygon","coordinates":[[[[-122.908886,47.220044],[-122.904553,47.215425],[-122.899492,47.216815],[-122.906534,47.22152],[-122.908886,47.220044]]],[[[-122.931021,47.220161],[-122.915487,47.181148],[-122.892124,47.168094],[-122.911365,47.211359],[-122.931021,47.220161]]],[[[-123.084713,47.124677],[-123.083001,47.121005],[-123.074136,47.121045],[-123.074867,47.128162],[-123.084713,47.124677]]],[[[-123.103077,47.125964],[-123.100477,47.126098],[-123.099757,47.130413],[-123.102336,47.130142],[-123.103077,47.125964]]],[[[-123.104123,47.125467],[-123.100743,47.125474],[-123.100713,47.125808],[-123.102409,47.125691],[-123.104123,47.125467]]]]},"properties":{"GEOID":"3955R","TRIBE_NAME":"SquaxinIslandTribeoftheSquaxinIslandReservation"}},{"type":"Feature","id":125,"geometry":{"type":"Polygon","coordinates":[[[-79.137083,42.569926],[-79.103863,42.568035],[-79.101407,42.538027],[-79.081387,42.53752],[-79.081275,42.523429],[-78.98243,42.52157],[-78.983051,42.468831],[-78.943889,42.4685],[-78.943515,42.551996],[-78.963166,42.552178],[-78.963207,42.56673],[-79.06205,42.568392],[-79.062011,42.582387],[-79.101112,42.585544],[-79.13145,42.585619],[-79.137083,42.569926]]]},"properties":{"GEOID":"0540R","TRIBE_NAME":"SenecaNationofIndians"}},{"type":"Feature","id":126,"geometry":{"type":"Polygon","coordinates":[[[-122.860462,38.703112],[-122.854709,38.697577],[-122.852702,38.698998],[-122.854678,38.704812],[-122.860462,38.703112]]]},"properties":{"GEOID":"0955R","TRIBE_NAME":"DryCreekRancheriaBandofPomoIndians,California"}},{"type":"Feature","id":127,"geometry":{"type":"Polygon","coordinates":[[[-116.711074,32.849097],[-116.710869,32.838206],[-116.672169,32.841719],[-116.667933,32.855747],[-116.702857,32.866467],[-116.711074,32.849097]]]},"properties":{"GEOID":"4500R","TRIBE_NAME":"CapitanGrandeBandofDieguenoMissionIndiansofCalifornia:Viejas(BaronLong)GroupofCapitanGrandeBandofMissionIndiansoftheViejasReservation,California"}},{"type":"Feature","id":128,"geometry":{"type":"Polygon","coordinates":[[[-124.210267,41.954137],[-124.207521,41.945815],[-124.194917,41.958375],[-124.206982,41.958606],[-124.210267,41.954137]]]},"properties":{"GEOID":"3855R","TRIBE_NAME":"TolowaDee-ni'Nation"}},{"type":"Feature","id":129,"geometry":{"type":"Polygon","coordinates":[[[-114.552582,33.688368],[-114.514068,33.660184],[-114.54715,33.638729],[-114.414468,33.630184],[-114.365729,33.594712],[-114.348474,33.781195],[-114.220113,34.10585],[-114.227329,34.123201],[-114.212348,34.125861],[-114.255264,34.281207],[-114.514894,34.012538],[-114.510648,33.968638],[-114.53781,33.932509],[-114.52276,33.881227],[-114.534519,33.831928],[-114.527053,33.76703],[-114.504851,33.76021],[-114.51236,33.734219],[-114.494418,33.7054],[-114.509831,33.691719],[-114.542161,33.705613],[-114.552582,33.688368]]]},"properties":{"GEOID":"0735R","TRIBE_NAME":"ColoradoRiverIndianTribesoftheColoradoRiverIndianReservation,ArizonaandCalifornia"}},{"type":"Feature","id":130,"geometry":{"type":"Polygon","coordinates":[[[-102.000472,44.83463],[-102.000442,44.511143],[-101.98579,44.525162],[-101.888474,44.538567],[-101.811208,44.52238],[-101.79893,44.542261],[-101.744356,44.555179],[-101.746994,44.567795],[-101.712403,44.580207],[-101.68296,44.570678],[-101.660823,44.588144],[-101.531045,44.567882],[-101.494017,44.583972],[-101.497197,44.599822],[-101.455807,44.610235],[-101.466795,44.619282],[-101.454871,44.638036],[-101.364766,44.656429],[-101.373985,44.670979],[-101.358239,44.673662],[-101.359903,44.689026],[-101.235149,44.690581],[-101.16118,44.722082],[-101.141321,44.747006],[-101.06293,44.742512],[-101.022621,44.72416],[-100.910741,44.783711],[-100.889053,44.769823],[-100.831194,44.78335],[-100.797974,44.763512],[-100.774472,44.772186],[-100.7734,44.758502],[-100.745316,44.775883],[-100.7285,44.764707],[-100.717654,44.770937],[-100.724237,44.807637],[-100.700938,44.828776],[-100.610981,44.770109],[-100.543494,44.761094],[-100.394101,44.867323],[-100.423786,44.973116],[-100.408389,45.011822],[-100.377659,45.030109],[-100.279394,45.020076],[-100.3266,45.090871],[-100.27901,45.158901],[-100.257519,45.235686],[-100.316669,45.317912],[-100.273922,45.38116],[-100.341285,45.471904],[-101.999792,45.471539],[-102.000472,44.83463]]]},"properties":{"GEOID":"0605R","TRIBE_NAME":"CheyenneRiverSiouxTribeoftheCheyenneRiverReservation,SouthDakota"}},{"type":"Feature","id":131,"geometry":{"type":"Polygon","coordinates":[[[-122.39237,40.507698],[-122.39174,40.505552],[-122.379441,40.505001],[-122.384333,40.514358],[-122.39237,40.507698]]]},"properties":{"GEOID":"3095R","TRIBE_NAME":"ReddingRancheria,California"}},{"type":"Feature","id":132,"geometry":{"type":"Polygon","coordinates":[[[-106.5301,35.417955],[-106.487256,35.395707],[-106.512089,35.368264],[-106.474772,35.366522],[-106.480906,35.357992],[-106.394813,35.348363],[-106.399688,35.365243],[-106.355178,35.365639],[-106.355894,35.471182],[-106.400646,35.471099],[-106.487116,35.533001],[-106.503199,35.523909],[-106.490263,35.450806],[-106.530118,35.450863],[-106.5301,35.417955]]]},"properties":{"GEOID":"3400R","TRIBE_NAME":"PuebloofSanFelipe,NewMexico"}},{"type":"Feature","id":133,"geometry":{"type":"MultiPolygon","coordinates":[[[[-117.597607,41.963375],[-117.597648,41.959584],[-117.587859,41.959667],[-117.587904,41.963501],[-117.597607,41.963375]]],[[[-117.607045,41.919095],[-117.587979,41.904825],[-117.578228,41.90478],[-117.589114,41.919527],[-117.607045,41.919095]]],[[[-117.636743,41.984691],[-117.63664,41.981469],[-117.627182,41.98148],[-117.62734,41.984932],[-117.636743,41.984691]]],[[[-117.646776,41.944353],[-117.641907,41.942992],[-117.641859,41.949966],[-117.646681,41.94997],[-117.646776,41.944353]]],[[[-117.652039,41.970507],[-117.646619,41.968516],[-117.641788,41.979528],[-117.651352,41.9792],[-117.652039,41.970507]]],[[[-117.666282,41.971522],[-117.666208,41.967855],[-117.656611,41.967894],[-117.656521,41.971663],[-117.666282,41.971522]]],[[[-117.73467,41.940143],[-117.73513,41.922805],[-117.69571,41.919855],[-117.695577,41.949283],[-117.666263,41.94225],[-117.647506,41.954655],[-117.626983,41.941072],[-117.611908,41.948648],[-117.607263,41.970516],[-117.558906,41.970633],[-117.53021,41.99903],[-117.505725,41.999898],[-117.496986,42.045873],[-117.51594,42.045839],[-117.516094,42.067934],[-117.540317,42.096513],[-117.574296,42.10367],[-117.564526,42.075116],[-117.583992,42.082034],[-117.593538,42.060102],[-117.612955,42.060008],[-117.627329,41.971517],[-117.73467,41.940143]],[[-117.574244,42.015012],[-117.554402,42.017331],[-117.55445,42.002897],[-117.574077,42.002856],[-117.574244,42.015012]],[[-117.554966,42.083502],[-117.554939,42.085639],[-117.544848,42.085583],[-117.54482,42.081941],[-117.554966,42.083502]],[[-117.554827,42.073013],[-117.546079,42.075074],[-117.546166,42.059995],[-117.554722,42.059906],[-117.554827,42.073013]],[[-117.550508,42.089492],[-117.550536,42.093011],[-117.545403,42.092994],[-117.545376,42.089347],[-117.550508,42.089492]],[[-117.525547,42.067893],[-117.525468,42.063876],[-117.540179,42.061492],[-117.540376,42.071176],[-117.525547,42.067893]],[[-117.611884,41.963324],[-117.617386,41.963241],[-117.617364,41.966769],[-117.611865,41.966802],[-117.611884,41.963324]],[[-117.611898,41.985063],[-117.609471,41.988918],[-117.607116,41.985112],[-117.610804,41.985076],[-117.611898,41.985063]],[[-117.62187,41.97795],[-117.616808,41.985003],[-117.611898,41.985063],[-117.611891,41.974248],[-117.62187,41.97795]],[[-117.617386,41.963241],[-117.617261,41.956004],[-117.636998,41.952291],[-117.633889,41.966654],[-117.617386,41.963241]]],[[[-117.754327,41.980869],[-117.749413,41.951658],[-117.71536,41.956051],[-117.734673,41.992034],[-117.754327,41.980869]]],[[[-118.178697,41.506809],[-118.140403,41.505784],[-118.11126,41.479882],[-118.144879,41.516726],[-118.178697,41.506809]]],[[[-118.244659,41.491623],[-118.202824,41.487718],[-118.188434,41.494972],[-118.183743,41.48036],[-118.173845,41.480391],[-118.178705,41.505869],[-118.244659,41.491623]]],[[[-118.25467,41.487775],[-118.254625,41.484136],[-118.244583,41.484135],[-118.244612,41.487828],[-118.25467,41.487775]]],[[[-118.268871,41.480481],[-118.259103,41.477152],[-118.254625,41.484136],[-118.264488,41.484183],[-118.268871,41.480481]]],[[[-118.278394,41.468606],[-118.268782,41.469874],[-118.268706,41.477042],[-118.278383,41.473605],[-118.278394,41.468606]]],[[[-118.331981,41.481489],[-118.307487,41.462789],[-118.278412,41.462782],[-118.30264,41.466369],[-118.331981,41.481489]]]]},"properties":{"GEOID":"1210R","TRIBE_NAME":"FortMcDermittPaiuteandShoshoneTribesoftheFortMcDermittIndianReservation,NevadaandOregon"}},{"type":"Feature","id":134,"geometry":{"type":"Polygon","coordinates":[[[-116.912243,46.433443],[-116.878901,46.448049],[-116.838206,46.212635],[-115.964944,45.992641],[-115.896488,46.145811],[-116.256778,46.565335],[-116.911739,46.533889],[-116.912243,46.433443]]]},"properties":{"GEOID":"2445R","TRIBE_NAME":"NezPerceTribe"}},{"type":"Feature","id":135,"geometry":{"type":"Polygon","coordinates":[[[-111.331807,34.221147],[-111.325706,34.217563],[-111.325709,34.224892],[-111.330148,34.224905],[-111.331807,34.221147]]]},"properties":{"GEOID":"4235R","TRIBE_NAME":"TontoApacheTribeofArizona"}},{"type":"Feature","id":136,"geometry":{"type":"Polygon","coordinates":[[[-100.444529,28.609031],[-100.433258,28.606343],[-100.430515,28.608646],[-100.437992,28.614909],[-100.444529,28.609031]]]},"properties":{"GEOID":"1775R","TRIBE_NAME":"KickapooTraditionalTribeofTexas"}},{"type":"Feature","id":137,"geometry":{"type":"Polygon","coordinates":[[[-114.461168,34.494577],[-114.461017,34.477958],[-114.42668,34.477855],[-114.42664,34.496757],[-114.40856,34.496911],[-114.407922,34.384027],[-114.314999,34.383735],[-114.314505,34.398351],[-114.297596,34.3983],[-114.297782,34.383676],[-114.250654,34.383672],[-114.292014,34.398506],[-114.29698,34.420398],[-114.337394,34.432302],[-114.339851,34.446487],[-114.363169,34.439426],[-114.401468,34.455755],[-114.405391,34.490691],[-114.387153,34.529327],[-114.408703,34.561444],[-114.42544,34.550504],[-114.412389,34.567784],[-114.439661,34.592849],[-114.447845,34.564176],[-114.461156,34.564151],[-114.461168,34.494577]]]},"properties":{"GEOID":"0585R","TRIBE_NAME":"ChemehueviIndianTribeoftheChemehueviReservation,California"}},{"type":"Feature","id":138,"geometry":{"type":"MultiPolygon","coordinates":[[[[-111.783028,34.641067],[-111.782405,34.640264],[-111.781054,34.640351],[-111.78194,34.641624],[-111.783028,34.641067]]],[[[-111.854426,34.558134],[-111.849276,34.554847],[-111.848032,34.558119],[-111.853774,34.558525],[-111.854426,34.558134]]],[[[-111.863483,34.6093],[-111.863438,34.603887],[-111.857592,34.603919],[-111.859067,34.609295],[-111.863483,34.6093]]],[[[-111.864105,34.613961],[-111.862351,34.612885],[-111.859462,34.612893],[-111.860003,34.613959],[-111.864105,34.613961]]],[[[-111.933065,34.637224],[-111.906033,34.620064],[-111.910157,34.606904],[-111.889636,34.609924],[-111.891182,34.628409],[-111.933065,34.637224]]],[[[-112.075542,34.766186],[-112.06624,34.769133],[-112.066055,34.771924],[-112.073674,34.769485],[-112.075542,34.766186]]],[[[-112.079725,34.765012],[-112.079684,34.761426],[-112.075533,34.761432],[-112.075563,34.765183],[-112.079725,34.765012]]]]},"properties":{"GEOID":"4708R","TRIBE_NAME":"Yavapai-ApacheNationoftheCampVerdeIndianReservation,Arizona"}},{"type":"Feature","id":139,"geometry":{"type":"Polygon","coordinates":[[[-94.742168,30.727594],[-94.710551,30.700733],[-94.66627,30.70664],[-94.666551,30.723953],[-94.694241,30.715463],[-94.717927,30.749194],[-94.742168,30.727594]]]},"properties":{"GEOID":"0050R","TRIBE_NAME":"Alabama-CoushattaTribeofTexas"}},{"type":"Feature","id":140,"geometry":{"type":"MultiPolygon","coordinates":[[[[-95.017273,44.54378],[-95.017264,44.541686],[-95.015011,44.541694],[-95.015017,44.543204],[-95.017273,44.54378]]],[[[-95.017298,44.540212],[-94.986583,44.514636],[-94.96691,44.521827],[-94.969672,44.539156],[-95.017298,44.540212]]]]},"properties":{"GEOID":"2055R","TRIBE_NAME":"LowerSiouxIndianCommunityintheStateofMinnesota"}},{"type":"Feature","id":141,"geometry":{"type":"MultiPolygon","coordinates":[[[[-119.32688,36.97092],[-119.326935,36.968684],[-119.317815,36.968645],[-119.317923,36.972565],[-119.32688,36.97092]]],[[[-119.335914,36.977418],[-119.335936,36.975757],[-119.331796,36.975728],[-119.3318,36.977387],[-119.335914,36.977418]]]]},"properties":{"GEOID":"0720R","TRIBE_NAME":"ColdSpringsRancheriaofMonoIndiansofCalifornia"}},{"type":"Feature","id":142,"geometry":{"type":"Polygon","coordinates":[[[-106.119055,36.073563],[-106.118732,36.016335],[-106.024776,36.016575],[-106.025467,36.089804],[-106.118728,36.090125],[-106.119055,36.073563]]]},"properties":{"GEOID":"2510R","TRIBE_NAME":"OhkayOwingeh,NewMexico"}},{"type":"Feature","id":143,"geometry":{"type":"Polygon","coordinates":[[[-118.293958,37.158957],[-118.293606,37.155413],[-118.280377,37.151895],[-118.280654,37.166181],[-118.293958,37.158957]]]},"properties":{"GEOID":"0250R","TRIBE_NAME":"BigPinePaiuteTribeoftheOwensValley"}},{"type":"Feature","id":144,"geometry":{"type":"MultiPolygon","coordinates":[[[[-124.084017,43.983988],[-124.083928,43.983988],[-124.083928,43.984519],[-124.083981,43.984519],[-124.084017,43.983988]]],[[[-124.174353,43.430898],[-124.174377,43.430703],[-124.174205,43.430741],[-124.174206,43.430921],[-124.174353,43.430898]]],[[[-124.266628,43.390047],[-124.266353,43.38808],[-124.264215,43.389798],[-124.265617,43.391016],[-124.266628,43.390047]]],[[[-124.449791,42.809932],[-124.449808,42.809862],[-124.445259,42.809706],[-124.448956,42.811262],[-124.449791,42.809932]]]]},"properties":{"GEOID":"0770R","TRIBE_NAME":"ConfederatedTribesoftheCoos,LowerUmpquaandSiuslawIndians"}},{"type":"Feature","id":145,"geometry":{"type":"Polygon","coordinates":[[[-90.011815,45.991088],[-89.982756,45.982273],[-89.981466,45.897373],[-89.756408,45.890571],[-89.76217,46.069543],[-90.01136,46.068521],[-90.011153,46.053332],[-89.992148,46.053316],[-89.992318,46.039672],[-90.011135,46.039508],[-90.011815,45.991088]]]},"properties":{"GEOID":"1825R","TRIBE_NAME":"LacduFlambeauBandofLakeSuperiorChippewaIndiansoftheLacduFlambeauReservationofWisconsin"}},{"type":"Feature","id":146,"geometry":{"type":"Polygon","coordinates":[[[-116.378261,32.754909],[-116.361034,32.734288],[-116.326679,32.734391],[-116.313049,32.764038],[-116.317022,32.77076],[-116.377804,32.771151],[-116.378261,32.754909]],[[-116.343614,32.758549],[-116.343562,32.766836],[-116.335041,32.766833],[-116.334988,32.758538],[-116.343614,32.758549]]]},"properties":{"GEOID":"2115R","TRIBE_NAME":"ManzanitaBandofDieguenoMissionIndiansoftheManzanitaReservation,California"}},{"type":"Feature","id":147,"geometry":{"type":"MultiPolygon","coordinates":[[[[-120.184653,41.84585],[-120.184653,41.842744],[-120.170386,41.839979],[-120.170439,41.845824],[-120.184653,41.84585]]],[[[-120.21141,41.8622],[-120.215809,41.848493],[-120.152521,41.849401],[-120.190311,41.881947],[-120.20979,41.885331],[-120.21141,41.8622]]]]},"properties":{"GEOID":"1170R","TRIBE_NAME":"FortBidwellIndianCommunityoftheFortBidwellReservationofCalifornia"}},{"type":"Feature","id":148,"geometry":{"type":"Polygon","coordinates":[[[-107.019701,45.353967],[-106.729554,45.351487],[-106.729627,45.407412],[-106.729062,45.407538],[-106.627883,45.404549],[-106.499898,45.374896],[-106.465073,45.392786],[-106.461947,45.418667],[-106.437746,45.414081],[-106.425806,45.441801],[-106.393005,45.451306],[-106.401342,45.466042],[-106.349216,45.485951],[-106.355318,45.495644],[-106.320796,45.520033],[-106.33018,45.531117],[-106.310167,45.532224],[-106.322933,45.542266],[-106.286828,45.555016],[-106.294357,45.598754],[-106.267547,45.605429],[-106.285044,45.610951],[-106.274844,45.632428],[-106.291808,45.633749],[-106.278845,45.640965],[-106.296285,45.651534],[-106.283075,45.679695],[-106.543644,45.690663],[-106.60448,45.67628],[-106.846487,45.676594],[-107.0163,45.691408],[-107.019701,45.353967]]]},"properties":{"GEOID":"2490R","TRIBE_NAME":"NorthernCheyenneTribeoftheNorthernCheyenneIndianReservation,Montana"}},{"type":"Feature","id":149,"geometry":{"type":"MultiPolygon","coordinates":[[[[-111.217225,32.103736],[-111.21648,32.000366],[-110.96135,32.001505],[-110.960762,32.119384],[-111.011882,32.119401],[-111.011605,32.148415],[-111.019432,32.104938],[-111.217225,32.103736]]],[[[-111.409057,33.022787],[-111.409011,33.016875],[-111.406137,33.016928],[-111.406241,33.023174],[-111.409057,33.022787]]],[[[-112.723767,33.005209],[-112.721534,33.002953],[-112.717483,33.006294],[-112.722778,33.007125],[-112.723767,33.005209]]],[[[-112.728522,32.25061],[-112.727504,32.156952],[-112.668009,32.156976],[-112.669554,32.113625],[-112.697427,32.097235],[-112.702678,32.071583],[-112.682726,32.013988],[-112.655587,31.999079],[-112.659835,31.951329],[-112.623712,31.924065],[-112.623832,31.895555],[-112.60701,31.895636],[-112.607771,31.815762],[-111.623121,31.507863],[-111.623114,31.550123],[-111.594256,31.552322],[-111.650859,31.583088],[-111.631106,31.677812],[-111.642459,31.68631],[-111.61069,31.710854],[-111.616439,31.731955],[-111.580437,31.794577],[-111.572137,31.845347],[-111.605303,31.893998],[-111.581683,31.89478],[-111.581196,31.923724],[-111.547556,31.922717],[-111.547349,32.009833],[-111.478548,32.01067],[-111.478403,32.024954],[-111.386106,32.044645],[-111.386113,32.058641],[-111.478943,32.054397],[-111.474898,32.099899],[-111.440756,32.100125],[-111.440895,32.172536],[-111.291034,32.175658],[-111.291046,32.19726],[-111.21799,32.190181],[-111.218084,32.226491],[-111.474295,32.215955],[-111.473722,32.374197],[-111.578913,32.374007],[-111.579353,32.421908],[-111.681835,32.419003],[-111.681555,32.374249],[-111.767462,32.37442],[-111.767532,32.419586],[-111.795034,32.419942],[-111.792623,32.679352],[-111.775799,32.680775],[-111.774425,32.719253],[-111.7403,32.718927],[-111.740177,32.758005],[-111.774408,32.763151],[-111.775296,32.792709],[-111.878249,32.792368],[-111.87764,32.767612],[-112.049526,32.767614],[-112.049596,32.72361],[-112.15172,32.723103],[-112.149428,32.681462],[-112.203585,32.683598],[-112.203597,32.637812],[-112.306539,32.637723],[-112.306602,32.593812],[-112.57451,32.593682],[-112.575255,32.418709],[-112.676508,32.417976],[-112.677585,32.330868],[-112.727806,32.331332],[-112.728522,32.25061]]],[[[-112.734655,32.992285],[-112.734577,32.985557],[-112.713059,32.985419],[-112.721769,32.992336],[-112.734655,32.992285]]],[[[-112.739026,33.014488],[-112.739045,33.010826],[-112.734715,33.010804],[-112.734591,33.01452],[-112.739026,33.014488]]],[[[-112.747447,33.009015],[-112.7474,33.007156],[-112.745053,33.007227],[-112.745089,33.009056],[-112.747447,33.009015]]],[[[-112.760476,33.007142],[-112.760437,33.003722],[-112.756136,33.003753],[-112.756192,33.007187],[-112.760476,33.007142]]],[[[-112.798635,33.025219],[-112.798625,33.023253],[-112.79647,33.023261],[-112.796518,33.025255],[-112.798635,33.025219]]]]},"properties":{"GEOID":"4200R","TRIBE_NAME":"TohonoO'odhamNationofArizona"}},{"type":"Feature","id":150,"geometry":{"type":"Polygon","coordinates":[[[-67.075254,44.970693],[-67.043016,44.960575],[-67.053363,44.956728],[-67.035517,44.948771],[-67.0393,44.961102],[-67.075254,44.970693]],[[-67.055962,44.961675],[-67.055929,44.961796],[-67.055594,44.961828],[-67.055698,44.961593],[-67.055962,44.961675]]]},"properties":{"GEOID":"2850R","TRIBE_NAME":"PassamaquoddyTribeofMaine(PleasantPoint)"}},{"type":"Feature","id":151,"geometry":{"type":"MultiPolygon","coordinates":[[[[-122.144706,38.735728],[-122.142127,38.729643],[-122.123504,38.73735],[-122.130884,38.746737],[-122.144706,38.735728]]],[[[-122.159393,38.760903],[-122.157859,38.759121],[-122.147773,38.761316],[-122.148299,38.763406],[-122.159393,38.760903]]]]},"properties":{"GEOID":"3265R","TRIBE_NAME":"YochaDeheWintunNation,California"}},{"type":"Feature","id":152,"geometry":{"type":"MultiPolygon","coordinates":[[[[-83.896272,43.938537],[-83.89626,43.937724],[-83.893795,43.938007],[-83.8938,43.938899],[-83.896272,43.938537]]],[[[-83.902091,43.931347],[-83.901013,43.928687],[-83.896131,43.928707],[-83.896189,43.932413],[-83.902091,43.931347]]],[[[-83.913797,43.928054],[-83.915377,43.924984],[-83.910135,43.925782],[-83.911936,43.928597],[-83.913797,43.928054]],[[-83.911884,43.926765],[-83.911134,43.92703],[-83.911114,43.925917],[-83.911866,43.925913],[-83.911884,43.926765]]],[[[-84.968609,43.688708],[-84.966486,43.553021],[-84.847494,43.553272],[-84.847986,43.596657],[-84.707801,43.597268],[-84.703359,43.582714],[-84.687844,43.588222],[-84.702731,43.597282],[-84.60783,43.597054],[-84.606042,43.815373],[-84.728448,43.815003],[-84.728116,43.728102],[-84.968357,43.726532],[-84.968609,43.688708]]]]},"properties":{"GEOID":"1610R","TRIBE_NAME":"SaginawChippewaIndianTribeofMichigan"}},{"type":"Feature","id":153,"geometry":{"type":"Polygon","coordinates":[[[-120.479288,41.205126],[-120.479361,41.204399],[-120.47836,41.204471],[-120.478324,41.20511],[-120.479288,41.205126]]]},"properties":{"GEOID":"1955R","TRIBE_NAME":"PitRiverTribe,California(includesXLRanch,BigBend,Likely,Lookout,MontgomeryCreek,andRoaringCreekRancherias)"}},{"type":"Feature","id":154,"geometry":{"type":"Polygon","coordinates":[[[-119.640832,36.985001],[-119.637848,36.98495],[-119.637926,36.982477],[-119.631728,36.980026],[-119.632171,36.987596],[-119.635653,36.983348],[-119.636628,36.988063],[-119.640298,36.988073],[-119.640832,36.985001]],[[-119.636641,36.98761],[-119.636669,36.986706],[-119.638937,36.985745],[-119.638883,36.987642],[-119.636641,36.98761]]]},"properties":{"GEOID":"4110R","TRIBE_NAME":"TableMountainRancheria"}},{"type":"Feature","id":155,"geometry":{"type":"MultiPolygon","coordinates":[[[[-123.667241,38.954222],[-123.666972,38.947673],[-123.6574,38.947599],[-123.657327,38.95121],[-123.667241,38.954222]]],[[[-123.691004,38.937773],[-123.685771,38.929405],[-123.67741,38.929342],[-123.677142,38.940469],[-123.691004,38.937773]]]]},"properties":{"GEOID":"2100R","TRIBE_NAME":"ManchesterBandofPomoIndiansoftheManchesterRancheria,California"}},{"type":"Feature","id":156,"geometry":{"type":"Polygon","coordinates":[[[-78.316637,42.238874],[-78.316586,42.2245],[-78.29725,42.224506],[-78.297651,42.239047],[-78.316637,42.238874]]]},"properties":{"GEOID":"2535R","TRIBE_NAME":"SenecaNationofIndians"}},{"type":"Feature","id":157,"geometry":{"type":"Polygon","coordinates":[[[-95.477166,39.990435],[-95.474913,39.975611],[-95.316728,39.976041],[-95.316717,39.993214],[-95.357812,40.030558],[-95.407222,40.000465],[-95.453276,39.997551],[-95.453918,40.008242],[-95.477166,39.990435]]]},"properties":{"GEOID":"1590R","TRIBE_NAME":"IowaTribeofKansasandNebraska"}},{"type":"Feature","id":158,"geometry":{"type":"Polygon","coordinates":[[[-118.485622,40.173943],[-118.48085,40.172978],[-118.480811,40.174805],[-118.48561,40.174845],[-118.485622,40.173943]]]},"properties":{"GEOID":"2015R","TRIBE_NAME":"LovelockPaiuteTribeoftheLovelockIndianColony,Nevada"}},{"type":"Feature","id":159,"geometry":{"type":"Polygon","coordinates":[[[-82.373089,27.994793],[-82.372888,27.992365],[-82.372867,27.99044],[-82.36905,27.996082],[-82.373089,27.994793]]]},"properties":{"GEOID":"4130R","TRIBE_NAME":"SeminoleTribeofFlorida"}},{"type":"Feature","id":160,"geometry":{"type":"MultiPolygon","coordinates":[[[[-88.684507,32.776315],[-88.684226,32.774575],[-88.682818,32.774489],[-88.682819,32.776422],[-88.684507,32.776315]]],[[[-88.719701,30.432043],[-88.715422,30.428509],[-88.718994,30.4394],[-88.719688,30.439381],[-88.719701,30.432043]]],[[[-88.764918,33.066875],[-88.76488,33.064846],[-88.764146,33.067071],[-88.764918,33.066875]]],[[[-88.880186,32.769332],[-88.863237,32.765926],[-88.851583,32.77305],[-88.876019,32.787566],[-88.880186,32.769332]]],[[[-88.884508,32.831485],[-88.880079,32.82971],[-88.880044,32.838535],[-88.884485,32.838682],[-88.884508,32.831485]]],[[[-88.943764,32.922903],[-88.934842,32.915533],[-88.918737,32.926595],[-88.930532,32.92301],[-88.943764,32.922903]]],[[[-88.947945,33.027028],[-88.941414,33.01696],[-88.937756,33.017272],[-88.939625,33.028276],[-88.947945,33.027028]]],[[[-88.952409,32.919436],[-88.948977,32.919173],[-88.949437,32.922958],[-88.952406,32.922963],[-88.952409,32.919436]]],[[[-88.95748,32.838653],[-88.939964,32.827789],[-88.948748,32.81727],[-88.927553,32.831832],[-88.931506,32.813993],[-88.893343,32.798716],[-88.902034,32.813429],[-88.888736,32.838752],[-88.901606,32.864265],[-88.922525,32.86804],[-88.922856,32.846192],[-88.95748,32.838653]],[[-88.897855,32.824241],[-88.923116,32.82423],[-88.918821,32.853037],[-88.897634,32.838999],[-88.897855,32.824241]]],[[[-88.981525,31.795172],[-88.977223,31.795032],[-88.977257,31.7988],[-88.981505,31.798759],[-88.981525,31.795172]]],[[[-88.994225,31.798171],[-88.994205,31.791496],[-88.981481,31.789657],[-88.98563,31.798767],[-88.994225,31.798171]]],[[[-89.007145,31.777015],[-89.007087,31.775121],[-89.002715,31.776226],[-89.002705,31.777007],[-89.007145,31.777015]]],[[[-89.015832,31.780725],[-89.015774,31.776934],[-89.007145,31.777015],[-89.00725,31.780809],[-89.015832,31.780725]]],[[[-89.033934,32.695292],[-89.029627,32.695214],[-89.029615,32.702539],[-89.033889,32.702538],[-89.033934,32.695292]]],[[[-89.042408,32.71707],[-89.042339,32.713472],[-89.038216,32.713448],[-89.038208,32.717016],[-89.042408,32.71707]]],[[[-89.052131,32.709048],[-89.050275,32.702511],[-89.046779,32.702508],[-89.046827,32.709719],[-89.052131,32.709048]]],[[[-89.057593,33.105282],[-89.056493,33.104071],[-89.053338,33.107845],[-89.055581,33.108728],[-89.057593,33.105282]]],[[[-89.059735,32.735315],[-89.059561,32.727964],[-89.05111,32.728024],[-89.051129,32.735311],[-89.059735,32.735315]]],[[[-89.064003,32.725409],[-89.059653,32.72434],[-89.059676,32.728157],[-89.064002,32.728131],[-89.064003,32.725409]]],[[[-89.077005,32.702419],[-89.059578,32.695434],[-89.050953,32.724396],[-89.059638,32.709697],[-89.077005,32.702419]]],[[[-89.08989,32.708284],[-89.085591,32.700594],[-89.077005,32.702419],[-89.076989,32.713186],[-89.08989,32.708284]]],[[[-89.098315,32.772461],[-89.09831,32.77188],[-89.097581,32.771889],[-89.09758,32.77247],[-89.098315,32.772461]]],[[[-89.102924,32.778053],[-89.102929,32.776815],[-89.098583,32.776074],[-89.098611,32.779809],[-89.102924,32.778053]]],[[[-89.180649,32.835223],[-89.16708,32.824354],[-89.124722,32.831896],[-89.13764,32.84103],[-89.180649,32.835223]]],[[[-89.188927,32.747104],[-89.180591,32.746568],[-89.180568,32.750492],[-89.188861,32.750492],[-89.188927,32.747104]]],[[[-89.206577,32.746683],[-89.20656,32.742833],[-89.197715,32.742876],[-89.197757,32.746697],[-89.206577,32.746683]]],[[[-89.266546,32.438842],[-89.266428,32.435059],[-89.262302,32.434993],[-89.262303,32.442306],[-89.266546,32.438842]]],[[[-89.266713,32.76149],[-89.266613,32.75785],[-89.260224,32.757915],[-89.262411,32.761531],[-89.266713,32.76149]]],[[[-89.279473,32.434902],[-89.275204,32.423917],[-89.270781,32.423923],[-89.270786,32.434912],[-89.279473,32.434902]]],[[[-89.27956,32.47506],[-89.279558,32.471399],[-89.275209,32.471401],[-89.27521,32.475264],[-89.27956,32.47506]]],[[[-89.279914,32.428227],[-89.279665,32.427575],[-89.27806,32.427567],[-89.278076,32.428654],[-89.279914,32.428227]]],[[[-89.289303,32.460911],[-89.27078,32.445899],[-89.253782,32.453294],[-89.245113,32.438896],[-89.249589,32.486929],[-89.289303,32.460911]],[[-89.269441,32.457087],[-89.267559,32.46414],[-89.262279,32.464143],[-89.262289,32.451391],[-89.269441,32.457087]]],[[[-89.292447,32.486003],[-89.279573,32.482952],[-89.279555,32.494144],[-89.292437,32.490469],[-89.292447,32.486003]]],[[[-89.295728,32.825384],[-89.288522,32.808949],[-89.266979,32.819783],[-89.253901,32.805179],[-89.273309,32.798199],[-89.271074,32.779237],[-89.284076,32.782384],[-89.275321,32.764258],[-89.262047,32.78273],[-89.223639,32.77623],[-89.236436,32.76168],[-89.227904,32.754498],[-89.197982,32.758045],[-89.178879,32.780897],[-89.206555,32.790821],[-89.207985,32.834303],[-89.295728,32.825384]],[[-89.280047,32.819138],[-89.275719,32.819781],[-89.275652,32.816207],[-89.279972,32.816187],[-89.280047,32.819138]],[[-89.266837,32.788457],[-89.266843,32.788903],[-89.262497,32.788901],[-89.262504,32.78845],[-89.266837,32.788457]],[[-89.249589,32.808858],[-89.249559,32.812563],[-89.243154,32.808864],[-89.245996,32.808885],[-89.249589,32.808858]],[[-89.245399,32.821562],[-89.241052,32.823432],[-89.236431,32.816238],[-89.245339,32.816182],[-89.245399,32.821562]],[[-89.236545,32.794516],[-89.236478,32.798109],[-89.227917,32.798219],[-89.228006,32.790812],[-89.236545,32.794516]],[[-89.23235,32.819159],[-89.223708,32.819859],[-89.223692,32.816351],[-89.23229,32.81636],[-89.23235,32.819159]],[[-89.226389,32.768342],[-89.226392,32.768922],[-89.224994,32.768925],[-89.224997,32.76835],[-89.226389,32.768342]],[[-89.226112,32.764919],[-89.226071,32.765466],[-89.224687,32.765466],[-89.224748,32.764867],[-89.226112,32.764919]],[[-89.223667,32.805402],[-89.21522,32.807268],[-89.213827,32.801784],[-89.21943,32.801813],[-89.223667,32.805402]],[[-89.22149,32.776503],[-89.220854,32.778094],[-89.219395,32.77814],[-89.219373,32.776222],[-89.22149,32.776503]],[[-89.219071,32.767288],[-89.219065,32.767929],[-89.218371,32.767753],[-89.218502,32.767138],[-89.219071,32.767288]],[[-89.213,32.775151],[-89.206581,32.776257],[-89.206661,32.773378],[-89.212249,32.772568],[-89.213,32.775151]],[[-89.197951,32.771218],[-89.195254,32.77044],[-89.194671,32.77623],[-89.193639,32.769664],[-89.197951,32.771218]]],[[[-89.305119,32.434735],[-89.300762,32.42747],[-89.288025,32.427509],[-89.292249,32.440284],[-89.305119,32.434735]]],[[[-89.305116,32.471226],[-89.305121,32.463954],[-89.296645,32.456649],[-89.296624,32.471228],[-89.305116,32.471226]]],[[[-89.310183,32.805302],[-89.301267,32.801382],[-89.290553,32.787182],[-89.290241,32.811102],[-89.310183,32.805302]]],[[[-89.326602,32.802766],[-89.314337,32.79115],[-89.305799,32.798089],[-89.314415,32.80165],[-89.314665,32.814072],[-89.326602,32.802766]]],[[[-89.366959,32.494438],[-89.362601,32.494024],[-89.362592,32.495837],[-89.366875,32.495835],[-89.366959,32.494438]]],[[[-89.375935,32.724421],[-89.369514,32.724083],[-89.369478,32.727836],[-89.374693,32.727909],[-89.375935,32.724421]]],[[[-89.406303,32.683663],[-89.403857,32.68009],[-89.399751,32.6801],[-89.399718,32.687073],[-89.406303,32.683663]]],[[[-89.450575,32.665578],[-89.44194,32.665413],[-89.433502,32.672914],[-89.450581,32.672793],[-89.450575,32.665578]]],[[[-89.45466,32.680628],[-89.446186,32.676555],[-89.437643,32.683259],[-89.450488,32.687429],[-89.45466,32.680628]]],[[[-89.463548,32.65353],[-89.459812,32.64955],[-89.44627,32.653554],[-89.454719,32.676444],[-89.463548,32.65353]]],[[[-89.463703,32.67676],[-89.459043,32.676432],[-89.459036,32.683726],[-89.463685,32.683719],[-89.463703,32.67676]]],[[[-89.513515,32.744006],[-89.513483,32.741271],[-89.511591,32.741895],[-89.51255,32.744468],[-89.513515,32.744006]]],[[[-89.519892,32.761082],[-89.51336,32.753687],[-89.511207,32.768284],[-89.519782,32.76962],[-89.519892,32.761082]]],[[[-89.532424,32.756206],[-89.532521,32.753591],[-89.530342,32.7536],[-89.530326,32.757236],[-89.532424,32.756206]]],[[[-89.536504,32.757559],[-89.532387,32.757223],[-89.53239,32.759383],[-89.534925,32.75938],[-89.536504,32.757559]]],[[[-89.548141,32.930254],[-89.546896,32.925279],[-89.536542,32.923371],[-89.537717,32.930809],[-89.548141,32.930254]]],[[[-89.549944,32.790145],[-89.549032,32.779246],[-89.53653,32.779098],[-89.54486,32.793755],[-89.549944,32.790145]]],[[[-89.551902,32.938204],[-89.537128,32.932591],[-89.537399,32.952835],[-89.541203,32.938239],[-89.551902,32.938204]]],[[[-89.553502,32.764457],[-89.547916,32.750974],[-89.538923,32.753989],[-89.536258,32.768087],[-89.553502,32.764457]]],[[[-89.557755,32.793791],[-89.557688,32.786429],[-89.55345,32.786429],[-89.553426,32.793794],[-89.557755,32.793791]]],[[[-89.559495,33.014842],[-89.55963,33.009916],[-89.556376,33.009942],[-89.556241,33.01487],[-89.559495,33.014842]]],[[[-89.561485,32.795448],[-89.56129,32.795318],[-89.557033,32.797423],[-89.561486,32.797437],[-89.561485,32.795448]]],[[[-89.561981,32.779776],[-89.553365,32.779115],[-89.553431,32.782807],[-89.562004,32.782797],[-89.561981,32.779776]]],[[[-89.562147,32.768184],[-89.555603,32.768059],[-89.557759,32.775458],[-89.562151,32.775415],[-89.562147,32.768184]]]]},"properties":{"GEOID":"2300R","TRIBE_NAME":"MississippiBandofChoctawIndians"}},{"type":"Feature","id":161,"geometry":{"type":"MultiPolygon","coordinates":[[[[-123.214658,39.255438],[-123.215069,39.254987],[-123.213454,39.254394],[-123.214565,39.25554],[-123.214658,39.255438]]],[[[-123.215392,39.256527],[-123.213243,39.254737],[-123.211555,39.251907],[-123.203833,39.251736],[-123.215392,39.256527]]]]},"properties":{"GEOID":"0825R","TRIBE_NAME":"CoyoteValleyBandofPomoIndiansofCalifornia"}},{"type":"Feature","id":162,"geometry":{"type":"MultiPolygon","coordinates":[[[[-117.287807,48.425779],[-117.285884,48.330529],[-117.250181,48.309526],[-117.277319,48.389523],[-117.261534,48.429453],[-117.287807,48.425779]]],[[[-117.304569,48.352872],[-117.304475,48.342098],[-117.293477,48.342149],[-117.293545,48.353163],[-117.304569,48.352872]]],[[[-117.56916,47.657499],[-117.560966,47.657597],[-117.560994,47.661134],[-117.566778,47.661145],[-117.56916,47.657499]]]]},"properties":{"GEOID":"1735R","TRIBE_NAME":"KalispelIndianCommunityoftheKalispelReservation"}},{"type":"Feature","id":163,"geometry":{"type":"MultiPolygon","coordinates":[[[[-116.737015,33.889892],[-116.719942,33.886172],[-116.719947,33.903259],[-116.736957,33.903407],[-116.737015,33.889892]]],[[[-116.789374,33.885883],[-116.771939,33.878716],[-116.754464,33.896076],[-116.772025,33.886087],[-116.789374,33.885883]]],[[[-116.806782,33.886166],[-116.789374,33.885993],[-116.789404,33.893328],[-116.806759,33.897271],[-116.806782,33.886166]]],[[[-116.806942,33.865366],[-116.806591,33.856966],[-116.789494,33.857158],[-116.79584,33.871389],[-116.806942,33.865366]]],[[[-116.8075,33.928737],[-116.806813,33.918036],[-116.789469,33.917977],[-116.789508,33.93262],[-116.8075,33.928737]]],[[[-116.859319,33.906871],[-116.85927,33.903354],[-116.841967,33.903415],[-116.841975,33.906832],[-116.859319,33.906871]]],[[[-116.860354,33.871745],[-116.824273,33.8861],[-116.824411,33.900715],[-116.841971,33.900895],[-116.860354,33.871745]]],[[[-116.876738,33.903329],[-116.876587,33.886723],[-116.85926,33.88571],[-116.85927,33.903295],[-116.876738,33.903329]]],[[[-116.877119,34.01581],[-116.876942,33.94717],[-116.84154,33.933398],[-116.841924,33.929541],[-116.841891,33.918027],[-116.795233,33.94702],[-116.754485,33.903453],[-116.719811,33.9179],[-116.737425,33.947245],[-116.719685,33.947326],[-116.719897,33.976194],[-116.772191,33.975975],[-116.772405,34.01944],[-116.824629,34.003911],[-116.824912,34.019368],[-116.842348,34.019341],[-116.842123,34.004867],[-116.877119,34.01581]],[[-116.841801,33.928837],[-116.840746,33.932393],[-116.835268,33.931203],[-116.83528,33.930178],[-116.841801,33.928837]],[[-116.833328,33.931187],[-116.833335,33.932428],[-116.832136,33.932433],[-116.832112,33.930981],[-116.833328,33.931187]],[[-116.789735,33.997815],[-116.789758,34.005002],[-116.781014,34.00501],[-116.781001,33.997762],[-116.789735,33.997815]],[[-116.789711,33.990506],[-116.789723,33.99413],[-116.785408,33.994141],[-116.785384,33.990512],[-116.789711,33.990506]],[[-116.737257,33.932679],[-116.737247,33.924942],[-116.754461,33.921148],[-116.754545,33.932597],[-116.737257,33.932679]]],[[[-116.877511,33.856838],[-116.860268,33.856756],[-116.860357,33.871683],[-116.877049,33.871717],[-116.877511,33.856838]]],[[[-116.911849,33.886255],[-116.894062,33.886765],[-116.894255,33.896102],[-116.911636,33.896087],[-116.911849,33.886255]]],[[[-116.920682,33.942179],[-116.911821,33.939822],[-116.912088,33.947188],[-116.920643,33.947115],[-116.920682,33.942179]]]]},"properties":{"GEOID":"2360R","TRIBE_NAME":"MorongoBandofMissionIndians,California"}},{"type":"Feature","id":164,"geometry":{"type":"MultiPolygon","coordinates":[[[[-116.054418,34.116609],[-116.045586,34.114055],[-116.045526,34.12128],[-116.054375,34.121166],[-116.054418,34.116609]]],[[[-116.194675,33.714246],[-116.185956,33.704049],[-116.181522,33.704047],[-116.181588,33.714967],[-116.194675,33.714246]]]]},"properties":{"GEOID":"4375R","TRIBE_NAME":"Twenty-NinePalmsBandofMissionIndiansofCalifornia"}},{"type":"Feature","id":165,"geometry":{"type":"Polygon","coordinates":[[[-112.876,36.155036],[-112.761956,36.151317],[-112.76154,36.108458],[-112.601035,36.107834],[-112.601511,36.049547],[-112.54755,36.049799],[-112.547415,36.034826],[-112.530316,36.034336],[-112.525988,35.948299],[-112.504302,35.951982],[-112.516908,35.969956],[-112.512208,36.02056],[-112.405083,36.020353],[-112.404555,36.131613],[-112.459351,36.140417],[-112.489526,36.182118],[-112.483379,36.204596],[-112.51751,36.216126],[-112.532106,36.206297],[-112.558619,36.226827],[-112.567914,36.318938],[-112.54758,36.336908],[-112.521841,36.32599],[-112.486894,36.343949],[-112.511008,36.357796],[-112.557651,36.334711],[-112.559433,36.346309],[-112.572671,36.357672],[-112.560417,36.339229],[-112.604844,36.326764],[-112.592542,36.308987],[-112.610455,36.298189],[-112.593265,36.28594],[-112.617436,36.256319],[-112.663413,36.286745],[-112.6586,36.272016],[-112.729211,36.28275],[-112.819705,36.230172],[-112.84465,36.234899],[-112.84074,36.20611],[-112.876,36.155036]]]},"properties":{"GEOID":"1440R","TRIBE_NAME":"HavasupaiTribeoftheHavasupaiReservation,Arizona"}},{"type":"Feature","id":166,"geometry":{"type":"MultiPolygon","coordinates":[[[[-122.215211,48.825069],[-122.214962,48.823396],[-122.213676,48.823045],[-122.213442,48.823813],[-122.215211,48.825069]]],[[[-122.216513,48.822421],[-122.216817,48.822163],[-122.213515,48.821387],[-122.2153,48.822808],[-122.216513,48.822421]]]]},"properties":{"GEOID":"2475R","TRIBE_NAME":"NooksackIndianTribe"}},{"type":"Feature","id":167,"geometry":{"type":"MultiPolygon","coordinates":[[[[-116.68714,32.935003],[-116.686902,32.920441],[-116.677883,32.920445],[-116.678527,32.935003],[-116.68714,32.935003]]],[[[-116.784285,32.888952],[-116.772525,32.874021],[-116.719562,32.889097],[-116.719298,32.874255],[-116.686765,32.873535],[-116.685896,32.887949],[-116.66842,32.888038],[-116.669719,32.927469],[-116.67389,32.909091],[-116.720225,32.920657],[-116.72109,32.934954],[-116.738748,32.935942],[-116.735945,32.977674],[-116.771142,32.978156],[-116.773044,32.949657],[-116.764368,32.963011],[-116.749085,32.970551],[-116.738137,32.966923],[-116.773186,32.928155],[-116.776701,32.895078],[-116.7639,32.89518],[-116.763869,32.888007],[-116.784285,32.888952]],[[-116.720225,32.920657],[-116.719091,32.905866],[-116.736509,32.906055],[-116.736547,32.920586],[-116.720225,32.920657]]],[[[-116.790283,32.912193],[-116.785603,32.894808],[-116.773044,32.949657],[-116.789294,32.949252],[-116.790283,32.912193]]]]},"properties":{"GEOID":"0495R","TRIBE_NAME":"CapitanGrandeBandofDieguenoMissionIndiansofCalifornia(BaronaGroupofCapitanGrandeBandofMissionIndiansoftheBaronaReservation,California;Viejas(BaronLong)GroupofCapitanGrandeBandofMissionIndiansoftheViejasReservation,California)"}},{"type":"Feature","id":168,"geometry":{"type":"Polygon","coordinates":[[[-112.829514,37.000522],[-112.827382,36.831995],[-112.503883,36.830761],[-112.503935,36.903381],[-112.558502,36.903373],[-112.55852,36.990426],[-112.540552,37.000763],[-112.829514,37.000522]],[[-112.767541,36.906127],[-112.761659,36.917349],[-112.740869,36.908132],[-112.75197,36.902726],[-112.767541,36.906127]]]},"properties":{"GEOID":"1720R","TRIBE_NAME":"KaibabBandofPaiuteIndiansoftheKaibabIndianReservation,Arizona"}},{"type":"Feature","id":169,"geometry":{"type":"Polygon","coordinates":[[[-101.228272,43.375516],[-101.22802,42.997566],[-100.198422,42.998722],[-100.198519,43.128657],[-100.213855,43.128661],[-100.214069,43.390456],[-101.228244,43.389192],[-101.228272,43.375516]]]},"properties":{"GEOID":"3235R","TRIBE_NAME":"RosebudSiouxTribeoftheRosebudIndianReservation,SouthDakota"}},{"type":"Feature","id":170,"geometry":{"type":"MultiPolygon","coordinates":[[[[-120.422625,41.573499],[-120.422723,41.570009],[-120.403705,41.569974],[-120.403661,41.573195],[-120.422625,41.573499]]],[[[-120.476301,41.562929],[-120.47653,41.559709],[-120.467186,41.559371],[-120.467176,41.562886],[-120.476301,41.562929]]],[[[-120.495997,41.527302],[-120.466594,41.515843],[-120.471508,41.504844],[-120.452271,41.504864],[-120.442928,41.526458],[-120.408525,41.518996],[-120.394395,41.540673],[-120.442317,41.537527],[-120.442119,41.562839],[-120.423311,41.591794],[-120.389844,41.603292],[-120.42831,41.603409],[-120.462271,41.544524],[-120.481675,41.537298],[-120.485952,41.548818],[-120.495997,41.527302]]],[[[-120.512016,41.901368],[-120.511523,41.890292],[-120.501088,41.870172],[-120.479211,41.850113],[-120.478714,41.848535],[-120.480905,41.84649],[-120.48117,41.843459],[-120.480699,41.8294],[-120.476814,41.828458],[-120.480182,41.819234],[-120.478154,41.815954],[-120.4678,41.805489],[-120.504254,41.792769],[-120.509808,41.781985],[-120.509567,41.773058],[-120.506107,41.763593],[-120.503509,41.792497],[-120.46423,41.791287],[-120.478427,41.850282],[-120.512016,41.901368]]],[[[-120.515369,41.793593],[-120.515595,41.779472],[-120.510588,41.779161],[-120.510284,41.793634],[-120.515369,41.793593]]],[[[-120.588291,41.588444],[-120.588013,41.580953],[-120.574249,41.584887],[-120.574088,41.588553],[-120.588291,41.588444]]],[[[-120.890252,41.693957],[-120.871195,41.689669],[-120.870543,41.704104],[-120.890136,41.70441],[-120.890252,41.693957]]]]},"properties":{"GEOID":"4680R","TRIBE_NAME":"PitRiverIndianTribeoftheX-LRanchReservation,California\r\r\n"}},{"type":"Feature","id":171,"geometry":{"type":"Polygon","coordinates":[[[-67.689861,45.303467],[-67.661085,45.192356],[-67.617241,45.215922],[-67.587402,45.214394],[-67.564784,45.250628],[-67.522037,45.253066],[-67.550808,45.319934],[-67.689861,45.303467]]]},"properties":{"GEOID":"1575R","TRIBE_NAME":"PassamaquoddyTribeofMaine(IndianTownship)"}},{"type":"Feature","id":172,"geometry":{"type":"Polygon","coordinates":[[[-116.881456,32.926746],[-116.845751,32.92266],[-116.850586,32.939467],[-116.810701,32.957015],[-116.806248,32.978416],[-116.81635,32.992862],[-116.841326,32.993396],[-116.848443,32.949583],[-116.874547,32.955116],[-116.881456,32.926746]],[[-116.821172,32.974279],[-116.821163,32.975326],[-116.810528,32.975627],[-116.810535,32.974607],[-116.821172,32.974279]],[[-116.81148,32.976515],[-116.812458,32.977461],[-116.810516,32.977502],[-116.810522,32.976647],[-116.81148,32.976515]]]},"properties":{"GEOID":"0155R","TRIBE_NAME":"CapitanGrandeBandofDieguenoMissionIndiansofCalifornia:BaronaGroupofCapitanGrandeBandofMissionIndiansoftheBaronaReservation,California"}},{"type":"Feature","id":173,"geometry":{"type":"MultiPolygon","coordinates":[[[[-106.833244,35.408855],[-106.7394,35.41074],[-106.725949,35.393242],[-106.672723,35.392111],[-106.667537,35.537709],[-106.535674,35.5493],[-106.535422,35.624043],[-106.623879,35.617949],[-106.623446,35.551643],[-106.757992,35.57523],[-106.779011,35.530269],[-106.818558,35.541001],[-106.832218,35.530123],[-106.833017,35.464546],[-106.815836,35.464435],[-106.81399,35.50488],[-106.787675,35.508528],[-106.778736,35.522912],[-106.769818,35.51564],[-106.778252,35.49374],[-106.796211,35.493572],[-106.797661,35.464597],[-106.833147,35.449974],[-106.833244,35.408855]],[[-106.801563,35.517642],[-106.791767,35.518862],[-106.791551,35.515109],[-106.801417,35.515424],[-106.801563,35.517642]]],[[[-106.866565,35.478694],[-106.859656,35.459739],[-106.846025,35.476173],[-106.848016,35.478706],[-106.866565,35.478694]]],[[[-106.875927,35.450592],[-106.875927,35.444804],[-106.867043,35.444804],[-106.867013,35.450587],[-106.875927,35.450592]]],[[[-106.965064,35.604029],[-106.955792,35.548836],[-106.857998,35.548348],[-106.851767,35.711864],[-106.955264,35.711528],[-106.965064,35.604029]]]]},"properties":{"GEOID":"4770R","TRIBE_NAME":"PuebloofZia,NewMexico"}},{"type":"Feature","id":174,"geometry":{"type":"MultiPolygon","coordinates":[[[[-116.39476,32.628315],[-116.393671,32.600386],[-116.385451,32.616758],[-116.351237,32.603996],[-116.351151,32.648679],[-116.332648,32.648655],[-116.351165,32.652648],[-116.351194,32.689242],[-116.311895,32.689501],[-116.30947,32.73448],[-116.368501,32.734354],[-116.368336,32.689377],[-116.393729,32.70016],[-116.39476,32.628315]],[[-116.34745,32.711393],[-116.338662,32.709439],[-116.338509,32.702427],[-116.347279,32.705795],[-116.34745,32.711393]]],[[[-116.480049,32.638648],[-116.46773,32.63379],[-116.4592,32.641197],[-116.479784,32.648316],[-116.480049,32.638648]]]]},"properties":{"GEOID":"0450R","TRIBE_NAME":"CampoBandofDieguenoMissionIndiansoftheCampoIndianReservation,California"}},{"type":"Feature","id":175,"geometry":{"type":"Polygon","coordinates":[[[-114.851223,47.887213],[-114.794706,47.86895],[-114.787612,47.849076],[-114.838677,47.79244],[-114.831055,47.7741],[-114.753798,47.761062],[-114.719642,47.706196],[-114.763547,47.674331],[-114.750243,47.628131],[-114.764362,47.609816],[-114.770704,47.53116],[-114.788528,47.514548],[-114.738063,47.480583],[-114.697112,47.418306],[-114.707639,47.388725],[-114.687261,47.374938],[-114.702292,47.349163],[-114.687223,47.274341],[-114.550158,47.251678],[-114.493376,47.219411],[-114.353647,47.191109],[-114.338881,47.172465],[-114.355773,47.157583],[-114.292379,47.125418],[-114.147945,47.14562],[-114.121441,47.116254],[-114.121912,47.086083],[-114.139647,47.07163],[-114.07685,47.03012],[-114.095847,47.015303],[-114.064389,47.003971],[-113.952705,47.060648],[-113.949683,47.080219],[-113.913889,47.105715],[-113.860731,47.081927],[-113.80402,47.097626],[-113.719201,47.072134],[-113.710776,47.082255],[-113.728929,47.086387],[-113.732441,47.117162],[-113.666325,47.121457],[-113.727479,47.167074],[-113.697657,47.185561],[-113.694764,47.207619],[-113.74334,47.226905],[-113.725951,47.241941],[-113.727572,47.28183],[-113.774984,47.289409],[-113.843285,47.271958],[-113.901083,47.312117],[-113.886558,47.318445],[-113.893231,47.359252],[-113.871123,47.392027],[-113.90269,47.446712],[-113.951193,47.476],[-113.908527,47.514307],[-113.927819,47.520824],[-113.929269,47.596937],[-113.960209,47.60502],[-113.967241,47.626353],[-113.967119,47.675389],[-113.951055,47.697315],[-113.969471,47.727164],[-113.956363,47.754866],[-113.92174,47.767198],[-113.933122,47.781139],[-113.927105,47.832069],[-113.949579,47.837063],[-113.953762,47.854193],[-113.92426,47.884576],[-114.851223,47.887213]]]},"properties":{"GEOID":"1110R","TRIBE_NAME":"ConfederatedSalishandKootenaiTribesoftheFlatheadReservation"}},{"type":"Feature","id":176,"geometry":{"type":"Polygon","coordinates":[[[-95.728038,39.704021],[-95.728003,39.697137],[-95.713798,39.697076],[-95.713742,39.70485],[-95.728038,39.704021]]]},"properties":{"GEOID":"4910R","TRIBE_NAME":"KickapooTribeofIndiansoftheKickapooReservationinKansas"}},{"type":"Feature","id":177,"geometry":{"type":"Polygon","coordinates":[[[-95.728038,39.704021],[-95.728003,39.697137],[-95.713798,39.697076],[-95.713742,39.70485],[-95.728038,39.704021]]]},"properties":{"GEOID":"4910R","TRIBE_NAME":"KickapooTribeofIndiansoftheKickapooReservationinKansas"}},{"type":"Feature","id":178,"geometry":{"type":"Polygon","coordinates":[[[-106.513646,35.35994],[-106.480906,35.357992],[-106.474772,35.366522],[-106.509668,35.368114],[-106.513646,35.35994]]]},"properties":{"GEOID":"4930R","TRIBE_NAME":"PuebloofSanFelipe,NewMexico"}},{"type":"Feature","id":179,"geometry":{"type":"Polygon","coordinates":[[[-106.513646,35.35994],[-106.480906,35.357992],[-106.474772,35.366522],[-106.509668,35.368114],[-106.513646,35.35994]]]},"properties":{"GEOID":"4930R","TRIBE_NAME":"PuebloofSanFelipe,NewMexico"}},{"type":"Feature","id":180,"geometry":{"type":"Polygon","coordinates":[[[-120.186006,41.527373],[-120.186006,41.525135],[-120.181424,41.525175],[-120.181444,41.527372],[-120.186006,41.527373]]]},"properties":{"GEOID":"0555R","TRIBE_NAME":"CedarvilleRancheria,California"}},{"type":"Feature","id":181,"geometry":{"type":"Polygon","coordinates":[[[-122.390652,48.123622],[-122.350304,48.080318],[-122.3431,48.036539],[-122.299121,48.021281],[-122.184274,48.036039],[-122.184339,48.122953],[-122.390652,48.123622]]]},"properties":{"GEOID":"4290R","TRIBE_NAME":"TulalipTribesofWashington"}},{"type":"Feature","id":182,"geometry":{"type":"Polygon","coordinates":[[[-78.491649,43.083964],[-78.491449,43.065567],[-78.460618,43.065007],[-78.439838,43.032122],[-78.412563,43.031236],[-78.426861,43.096568],[-78.491649,43.083964]]]},"properties":{"GEOID":"4225R","TRIBE_NAME":"TonawandaBandofSeneca"}},{"type":"Feature","id":183,"geometry":{"type":"MultiPolygon","coordinates":[[[[-118.404195,45.565845],[-118.403994,45.558809],[-118.40246,45.558805],[-118.398897,45.565872],[-118.404195,45.565845]]],[[[-118.409347,45.545893],[-118.409359,45.544221],[-118.405986,45.551371],[-118.409309,45.551372],[-118.409347,45.545893]]],[[[-118.414667,45.535583],[-118.41469,45.533765],[-118.411291,45.540433],[-118.414591,45.540428],[-118.414667,45.535583]]],[[[-118.424973,45.555818],[-118.419742,45.55502],[-118.419733,45.558667],[-118.424971,45.558623],[-118.424973,45.555818]]],[[[-118.425023,45.525375],[-118.42057,45.522386],[-118.416818,45.529605],[-118.424981,45.529626],[-118.425023,45.525375]]],[[[-118.440387,45.494868],[-118.43528,45.493561],[-118.435226,45.497154],[-118.440323,45.497185],[-118.440387,45.494868]]],[[[-118.450904,45.481933],[-118.445996,45.473203],[-118.437065,45.490009],[-118.450789,45.486404],[-118.450904,45.481933]]],[[[-118.455699,45.50019],[-118.455815,45.497299],[-118.450649,45.497261],[-118.450545,45.500874],[-118.455699,45.50019]]],[[[-118.455985,45.553831],[-118.456007,45.547834],[-118.445714,45.547819],[-118.450845,45.555058],[-118.455985,45.553831]]],[[[-118.461354,45.454437],[-118.456204,45.453719],[-118.450556,45.46457],[-118.456281,45.464554],[-118.461354,45.454437]]],[[[-118.466377,45.522404],[-118.466383,45.518769],[-118.46122,45.518773],[-118.461212,45.522404],[-118.466377,45.522404]]],[[[-118.4716,45.453693],[-118.471589,45.450117],[-118.461364,45.450128],[-118.461341,45.453708],[-118.4716,45.453693]]],[[[-118.476749,45.46074],[-118.476702,45.453717],[-118.4716,45.453693],[-118.471624,45.460961],[-118.476749,45.46074]]],[[[-118.487017,45.526024],[-118.487011,45.522416],[-118.481856,45.52241],[-118.48186,45.526026],[-118.487017,45.526024]]],[[[-118.48902,45.461507],[-118.481796,45.461001],[-118.481843,45.464633],[-118.488988,45.464673],[-118.48902,45.461507]]],[[[-118.492224,45.559345],[-118.487073,45.558681],[-118.486711,45.569626],[-118.491811,45.569609],[-118.492224,45.559345]]],[[[-118.497136,45.547828],[-118.497063,45.54429],[-118.492093,45.544295],[-118.492091,45.547861],[-118.497136,45.547828]]],[[[-118.497281,45.522426],[-118.497304,45.51883],[-118.492167,45.518816],[-118.492172,45.522421],[-118.497281,45.522426]]],[[[-118.52535,45.439792],[-118.52025,45.438258],[-118.52017,45.441876],[-118.525299,45.441868],[-118.52535,45.439792]]],[[[-118.5414,45.346411],[-118.511089,45.345423],[-118.50631,45.354638],[-118.536208,45.354524],[-118.5414,45.346411]]],[[[-118.551811,45.405573],[-118.546531,45.376509],[-118.520707,45.35821],[-118.498657,45.369342],[-118.461682,45.442901],[-118.489135,45.45027],[-118.487108,45.427341],[-118.541408,45.427309],[-118.551811,45.405573]],[[-118.476693,45.435692],[-118.476669,45.43928],[-118.47164,45.439319],[-118.471667,45.435714],[-118.476693,45.435692]],[[-118.531007,45.369128],[-118.531017,45.376394],[-118.525889,45.376416],[-118.525904,45.369158],[-118.531007,45.369128]],[[-118.531017,45.376394],[-118.536195,45.376433],[-118.536168,45.38368],[-118.530998,45.383644],[-118.531017,45.376394]]],[[[-118.561935,45.394711],[-118.561916,45.391079],[-118.556793,45.391056],[-118.556801,45.394691],[-118.561935,45.394711]]],[[[-118.572216,45.381126],[-118.567078,45.380232],[-118.567061,45.383868],[-118.572189,45.383887],[-118.572216,45.381126]]],[[[-118.577228,45.387868],[-118.577291,45.383937],[-118.572189,45.383887],[-118.572214,45.391125],[-118.577228,45.387868]]],[[[-118.602938,45.391196],[-118.60294,45.387564],[-118.592685,45.387551],[-118.592668,45.391169],[-118.602938,45.391196]]],[[[-118.60722,45.430428],[-118.607233,45.426921],[-118.602101,45.42692],[-118.602069,45.430556],[-118.60722,45.430428]]],[[[-118.608082,45.36952],[-118.608034,45.365915],[-118.603006,45.365869],[-118.602984,45.369492],[-118.608082,45.36952]]],[[[-118.608085,45.394825],[-118.608073,45.391196],[-118.602938,45.391196],[-118.602951,45.394808],[-118.608085,45.394825]]],[[[-118.613114,45.372915],[-118.613115,45.369481],[-118.608108,45.369576],[-118.608113,45.373101],[-118.613114,45.372915]]],[[[-118.613341,45.35618],[-118.613268,45.345794],[-118.567133,45.345549],[-118.572258,45.36569],[-118.541383,45.372844],[-118.587574,45.376635],[-118.613341,45.35618]],[[-118.58245,45.365741],[-118.582429,45.369398],[-118.57736,45.369363],[-118.577362,45.365716],[-118.58245,45.365741]]],[[[-118.618159,45.391951],[-118.618166,45.39063],[-118.613053,45.387603],[-118.612977,45.394102],[-118.618159,45.391951]]],[[[-118.623306,45.395357],[-118.618151,45.39413],[-118.618127,45.397781],[-118.623292,45.397849],[-118.623306,45.395357]]],[[[-118.750771,45.501769],[-118.612759,45.49946],[-118.621717,45.572931],[-118.476384,45.573222],[-118.471468,45.558699],[-118.445648,45.57317],[-118.435447,45.558601],[-118.435344,45.573274],[-118.395314,45.573154],[-118.305327,45.745014],[-118.333606,45.755517],[-118.3689,45.739115],[-118.441012,45.763206],[-118.464697,45.789801],[-118.518475,45.790014],[-118.549901,45.746563],[-118.581246,45.746854],[-118.581346,45.724825],[-118.621722,45.717829],[-118.642122,45.688699],[-118.745361,45.682399],[-118.750771,45.501769]]]]},"properties":{"GEOID":"4405R","TRIBE_NAME":"ConfederatedTribesoftheUmatillaIndianReservation"}},{"type":"Feature","id":184,"geometry":{"type":"MultiPolygon","coordinates":[[[[-115.997873,33.398999],[-115.980398,33.397257],[-115.980504,33.41167],[-115.997873,33.41171],[-115.997873,33.398999]]],[[[-116.008723,33.569866],[-115.991407,33.569577],[-115.99141,33.584238],[-116.008658,33.584198],[-116.008723,33.569866]]],[[[-116.008987,33.555105],[-116.009007,33.547696],[-115.991561,33.551157],[-115.991513,33.554846],[-116.008987,33.555105]]],[[[-116.009129,33.470194],[-116.009081,33.455587],[-115.991592,33.455645],[-115.991608,33.470267],[-116.009129,33.470194]]],[[[-116.009135,33.499434],[-116.009088,33.484821],[-115.99174,33.484872],[-115.991698,33.499461],[-116.009135,33.499434]]],[[[-116.015334,33.420691],[-116.015164,33.41166],[-115.997873,33.41171],[-115.997952,33.426274],[-116.015334,33.420691]]],[[[-116.015772,33.383101],[-115.997946,33.382778],[-115.997881,33.397253],[-116.015653,33.39715],[-116.015772,33.383101]]],[[[-116.026396,33.58595],[-116.008658,33.584198],[-116.008765,33.598879],[-116.026067,33.598881],[-116.026396,33.58595]]],[[[-116.026495,33.455528],[-116.026436,33.440894],[-116.009033,33.44096],[-116.009081,33.455587],[-116.026495,33.455528]]],[[[-116.026414,33.511093],[-116.026496,33.499405],[-116.009135,33.499434],[-116.009082,33.511118],[-116.026414,33.511093]]],[[[-116.026542,33.484767],[-116.026565,33.470003],[-116.009129,33.470194],[-116.009088,33.484821],[-116.026542,33.484767]]],[[[-116.026668,33.554921],[-116.017814,33.554983],[-116.017745,33.558632],[-116.0266,33.558511],[-116.026668,33.554921]]],[[[-116.032488,33.353724],[-116.03214,33.339191],[-116.015219,33.33915],[-115.980477,33.382771],[-116.032488,33.353724]]],[[[-116.032836,33.411585],[-116.032933,33.397016],[-116.015653,33.39715],[-116.024308,33.411664],[-116.032836,33.411585]]],[[[-116.035187,33.576688],[-116.035154,33.569498],[-116.026377,33.569565],[-116.026443,33.576693],[-116.035187,33.576688]]],[[[-116.043908,33.499374],[-116.04386,33.484712],[-116.026542,33.484767],[-116.026496,33.499405],[-116.043908,33.499374]]],[[[-116.043919,33.469976],[-116.04381,33.455466],[-116.026495,33.455528],[-116.026565,33.470003],[-116.043919,33.469976]]],[[[-116.043968,33.513776],[-116.026414,33.511093],[-116.026454,33.525603],[-116.043885,33.525629],[-116.043968,33.513776]]],[[[-116.047698,33.598731],[-116.047835,33.594922],[-116.043458,33.594947],[-116.043348,33.598673],[-116.047698,33.598731]]],[[[-116.049983,33.368259],[-116.049711,33.353766],[-116.032488,33.353724],[-116.015775,33.382725],[-116.049983,33.368259]]],[[[-116.050253,33.417399],[-116.032836,33.411585],[-116.026436,33.440894],[-116.043839,33.440826],[-116.050253,33.417399]]],[[[-116.061243,33.444348],[-116.043839,33.440826],[-116.04381,33.455466],[-116.061233,33.455401],[-116.061243,33.444348]]],[[[-116.061476,33.511141],[-116.061312,33.49934],[-116.043908,33.499374],[-116.043944,33.511118],[-116.061476,33.511141]]],[[[-116.061525,33.526947],[-116.052472,33.525641],[-116.052666,33.532908],[-116.06143,33.532954],[-116.061525,33.526947]]],[[[-116.067103,33.353815],[-116.066668,33.339334],[-116.04943,33.339251],[-116.049711,33.353766],[-116.067103,33.353815]]],[[[-116.067649,33.382737],[-116.067553,33.368308],[-116.049983,33.368259],[-116.05017,33.382686],[-116.067649,33.382737]]],[[[-116.078776,33.469878],[-116.078656,33.455334],[-116.061233,33.455401],[-116.061349,33.46996],[-116.078776,33.469878]]],[[[-116.07887,33.525595],[-116.0788,33.511081],[-116.069969,33.511112],[-116.069956,33.525626],[-116.07887,33.525595]]],[[[-116.078793,33.495887],[-116.07888,33.484592],[-116.06135,33.484653],[-116.061312,33.49934],[-116.078793,33.495887]]],[[[-116.084725,33.368296],[-116.084412,33.353833],[-116.067103,33.353815],[-116.067553,33.368308],[-116.084725,33.368296]]],[[[-116.085157,33.397213],[-116.085141,33.382753],[-116.067649,33.382737],[-116.050378,33.411513],[-116.085157,33.397213]]],[[[-116.085177,33.42614],[-116.085163,33.411723],[-116.06786,33.411515],[-116.061246,33.440756],[-116.085177,33.42614]]],[[[-116.095199,33.470044],[-116.078776,33.469878],[-116.07888,33.484592],[-116.095151,33.484533],[-116.095199,33.470044]]],[[[-116.095225,33.500032],[-116.078768,33.499304],[-116.0788,33.511081],[-116.095138,33.51102],[-116.095225,33.500032]]],[[[-116.095273,33.444329],[-116.078673,33.440706],[-116.078656,33.455334],[-116.095204,33.455296],[-116.095273,33.444329]]],[[[-116.112592,33.499181],[-116.112488,33.484553],[-116.095151,33.484533],[-116.095233,33.499267],[-116.112592,33.499181]]],[[[-116.130085,33.500453],[-116.112592,33.499181],[-116.112628,33.51083],[-116.130068,33.51075],[-116.130085,33.500453]]],[[[-116.164751,33.554594],[-116.147488,33.554638],[-116.130279,33.525328],[-116.095216,33.525525],[-116.095307,33.554736],[-116.112741,33.554681],[-116.129775,33.583816],[-116.147075,33.583923],[-116.164751,33.554594]]],[[[-116.181619,33.583707],[-116.181461,33.569076],[-116.164201,33.569207],[-116.164351,33.58377],[-116.181619,33.583707]]],[[[-116.216101,33.583781],[-116.215968,33.569287],[-116.198385,33.569322],[-116.198454,33.583786],[-116.216101,33.583781]]],[[[-116.233428,33.583946],[-116.216101,33.583781],[-116.216062,33.598321],[-116.233371,33.598241],[-116.233428,33.583946]]]]},"properties":{"GEOID":"4255R","TRIBE_NAME":"TorresMartinezDesertCahuillaIndians,California"}},{"type":"Feature","id":185,"geometry":{"type":"MultiPolygon","coordinates":[[[[-89.089915,46.149864],[-89.078815,46.150352],[-89.078827,46.156323],[-89.089883,46.152819],[-89.089915,46.149864]]],[[[-89.182399,46.290053],[-89.177319,46.275937],[-89.173912,46.276037],[-89.173232,46.291426],[-89.182399,46.290053]]]]},"properties":{"GEOID":"1830R","TRIBE_NAME":"LacVieuxDesertBandofLakeSuperiorChippewaIndiansofMichigan"}},{"type":"Feature","id":186,"geometry":{"type":"MultiPolygon","coordinates":[[[[-72.083059,41.497638],[-72.08298,41.497441],[-72.082867,41.497437],[-72.082823,41.497628],[-72.083059,41.497638]]],[[[-72.087982,41.498042],[-72.085546,41.49532],[-72.083041,41.497251],[-72.084885,41.500376],[-72.087982,41.498042]]],[[[-72.089126,41.480403],[-72.085197,41.474544],[-72.077047,41.473976],[-72.075988,41.481278],[-72.089126,41.480403]]],[[[-72.098695,41.473208],[-72.097698,41.472966],[-72.097389,41.473092],[-72.098643,41.473527],[-72.098695,41.473208]]],[[[-72.100175,41.494114],[-72.089382,41.481968],[-72.076403,41.481964],[-72.085459,41.493078],[-72.100175,41.494114]]],[[[-72.100929,41.473152],[-72.099769,41.472827],[-72.098823,41.474222],[-72.100279,41.474627],[-72.100929,41.473152]]],[[[-72.103972,41.486036],[-72.103927,41.485608],[-72.10243,41.485635],[-72.102397,41.48608],[-72.103972,41.486036]]],[[[-72.113365,41.471222],[-72.112889,41.470163],[-72.101765,41.471255],[-72.109335,41.472776],[-72.113365,41.471222]]]]},"properties":{"GEOID":"2320R","TRIBE_NAME":"MoheganTribeofIndiansofConnecticut"}},{"type":"Feature","id":187,"geometry":{"type":"MultiPolygon","coordinates":[[[[-123.895916,43.096917],[-123.895818,43.082411],[-123.881025,43.08244],[-123.880573,43.096876],[-123.895916,43.096917]]],[[[-123.920416,43.078606],[-123.919788,43.068145],[-123.900245,43.067965],[-123.90058,43.078655],[-123.920416,43.078606]]],[[[-123.96401,42.964276],[-123.96395,42.93532],[-123.944255,42.93531],[-123.944376,42.96052],[-123.96401,42.964276]]],[[[-123.9701,43.123592],[-123.970049,43.1092],[-123.93123,43.096952],[-123.931134,43.111504],[-123.9701,43.123592]]],[[[-123.973314,43.031033],[-123.963415,43.024581],[-123.963173,43.03899],[-123.968172,43.038978],[-123.973314,43.031033]]],[[[-123.980327,43.152434],[-123.980142,43.14509],[-123.96544,43.148895],[-123.965434,43.15251],[-123.980327,43.152434]]],[[[-123.984804,43.123246],[-123.984757,43.119636],[-123.974969,43.119867],[-123.974976,43.123466],[-123.984804,43.123246]]],[[[-124.002936,42.970404],[-124.002742,42.963165],[-123.983523,42.962801],[-123.983375,42.97029],[-124.002936,42.970404]]],[[[-124.022717,42.934145],[-124.022577,42.926585],[-124.012801,42.930175],[-124.012905,42.933863],[-124.022717,42.934145]]],[[[-124.032614,42.941294],[-124.032555,42.937655],[-124.027626,42.937684],[-124.027645,42.94131],[-124.032614,42.941294]]],[[[-124.042449,43.006363],[-124.042298,42.99191],[-124.023228,42.996142],[-124.023014,43.006641],[-124.042449,43.006363]]],[[[-124.061379,42.990954],[-124.056622,42.976919],[-124.042944,42.981332],[-124.042298,42.99191],[-124.061379,42.990954]]],[[[-124.101807,43.024744],[-124.096766,43.017409],[-124.086644,43.017435],[-124.09171,43.024744],[-124.101807,43.024744]]],[[[-124.219752,43.391959],[-124.218709,43.391412],[-124.217682,43.395295],[-124.219204,43.394669],[-124.219752,43.391959]]],[[[-124.220741,43.395772],[-124.220743,43.395499],[-124.220096,43.395496],[-124.220183,43.39577],[-124.220741,43.395772]]],[[[-124.220763,43.392726],[-124.220066,43.392395],[-124.219921,43.392999],[-124.220537,43.393022],[-124.220763,43.392726]]],[[[-124.221803,43.394036],[-124.219775,43.393939],[-124.220006,43.395332],[-124.221795,43.395337],[-124.221803,43.394036]]],[[[-124.22225,43.394927],[-124.222246,43.394736],[-124.22202,43.394736],[-124.22202,43.39501],[-124.22225,43.394927]]],[[[-124.284753,43.370009],[-124.278367,43.36598],[-124.263547,43.376826],[-124.2811,43.384481],[-124.284753,43.370009]]],[[[-124.304265,43.359837],[-124.303086,43.347775],[-124.278178,43.34713],[-124.283351,43.365866],[-124.304265,43.359837]]],[[[-124.328723,43.334938],[-124.328724,43.333262],[-124.327037,43.333276],[-124.328274,43.333939],[-124.328723,43.334938]]],[[[-124.329334,43.326376],[-124.329349,43.326203],[-124.329161,43.326204],[-124.329135,43.326496],[-124.329334,43.326376]]],[[[-124.428574,43.118842],[-124.42798,43.117033],[-124.426737,43.117498],[-124.426461,43.118835],[-124.428574,43.118842]]]]},"properties":{"GEOID":"0775R","TRIBE_NAME":"CoquilleIndianTribe"}},{"type":"Feature","id":188,"geometry":{"type":"MultiPolygon","coordinates":[[[[-109.866059,48.305941],[-109.817762,48.147282],[-109.617456,48.148738],[-109.617585,48.221483],[-109.713725,48.221526],[-109.713729,48.308132],[-109.866059,48.305941]],[[-109.785754,48.256762],[-109.785738,48.257609],[-109.778597,48.257645],[-109.778613,48.25629],[-109.785754,48.256762]]],[[[-109.986729,48.339024],[-109.981698,48.338986],[-109.981662,48.342581],[-109.986727,48.342572],[-109.986729,48.339024]]]]},"properties":{"GEOID":"3205R","TRIBE_NAME":"ChippewaCreeIndiansoftheRockyBoy'sReservation,Montana"}},{"type":"Feature","id":189,"geometry":{"type":"MultiPolygon","coordinates":[[[[-116.749586,33.117665],[-116.736898,33.112726],[-116.72523,33.0953],[-116.72876,33.120238],[-116.749586,33.117665]]],[[[-116.761969,33.088933],[-116.750888,33.075621],[-116.741375,33.094216],[-116.754613,33.10104],[-116.761969,33.088933]]],[[[-116.79382,33.141748],[-116.793823,33.138722],[-116.784527,33.138604],[-116.788771,33.146012],[-116.79382,33.141748]]]]},"properties":{"GEOID":"2190R","TRIBE_NAME":"MesaGrandeBandofDieguenoMissionIndiansoftheMesaGrandeReservation,California"}},{"type":"Feature","id":190,"geometry":{"type":"MultiPolygon","coordinates":[[[[-116.432808,33.515761],[-116.415328,33.513951],[-116.414975,33.528303],[-116.432555,33.528377],[-116.432808,33.515761]]],[[[-116.467264,33.51608],[-116.450204,33.514411],[-116.449958,33.528229],[-116.467156,33.528413],[-116.467264,33.51608]]],[[[-116.570291,33.597543],[-116.569686,33.529336],[-116.484372,33.514167],[-116.483894,33.528548],[-116.518115,33.528953],[-116.517852,33.598422],[-116.570291,33.597543]]]]},"properties":{"GEOID":"3525R","TRIBE_NAME":"SantaRosaBandofCahuillaIndians,California"}},{"type":"Feature","id":191,"geometry":{"type":"MultiPolygon","coordinates":[[[[-92.68841,30.543104],[-92.683111,30.542429],[-92.683066,30.54428],[-92.684025,30.54332],[-92.68841,30.543104]]],[[[-92.71392,30.502617],[-92.709427,30.501931],[-92.709466,30.505505],[-92.713917,30.505514],[-92.71392,30.502617]]],[[[-92.718609,30.523724],[-92.718594,30.521828],[-92.713945,30.521833],[-92.713948,30.523755],[-92.718609,30.523724]]],[[[-92.81523,30.538029],[-92.803114,30.523408],[-92.784813,30.519843],[-92.790466,30.534233],[-92.81523,30.538029]],[[-92.798683,30.52798],[-92.798706,30.531306],[-92.794774,30.531306],[-92.794797,30.527982],[-92.798683,30.52798]]],[[[-92.815777,30.545625],[-92.813517,30.541303],[-92.809021,30.548277],[-92.815209,30.548623],[-92.815777,30.545625]]]]},"properties":{"GEOID":"0795R","TRIBE_NAME":"CoushattaTribeofLouisiana"}},{"type":"Feature","id":192,"geometry":{"type":"MultiPolygon","coordinates":[[[[-107.33827,34.829869],[-107.337697,34.826186],[-107.328907,34.826251],[-107.329536,34.829886],[-107.33827,34.829869]]],[[[-107.351788,34.855289],[-107.351784,34.848313],[-107.343557,34.848258],[-107.343499,34.855676],[-107.351788,34.855289]]],[[[-107.390652,34.824034],[-107.390465,34.816495],[-107.382297,34.812123],[-107.381708,34.824073],[-107.390652,34.824034]]],[[[-107.412986,34.805075],[-107.412954,34.797771],[-107.404374,34.797636],[-107.404423,34.804998],[-107.412986,34.805075]]],[[[-107.412956,34.775285],[-107.413011,34.768696],[-107.393508,34.768587],[-107.395517,34.783129],[-107.412956,34.775285]]],[[[-107.422396,34.674937],[-107.422423,34.671381],[-107.418081,34.671393],[-107.418094,34.674944],[-107.422396,34.674937]]],[[[-107.430955,34.756585],[-107.413158,34.754198],[-107.413011,34.768696],[-107.430873,34.768857],[-107.430955,34.756585]]],[[[-107.431116,34.696436],[-107.431055,34.682053],[-107.413631,34.68215],[-107.41359,34.696488],[-107.431116,34.696436]]],[[[-107.439654,34.812505],[-107.439647,34.808922],[-107.430754,34.808804],[-107.430775,34.812448],[-107.439654,34.812505]]],[[[-107.439762,34.753337],[-107.439709,34.747107],[-107.43102,34.747068],[-107.43097,34.754346],[-107.439762,34.753337]]],[[[-107.448641,34.67472],[-107.431213,34.667792],[-107.431055,34.682053],[-107.448613,34.682015],[-107.448641,34.67472]]],[[[-107.466082,34.794463],[-107.465925,34.786902],[-107.448419,34.783362],[-107.448326,34.798271],[-107.466082,34.794463]]],[[[-107.466275,34.758041],[-107.448471,34.754364],[-107.448526,34.7689],[-107.466209,34.768943],[-107.466275,34.758041]]],[[[-107.466291,34.739787],[-107.457493,34.725353],[-107.448675,34.725366],[-107.448655,34.739853],[-107.466291,34.739787]]],[[[-107.483933,34.714997],[-107.470758,34.714384],[-107.470739,34.718002],[-107.483831,34.725076],[-107.483933,34.714997]]],[[[-107.515792,34.710857],[-107.511465,34.710395],[-107.511587,34.713162],[-107.515774,34.713359],[-107.515792,34.710857]]],[[[-107.518945,34.78285],[-107.518969,34.779964],[-107.501514,34.779897],[-107.501449,34.783569],[-107.518945,34.78285]]],[[[-107.536837,34.667667],[-107.518873,34.638678],[-107.501365,34.638541],[-107.484187,34.667348],[-107.448766,34.653327],[-107.448781,34.696339],[-107.536215,34.696513],[-107.519243,34.667739],[-107.536837,34.667667]],[[-107.475486,34.681887],[-107.475272,34.689056],[-107.466463,34.689019],[-107.466451,34.681752],[-107.475486,34.681887]],[[-107.484187,34.667348],[-107.501452,34.66754],[-107.501478,34.682086],[-107.484313,34.681916],[-107.484187,34.667348]]],[[[-107.558975,35.071594],[-107.556601,35.071437],[-107.556702,35.073621],[-107.558975,35.072633],[-107.558975,35.071594]]],[[[-107.563028,34.681928],[-107.56312,34.680294],[-107.536384,34.680265],[-107.553866,34.682016],[-107.553787,34.69681],[-107.563028,34.681928]]],[[[-107.566809,35.084656],[-107.566049,35.077049],[-107.553462,35.073939],[-107.557245,35.084716],[-107.566809,35.084656]]],[[[-107.80023,34.959575],[-107.80008,34.952443],[-107.790814,34.95236],[-107.791044,34.95934],[-107.80023,34.959575]]],[[[-107.802658,34.986551],[-107.802428,34.972803],[-107.798095,34.972813],[-107.798051,34.98677],[-107.802658,34.986551]]],[[[-107.840292,34.943159],[-107.83598,34.93565],[-107.826584,34.935869],[-107.826515,34.94328],[-107.840292,34.943159]]],[[[-107.85347,34.855922],[-107.853323,34.845339],[-107.818507,34.852737],[-107.800066,34.841146],[-107.830912,34.871105],[-107.85347,34.855922]]],[[[-107.906026,34.758222],[-107.886767,34.77251],[-107.861368,34.762599],[-107.882467,34.729698],[-107.874064,34.696388],[-107.6256,34.696238],[-107.623392,34.78327],[-107.519289,34.78373],[-107.518126,34.870947],[-107.543263,34.869706],[-107.54485,35.068702],[-107.751352,35.091274],[-107.751707,34.958709],[-107.835358,34.93292],[-107.840489,34.921638],[-107.822372,34.92663],[-107.822357,34.916001],[-107.836013,34.907248],[-107.853411,34.932878],[-107.857991,34.896559],[-107.883815,34.874898],[-107.835879,34.887114],[-107.840425,34.902364],[-107.840435,34.906551],[-107.836449,34.906857],[-107.782504,34.850631],[-107.81591,34.826472],[-107.864023,34.832227],[-107.906026,34.758222]]]]},"properties":{"GEOID":"0010R","TRIBE_NAME":"PuebloofAcoma,NewMexico"}},{"type":"Feature","id":193,"geometry":{"type":"Polygon","coordinates":[[[-119.236284,39.095454],[-119.209219,39.062276],[-119.185786,39.070045],[-119.18575,39.084255],[-119.236284,39.095454]]]},"properties":{"GEOID":"0440R","TRIBE_NAME":"YeringtonPaiuteTribeoftheYeringtonColony&CampbellRanch,Nevada"}},{"type":"Feature","id":194,"geometry":{"type":"Polygon","coordinates":[[[-102.785269,47.905445],[-102.785305,47.594411],[-102.745932,47.595918],[-102.747915,47.580901],[-102.726829,47.580034],[-102.72725,47.568272],[-102.698605,47.580482],[-102.675481,47.559501],[-102.692606,47.545873],[-102.673278,47.52636],[-102.596064,47.546587],[-102.516063,47.51013],[-102.460508,47.512484],[-102.459771,47.465813],[-102.438486,47.461125],[-102.099341,47.480033],[-101.907481,47.457929],[-101.713521,47.536892],[-101.694774,47.561039],[-101.694737,47.588503],[-101.82209,47.588476],[-101.821953,47.998663],[-102.784861,47.998965],[-102.785269,47.905445]]]},"properties":{"GEOID":"1160R","TRIBE_NAME":"ThreeAffiliatedTribesoftheFortBertholdReservation,NorthDakota"}},{"type":"Feature","id":195,"geometry":{"type":"Polygon","coordinates":[[[-131.703628,55.102159],[-131.713365,55.099008],[-131.648024,55.099008],[-131.664658,55.076106],[-131.662874,55.037853],[-131.649895,55.011805],[-131.600111,54.982533],[-131.510679,55.016371],[-131.455961,54.994952],[-131.337002,54.995539],[-131.239573,55.169688],[-131.369952,55.228116],[-131.450489,55.239003],[-131.486775,55.276188],[-131.590779,55.292882],[-131.63833,55.246447],[-131.685396,55.114463],[-131.703628,55.102159]]]},"properties":{"GEOID":"0110R","TRIBE_NAME":"MetlakatlaIndianCommunity,AnnetteIslandReserve"}},{"type":"Feature","id":196,"geometry":{"type":"Polygon","coordinates":[[[-80.437927,27.403967],[-80.437047,27.399948],[-80.431966,27.399976],[-80.432026,27.403601],[-80.437927,27.403967]]]},"properties":{"GEOID":"1260R","TRIBE_NAME":"SeminoleTribeofFlorida"}},{"type":"Feature","id":197,"geometry":{"type":"Polygon","coordinates":[[[-116.928332,33.780098],[-116.871383,33.751628],[-116.841173,33.758197],[-116.841412,33.773728],[-116.87546,33.78729],[-116.875771,33.809288],[-116.906403,33.805441],[-116.928332,33.780098]]]},"properties":{"GEOID":"3870R","TRIBE_NAME":"SobobaBandofLuisenoIndians,California"}},{"type":"Feature","id":198,"geometry":{"type":"Polygon","coordinates":[[[-106.674115,35.479207],[-106.672481,35.377635],[-106.63342,35.377661],[-106.633367,35.364133],[-106.55847,35.32413],[-106.506988,35.334431],[-106.482339,35.35566],[-106.531295,35.369158],[-106.487256,35.395707],[-106.530129,35.414864],[-106.530119,35.450808],[-106.560524,35.450756],[-106.560761,35.53969],[-106.667537,35.537709],[-106.674115,35.479207]]]},"properties":{"GEOID":"3480R","TRIBE_NAME":"PuebloofSantaAna,NewMexico"}},{"type":"Feature","id":199,"geometry":{"type":"Polygon","coordinates":[[[-74.72623,44.994872],[-74.720309,44.95302],[-74.673682,44.959227],[-74.664398,44.979017],[-74.612144,44.952403],[-74.5721,44.952344],[-74.571636,44.999036],[-74.72623,44.994872]]]},"properties":{"GEOID":"3320R","TRIBE_NAME":"SaintRegisMohawkTribe"}},{"type":"Feature","id":200,"geometry":{"type":"Polygon","coordinates":[[[-68.696789,44.951229],[-68.67251,44.959299],[-68.648998,44.940166],[-68.634947,44.974545],[-68.660094,45.075862],[-68.639366,45.114948],[-68.613427,45.122117],[-68.61577,45.145467],[-68.632843,45.163401],[-68.614432,45.198703],[-68.651888,45.23929],[-68.622432,45.296307],[-68.628666,45.308916],[-68.506995,45.37642],[-68.496624,45.39107],[-68.486011,45.416307],[-68.392462,45.467674],[-68.357703,45.504144],[-68.369524,45.540088],[-68.41042,45.573097],[-68.46696,45.599832],[-68.529647,45.604177],[-68.54162,45.635563],[-68.546557,45.6416],[-68.551732,45.64374],[-68.552775,45.652938],[-68.556654,45.657625],[-68.561665,45.660825],[-68.552675,45.643721],[-68.543934,45.636409],[-68.547004,45.626196],[-68.535891,45.608253],[-68.607245,45.632305],[-68.513725,45.595488],[-68.472753,45.589806],[-68.464148,45.578938],[-68.407779,45.568718],[-68.370658,45.535342],[-68.360149,45.503343],[-68.486906,45.418966],[-68.504341,45.386148],[-68.517735,45.392115],[-68.634163,45.312416],[-68.655233,45.239864],[-68.624471,45.194537],[-68.641822,45.166914],[-68.62404,45.143648],[-68.66437,45.101238],[-68.670337,45.070316],[-68.639381,44.974222],[-68.677316,44.987919],[-68.696789,44.951229]],[[-68.545182,45.626657],[-68.54395,45.627543],[-68.54341,45.626218],[-68.543703,45.626129],[-68.545182,45.626657]],[[-68.542945,45.623701],[-68.542192,45.62422],[-68.541445,45.623136],[-68.541488,45.622642],[-68.542945,45.623701]],[[-68.542292,45.626686],[-68.541889,45.627877],[-68.541693,45.62802],[-68.541854,45.626941],[-68.542292,45.626686]],[[-68.541809,45.625105],[-68.541813,45.625317],[-68.541532,45.625991],[-68.541381,45.626027],[-68.541809,45.625105]],[[-68.541401,45.623],[-68.541056,45.623454],[-68.540665,45.6227],[-68.541056,45.622608],[-68.541401,45.623]],[[-68.541156,45.624714],[-68.540244,45.625947],[-68.539006,45.623534],[-68.540277,45.623557],[-68.541156,45.624714]],[[-68.538792,45.606341],[-68.533873,45.607117],[-68.53179,45.604327],[-68.536349,45.604808],[-68.538792,45.606341]],[[-68.538664,45.619741],[-68.538316,45.620631],[-68.537837,45.619134],[-68.538048,45.619252],[-68.538664,45.619741]]]},"properties":{"GEOID":"2760R","TRIBE_NAME":"PenobscotNation"}},{"type":"Feature","id":201,"geometry":{"type":"Polygon","coordinates":[[[-99.938283,44.200354],[-99.875404,44.12641],[-99.763063,44.135244],[-99.632533,44.097902],[-99.601688,44.114496],[-99.607185,44.145261],[-99.695761,44.172382],[-99.710273,44.193204],[-99.66613,44.217352],[-99.599099,44.205971],[-99.540756,44.158517],[-99.558444,44.091978],[-99.511343,44.054997],[-99.427677,44.042803],[-99.353729,43.995336],[-99.354751,43.933623],[-99.10834,43.934064],[-99.106174,44.078103],[-99.245586,44.077601],[-99.245365,44.107319],[-99.288921,44.106918],[-99.30046,44.237871],[-99.42174,44.23746],[-99.421449,44.280254],[-99.785423,44.279944],[-99.785699,44.236762],[-99.894226,44.237134],[-99.938283,44.200354]]]},"properties":{"GEOID":"0855R","TRIBE_NAME":"CrowCreekSiouxTribeoftheCrowCreekReservation,SouthDakota"}},{"type":"Feature","id":202,"geometry":{"type":"Polygon","coordinates":[[[-116.372129,48.70919],[-116.371703,48.70681],[-116.368447,48.705037],[-116.368402,48.710088],[-116.372129,48.70919]]]},"properties":{"GEOID":"1800R","TRIBE_NAME":"KootenaiTribeofIdaho"}},{"type":"Feature","id":203,"geometry":{"type":"MultiPolygon","coordinates":[[[[-111.853786,38.601158],[-111.843878,38.602947],[-111.832596,38.623392],[-111.852917,38.623402],[-111.853786,38.601158]]],[[[-112.237647,38.640025],[-112.237132,38.606316],[-112.231165,38.606219],[-112.227502,38.640017],[-112.237647,38.640025]]],[[[-112.408435,38.823285],[-112.408268,38.818411],[-112.401932,38.818343],[-112.40219,38.826348],[-112.408435,38.823285]]],[[[-112.436925,38.793649],[-112.436925,38.793231],[-112.435853,38.79323],[-112.435852,38.793691],[-112.436925,38.793649]]],[[[-112.437648,38.794886],[-112.437637,38.794426],[-112.436927,38.793963],[-112.436926,38.794888],[-112.437648,38.794886]]],[[[-112.582004,38.614422],[-112.581792,38.603197],[-112.562833,38.599743],[-112.566331,38.614554],[-112.582004,38.614422]]],[[[-112.628911,38.620617],[-112.628705,38.605742],[-112.6047,38.613582],[-112.604863,38.620813],[-112.628911,38.620617]]],[[[-113.06029,37.688943],[-113.058844,37.68356],[-113.054136,37.685395],[-113.054211,37.688955],[-113.06029,37.688943]]],[[[-113.161586,37.594908],[-113.124568,37.587247],[-113.124497,37.615058],[-113.152277,37.618815],[-113.161586,37.594908]]],[[[-113.842932,37.210835],[-113.842479,37.124563],[-113.715958,37.1255],[-113.716219,37.218274],[-113.842932,37.210835]]]]},"properties":{"GEOID":"2625R","TRIBE_NAME":"PaiuteIndianTribeofUtah(CedarBandofPaiutes,KanoshBandofPaiutes,KoosharemBandofPaiutes,IndianPeaksBandofPaiutes,andShivwitsBandofPaiutes)"}},{"type":"Feature","id":204,"geometry":{"type":"Polygon","coordinates":[[[-112.246178,41.946689],[-112.231108,41.943254],[-112.231645,41.953902],[-112.236772,41.946905],[-112.246178,41.946689]],[[-112.234651,41.945274],[-112.233389,41.94559],[-112.233328,41.944259],[-112.234578,41.944235],[-112.234651,41.945274]]]},"properties":{"GEOID":"2505R","TRIBE_NAME":"NorthwesternBandoftheShoshoneNation"}},{"type":"Feature","id":205,"geometry":{"type":"MultiPolygon","coordinates":[[[[-119.717541,39.634649],[-119.715555,39.633704],[-119.713022,39.639071],[-119.713814,39.639303],[-119.717541,39.634649]]],[[[-119.752632,39.54915],[-119.752635,39.548455],[-119.751797,39.548455],[-119.751797,39.549288],[-119.752632,39.54915]]],[[[-119.761748,39.426916],[-119.760858,39.425544],[-119.757002,39.427015],[-119.759771,39.42769],[-119.761748,39.426916]]],[[[-119.785944,39.53144],[-119.783782,39.527487],[-119.780891,39.527532],[-119.781017,39.530085],[-119.785944,39.53144]]],[[[-119.787923,39.521995],[-119.785362,39.520511],[-119.78621,39.530258],[-119.786729,39.522624],[-119.787923,39.521995]]],[[[-119.792058,39.53019],[-119.792064,39.529437],[-119.790604,39.529453],[-119.790619,39.530296],[-119.792058,39.53019]]],[[[-119.8142,39.710068],[-119.757913,39.650498],[-119.734344,39.65056],[-119.753302,39.679507],[-119.734399,39.679511],[-119.705714,39.749275],[-119.789993,39.749415],[-119.8142,39.710068]]],[[[-120.002167,39.504449],[-119.999996,39.504351],[-120.00012,39.505418],[-120.002163,39.505425],[-120.002167,39.504449]]]]},"properties":{"GEOID":"3130R","TRIBE_NAME":"Reno-SparksIndianColony,Nevada"}},{"type":"Feature","id":206,"geometry":{"type":"Polygon","coordinates":[[[-122.300758,39.017156],[-122.280185,39.010437],[-122.280243,39.026213],[-122.300676,39.026002],[-122.300758,39.017156]]]},"properties":{"GEOID":"0780R","TRIBE_NAME":"KletselDeheWintunNationoftheCortinaRancheria"}},{"type":"Feature","id":207,"geometry":{"type":"Polygon","coordinates":[[[-124.36211,47.562749],[-124.321181,47.354838],[-124.299539,47.348663],[-124.279404,47.304035],[-124.242853,47.294281],[-124.218256,47.24464],[-124.11481,47.245206],[-123.831102,47.479724],[-123.848866,47.498011],[-123.912588,47.469704],[-123.947812,47.473571],[-123.964934,47.484085],[-123.921539,47.489868],[-123.903564,47.509863],[-123.956033,47.513339],[-123.954459,47.524376],[-124.179737,47.533622],[-124.36211,47.562749]]]},"properties":{"GEOID":"3040R","TRIBE_NAME":"QuinaultIndianNation"}},{"type":"Feature","id":208,"geometry":{"type":"MultiPolygon","coordinates":[[[[-108.721898,37.335857],[-108.718776,37.330471],[-108.68403,37.327954],[-108.684,37.340474],[-108.721898,37.335857]]],[[[-108.760278,37.340178],[-108.76023,37.337986],[-108.75581,37.338035],[-108.755812,37.340206],[-108.760278,37.340178]]],[[[-108.918435,37.326585],[-108.918435,37.323213],[-108.905121,37.323313],[-108.905135,37.327349],[-108.918435,37.326585]]],[[[-109.045935,37.200581],[-109.045183,36.998983],[-108.536424,36.999355],[-108.531624,36.850319],[-108.251302,36.85014],[-108.249648,37.053837],[-108.309773,37.054034],[-108.308682,37.21509],[-108.445644,37.215923],[-108.445933,37.156479],[-108.544558,37.156541],[-108.554649,37.265641],[-108.641702,37.251683],[-108.645725,37.216394],[-108.727388,37.216629],[-108.718983,37.242046],[-108.732954,37.245013],[-108.696685,37.241919],[-108.682778,37.316955],[-108.7554,37.338062],[-108.819185,37.327164],[-108.822124,37.313045],[-108.885741,37.323686],[-108.916109,37.30661],[-108.92506,37.240658],[-109.045509,37.239908],[-109.045935,37.200581]]],[[[-109.069223,37.461657],[-109.068835,37.454082],[-109.061147,37.457259],[-109.06107,37.461869],[-109.069223,37.461657]]],[[[-109.512869,37.451794],[-109.493637,37.438789],[-109.493546,37.45396],[-109.475802,37.453666],[-109.47624,37.430932],[-109.438563,37.447106],[-109.429232,37.43069],[-109.429118,37.447223],[-109.448147,37.460405],[-109.419987,37.467172],[-109.448244,37.47546],[-109.42017,37.482262],[-109.456102,37.475113],[-109.455892,37.489793],[-109.493067,37.489625],[-109.512869,37.451794]],[[-109.493546,37.45396],[-109.502062,37.453974],[-109.502032,37.460443],[-109.493552,37.460495],[-109.493546,37.45396]]],[[[-109.632327,37.680613],[-109.629161,37.680113],[-109.629417,37.683574],[-109.632297,37.683437],[-109.632327,37.680613]]],[[[-109.64651,37.709643],[-109.646614,37.708659],[-109.642856,37.708665],[-109.642873,37.710017],[-109.64651,37.709643]]]]},"properties":{"GEOID":"4470R","TRIBE_NAME":"UteMountainUteTribe"}},{"type":"Feature","id":209,"geometry":{"type":"MultiPolygon","coordinates":[[[[-84.218165,46.391417],[-84.207495,46.390791],[-84.207451,46.394598],[-84.218084,46.394643],[-84.218165,46.391417]]],[[[-84.234149,46.409237],[-84.223118,46.394642],[-84.207428,46.397381],[-84.20732,46.412449],[-84.234149,46.409237]]],[[[-84.424533,46.37623],[-84.417378,46.374532],[-84.411568,46.383095],[-84.422852,46.382951],[-84.424533,46.37623]]],[[[-84.577984,46.389713],[-84.577969,46.385705],[-84.572134,46.385612],[-84.572163,46.389675],[-84.577984,46.389713]]],[[[-84.640592,46.456672],[-84.614323,46.454633],[-84.614164,46.436708],[-84.635027,46.440162],[-84.635057,46.425746],[-84.614163,46.425687],[-84.597447,46.404168],[-84.608974,46.43652],[-84.593385,46.446998],[-84.62052,46.470132],[-84.640592,46.456672]]]]},"properties":{"GEOID":"0170R","TRIBE_NAME":"BayMillsIndianCommunity,Michigan"}},{"type":"Feature","id":210,"geometry":{"type":"Polygon","coordinates":[[[-110.752616,33.171241],[-110.706405,33.169986],[-110.707164,32.877234],[-110.635668,32.927793],[-110.522186,32.953611],[-110.493291,32.984625],[-110.461119,32.994395],[-110.417425,32.981323],[-110.395149,33.006616],[-110.375659,33.006716],[-110.230384,32.989529],[-110.136759,32.958383],[-110.09297,32.895571],[-110.054766,32.875142],[-110.05544,33.30452],[-110.042602,33.273952],[-110.019635,33.264899],[-110.022404,33.245536],[-110.000651,33.235678],[-109.982318,33.248989],[-109.952633,33.23158],[-109.951412,33.190727],[-109.892932,33.160029],[-109.893877,33.14607],[-109.849645,33.161914],[-109.833056,33.157924],[-109.817471,33.118776],[-109.770213,33.125874],[-109.759555,33.070362],[-109.740327,33.077815],[-109.739427,33.055695],[-109.665702,33.014884],[-109.62032,33.028174],[-109.594793,33.015923],[-109.56081,33.051752],[-109.521118,33.051396],[-109.514848,33.034587],[-109.49575,33.078414],[-109.495451,33.652702],[-109.519499,33.645842],[-109.525024,33.618661],[-109.561811,33.626293],[-109.604378,33.612468],[-109.620258,33.583501],[-109.660535,33.583717],[-109.676569,33.569076],[-109.665202,33.555343],[-109.731155,33.521565],[-109.746581,33.484901],[-109.783621,33.476412],[-109.812308,33.483695],[-109.804057,33.503334],[-109.823514,33.509474],[-109.824044,33.528855],[-109.850363,33.534738],[-109.846388,33.549015],[-109.881768,33.571384],[-109.995101,33.58257],[-110.020774,33.569545],[-110.040891,33.58886],[-110.059425,33.575084],[-110.076712,33.583489],[-110.070107,33.597467],[-110.09857,33.601176],[-110.086416,33.613099],[-110.102391,33.621867],[-110.101842,33.642168],[-110.19265,33.695488],[-110.181576,33.706037],[-110.194707,33.717953],[-110.225884,33.708258],[-110.238632,33.756511],[-110.256446,33.746007],[-110.343153,33.801169],[-110.369245,33.788451],[-110.359468,33.799806],[-110.381738,33.805845],[-110.376914,33.817333],[-110.397884,33.811328],[-110.403277,33.788957],[-110.430046,33.806529],[-110.490008,33.790497],[-110.511081,33.802418],[-110.513881,33.791745],[-110.525953,33.814429],[-110.530455,33.637722],[-110.693915,33.504218],[-110.752616,33.171241]]]},"properties":{"GEOID":"3355R","TRIBE_NAME":"SanCarlosApacheTribeoftheSanCarlosReservation,Arizona"}},{"type":"Feature","id":211,"geometry":{"type":"MultiPolygon","coordinates":[[[[-117.725799,40.956195],[-117.72552,40.944853],[-117.715897,40.945095],[-117.715977,40.959882],[-117.725799,40.956195]]],[[[-117.730618,40.96601],[-117.730651,40.965248],[-117.725617,40.965195],[-117.725729,40.967059],[-117.730618,40.96601]]],[[[-117.756117,40.946055],[-117.756116,40.945274],[-117.754117,40.945249],[-117.754123,40.946087],[-117.756117,40.946055]]]]},"properties":{"GEOID":"4635R","TRIBE_NAME":"WinnemuccaIndianColonyofNevada"}},{"type":"Feature","id":212,"geometry":{"type":"Polygon","coordinates":[[[-105.997034,35.85512],[-105.992664,35.8485],[-105.929058,35.84868],[-105.928956,35.826819],[-105.874722,35.82644],[-105.874795,35.884688],[-105.917891,35.88453],[-105.917743,35.924902],[-105.990374,35.925112],[-105.986603,35.85712],[-105.997034,35.85512]]]},"properties":{"GEOID":"2400R","TRIBE_NAME":"PuebloofNambe,NewMexico"}},{"type":"Feature","id":213,"geometry":{"type":"Polygon","coordinates":[[[-119.218071,38.265606],[-119.213205,38.264774],[-119.213214,38.26838],[-119.21799,38.268384],[-119.218071,38.265606]]]},"properties":{"GEOID":"0350R","TRIBE_NAME":"BridgeportIndianColony"}},{"type":"Feature","id":214,"geometry":{"type":"Polygon","coordinates":[[[-121.095812,41.214564],[-121.095842,41.212063],[-121.091038,41.212055],[-121.090966,41.215694],[-121.095812,41.214564]]]},"properties":{"GEOID":"1980R","TRIBE_NAME":"LookoutRancheriaofPitRiverIndians,California\r\r\n"}},{"type":"Feature","id":215,"geometry":{"type":"Polygon","coordinates":[[[-88.342509,44.441951],[-88.201702,44.382905],[-88.14698,44.429701],[-88.125723,44.470168],[-88.109161,44.464251],[-88.096987,44.482173],[-88.149581,44.502249],[-88.109037,44.488168],[-88.134047,44.503908],[-88.101013,44.499001],[-88.076758,44.530099],[-88.212546,44.59413],[-88.342509,44.441951]]]},"properties":{"GEOID":"2560R","TRIBE_NAME":"OneidaNation"}},{"type":"Feature","id":216,"geometry":{"type":"MultiPolygon","coordinates":[[[[-91.117286,45.921672],[-91.117272,45.915887],[-91.106776,45.915876],[-91.111877,45.92633],[-91.117286,45.921672]]],[[[-91.132056,45.975757],[-91.131999,45.969981],[-91.111547,45.969604],[-91.116859,45.9813],[-91.132056,45.975757]]],[[[-91.25575,45.956421],[-91.255742,45.95282],[-91.250805,45.952794],[-91.250813,45.95633],[-91.25575,45.956421]]],[[[-91.265867,45.956385],[-91.265893,45.952753],[-91.260771,45.952742],[-91.260757,45.956382],[-91.265867,45.956385]]],[[[-91.285996,45.982259],[-91.285881,45.97292],[-91.270766,45.975228],[-91.270681,45.982287],[-91.285996,45.982259]]],[[[-91.290968,45.95625],[-91.285722,45.93832],[-91.260672,45.942119],[-91.281428,45.959944],[-91.290968,45.95625]]],[[[-91.440029,45.812595],[-91.438934,45.766887],[-91.419305,45.76658],[-91.357832,45.782485],[-91.357747,45.812816],[-91.234983,45.812773],[-91.235351,45.855566],[-91.173116,45.855496],[-91.172976,45.898478],[-91.142223,45.909127],[-91.085933,45.898202],[-91.091423,45.912322],[-91.117352,45.912236],[-91.132689,45.919869],[-91.131913,45.959434],[-91.101214,45.962251],[-91.090882,45.9814],[-91.101401,45.969039],[-91.136965,45.963062],[-91.137971,45.941883],[-91.162863,45.94909],[-91.152632,45.920131],[-91.172826,45.920163],[-91.188287,45.898597],[-91.193734,45.920253],[-91.22472,45.920248],[-91.214223,45.891828],[-91.234932,45.880477],[-91.251079,45.913226],[-91.295826,45.898412],[-91.300817,45.942107],[-91.285469,45.97038],[-91.295865,45.982292],[-91.417739,45.982767],[-91.423541,45.894048],[-91.405239,45.856895],[-91.439453,45.856173],[-91.440029,45.812595]],[[-91.40718,45.863516],[-91.407206,45.870907],[-91.397986,45.870946],[-91.398273,45.863376],[-91.40718,45.863516]],[[-91.403554,45.827135],[-91.397573,45.827827],[-91.397323,45.822882],[-91.40343,45.822866],[-91.403554,45.827135]],[[-91.378445,45.792784],[-91.378321,45.796411],[-91.373233,45.796496],[-91.373261,45.792666],[-91.378445,45.792784]],[[-91.295874,45.887706],[-91.295835,45.891581],[-91.290799,45.891618],[-91.290891,45.884658],[-91.295874,45.887706]],[[-91.255824,45.869992],[-91.255791,45.873601],[-91.250554,45.873565],[-91.250624,45.870062],[-91.255824,45.869992]],[[-91.234932,45.880477],[-91.235075,45.873497],[-91.240053,45.873605],[-91.240232,45.880414],[-91.234932,45.880477]],[[-91.240053,45.873605],[-91.240178,45.87005],[-91.24509,45.870056],[-91.245119,45.873592],[-91.240053,45.873605]]]]},"properties":{"GEOID":"1815R","TRIBE_NAME":"LacCourteOreillesBandofLakeSuperiorChippewaIndiansofWisconsin"}},{"type":"Feature","id":217,"geometry":{"type":"Polygon","coordinates":[[[-81.417274,26.411247],[-81.417156,26.396791],[-81.400622,26.396941],[-81.401139,26.411142],[-81.417274,26.411247]]]},"properties":{"GEOID":"1555R","TRIBE_NAME":"SeminoleTribeofFlorida"}},{"type":"Feature","id":218,"geometry":{"type":"Polygon","coordinates":[[[-122.713092,48.78994],[-122.675021,48.731395],[-122.624755,48.692908],[-122.606173,48.697294],[-122.591037,48.743331],[-122.568648,48.752437],[-122.573871,48.782],[-122.605465,48.790138],[-122.595419,48.819223],[-122.711901,48.819408],[-122.713092,48.78994]]]},"properties":{"GEOID":"2070R","TRIBE_NAME":"LummiTribeoftheLummiReservation"}},{"type":"Feature","id":219,"geometry":{"type":"Polygon","coordinates":[[[-122.24607,39.878318],[-122.242535,39.855967],[-122.200818,39.861452],[-122.204423,39.8796],[-122.24607,39.878318]],[[-122.242935,39.858789],[-122.242935,39.860049],[-122.239881,39.860049],[-122.239881,39.858789],[-122.242935,39.858789]]]},"properties":{"GEOID":"2685R","TRIBE_NAME":"PaskentaBandofNomlakiIndiansofCalifornia"}},{"type":"Feature","id":220,"geometry":{"type":"Polygon","coordinates":[[[-121.955874,40.897052],[-121.955809,40.889565],[-121.95108,40.88959],[-121.951129,40.897102],[-121.955874,40.897052]]]},"properties":{"GEOID":"3185R","TRIBE_NAME":"RoaringCreekRancheriaofPitRiverIndiansofCalifornia\r\r\n"}},{"type":"Feature","id":221,"geometry":{"type":"Polygon","coordinates":[[[-119.781394,39.139474],[-119.78076,39.135794],[-119.770406,39.13572],[-119.770484,39.142985],[-119.781394,39.139474]]]},"properties":{"GEOID":"0510R","TRIBE_NAME":"WashoeTribeofNevada&California(CarsonColony,DresslervilleColony,WoodfordsCommunity,StewartCommunity,&WashoeRanches)"}},{"type":"Feature","id":222,"geometry":{"type":"MultiPolygon","coordinates":[[[[-115.774231,40.840995],[-115.771266,40.839551],[-115.77113,40.843301],[-115.773039,40.842176],[-115.774231,40.840995]]],[[[-115.776251,40.843135],[-115.775682,40.841492],[-115.77312,40.843278],[-115.776243,40.843921],[-115.776251,40.843135]]],[[[-115.776347,40.854323],[-115.776267,40.850454],[-115.761915,40.847107],[-115.761882,40.854333],[-115.776347,40.854323]]]]},"properties":{"GEOID":"1005R","TRIBE_NAME":"Te-MoakTribeofWesternShoshoneIndiansofNevada(ElkoBand)"}},{"type":"Feature","id":223,"geometry":{"type":"MultiPolygon","coordinates":[[[[-116.436118,36.323089],[-116.436105,36.296572],[-116.418123,36.296674],[-116.421694,36.323052],[-116.436118,36.323089]]],[[[-117.078847,37.27598],[-117.078915,37.265159],[-117.021937,37.265262],[-117.04865,37.294263],[-117.078867,37.294312],[-117.078847,37.27598]]],[[[-117.540723,37.453668],[-117.540598,37.438809],[-117.502626,37.443003],[-117.511179,37.460931],[-117.483768,37.460922],[-117.483765,37.482899],[-117.522043,37.482889],[-117.515792,37.460938],[-117.540723,37.453668]]],[[[-117.730166,36.292808],[-117.713655,36.290649],[-117.713968,36.304877],[-117.729942,36.304855],[-117.730166,36.292808]]]]},"properties":{"GEOID":"4180R","TRIBE_NAME":"TimbishaShoshoneTribe"}},{"type":"Feature","id":224,"geometry":{"type":"MultiPolygon","coordinates":[[[[-121.54638,48.291041],[-121.546385,48.289832],[-121.541473,48.28983],[-121.541472,48.291035],[-121.54638,48.291041]]],[[[-121.554053,48.321959],[-121.553021,48.31977],[-121.546315,48.31971],[-121.546327,48.32223],[-121.554053,48.321959]]]]},"properties":{"GEOID":"3625R","TRIBE_NAME":"Sauk-SuiattleIndianTribe"}},{"type":"Feature","id":225,"geometry":{"type":"MultiPolygon","coordinates":[[[[-120.658302,40.424472],[-120.655216,40.424579],[-120.655836,40.431252],[-120.658035,40.43123],[-120.658302,40.424472]]],[[[-120.662472,40.448719],[-120.630747,40.438267],[-120.624945,40.452768],[-120.638986,40.445522],[-120.662472,40.448719]]]]},"properties":{"GEOID":"4060R","TRIBE_NAME":"SusanvilleIndianRancheria,California"}},{"type":"Feature","id":226,"geometry":{"type":"MultiPolygon","coordinates":[[[[-118.831624,43.560708],[-118.831408,43.55535],[-118.829326,43.555314],[-118.827816,43.560279],[-118.831624,43.560708]]],[[[-118.843394,43.55534],[-118.842198,43.555061],[-118.842199,43.555989],[-118.842488,43.555831],[-118.843394,43.55534]]],[[[-119.079378,43.603718],[-119.059349,43.595966],[-119.059371,43.612294],[-119.079062,43.613659],[-119.079378,43.603718]]],[[[-119.079415,43.585245],[-119.07944,43.583741],[-119.076916,43.583713],[-119.076891,43.585505],[-119.079415,43.585245]]]]},"properties":{"GEOID":"0400R","TRIBE_NAME":"BurnsPaiuteTribe"}},{"type":"Feature","id":227,"geometry":{"type":"Polygon","coordinates":[[[-106.062808,35.885984],[-106.062805,35.856371],[-105.987952,35.855689],[-105.990335,35.932077],[-106.062522,35.930798],[-106.062808,35.885984]]]},"properties":{"GEOID":"2990R","TRIBE_NAME":"PuebloofPojoaque,NewMexico"}},{"type":"Feature","id":228,"geometry":{"type":"Polygon","coordinates":[[[-97.064497,36.681266],[-97.043831,36.600677],[-97.055889,36.592468],[-97.002865,36.58257],[-96.9205,36.600669],[-96.888025,36.574892],[-96.901271,36.551747],[-97.005026,36.521831],[-97.006978,36.489253],[-96.981969,36.466065],[-96.939137,36.455485],[-96.875329,36.470921],[-96.820621,36.539323],[-96.753562,36.562607],[-96.706275,36.486218],[-96.710777,36.437662],[-96.678467,36.42086],[-96.627399,36.422233],[-96.589607,36.374524],[-96.540733,36.400408],[-96.525945,36.393555],[-96.522801,36.365583],[-96.572891,36.331862],[-96.560585,36.30398],[-96.515237,36.298338],[-96.486778,36.329856],[-96.457692,36.33267],[-96.427812,36.280189],[-96.340004,36.23003],[-96.253968,36.223778],[-96.243055,36.200247],[-96.268295,36.161986],[-96.001234,36.161302],[-96.000818,36.998867],[-96.749846,36.998995],[-96.752383,36.782098],[-96.822593,36.767565],[-96.830391,36.744178],[-96.888589,36.751799],[-96.931951,36.686103],[-97.032534,36.701965],[-97.064497,36.681266]]]},"properties":{"GEOID":"2595R","TRIBE_NAME":"TheOsageNation"}},{"type":"Feature","id":229,"geometry":{"type":"Polygon","coordinates":[[[-122.67405,39.008654],[-122.667226,39.007388],[-122.667162,39.011626],[-122.669452,39.009669],[-122.67405,39.008654]]]},"properties":{"GEOID":"4030R","TRIBE_NAME":"ElemIndianColonyofPomoIndiansoftheSulphurBankRancheria,California"}},{"type":"Feature","id":230,"geometry":{"type":"Polygon","coordinates":[[[-88.55195,46.851804],[-88.551826,46.764797],[-88.42756,46.764864],[-88.428467,46.67938],[-88.302336,46.67942],[-88.298181,46.816233],[-88.262015,46.852141],[-88.55195,46.851804]]]},"properties":{"GEOID":"1880R","TRIBE_NAME":"KeweenawBayIndianCommunity,Michigan"}},{"type":"Feature","id":231,"geometry":{"type":"Polygon","coordinates":[[[-114.87512,36.49175],[-114.764105,36.491603],[-114.761221,36.506792],[-114.758569,36.491595],[-114.655813,36.491719],[-114.65534,36.658555],[-114.630105,36.667106],[-114.630056,36.696143],[-114.657211,36.696477],[-114.652282,36.677942],[-114.682364,36.688516],[-114.688328,36.673737],[-114.666647,36.667518],[-114.765104,36.666954],[-114.765544,36.577614],[-114.869009,36.578578],[-114.87512,36.49175]]]},"properties":{"GEOID":"2315R","TRIBE_NAME":"MoapaBandofPaiuteIndiansoftheMoapaRiverIndianReservation,Nevada"}},{"type":"Feature","id":232,"geometry":{"type":"Polygon","coordinates":[[[-107.037479,34.90527],[-106.996862,34.836337],[-106.716131,34.836027],[-106.720101,34.872147],[-106.684499,34.871151],[-106.684696,34.848071],[-106.662758,34.844176],[-106.667657,34.811219],[-106.402525,34.810909],[-106.345693,34.82304],[-106.343627,34.855735],[-106.37322,34.871464],[-106.318771,34.901548],[-106.316487,34.942067],[-106.94568,34.957367],[-106.981803,34.952274],[-107.037479,34.90527]]]},"properties":{"GEOID":"1625R","TRIBE_NAME":"PuebloofIsleta,NewMexico"}},{"type":"Feature","id":233,"geometry":{"type":"MultiPolygon","coordinates":[[[[-122.185726,48.210077],[-122.185751,48.208214],[-122.182941,48.209102],[-122.182938,48.210115],[-122.185726,48.210077]]],[[[-122.188422,48.214492],[-122.182916,48.21362],[-122.182889,48.215389],[-122.188403,48.215394],[-122.188422,48.214492]]]]},"properties":{"GEOID":"4000R","TRIBE_NAME":"StillaguamishTribeofIndiansofWashington"}},{"type":"Feature","id":234,"geometry":{"type":"MultiPolygon","coordinates":[[[[-122.192942,48.540464],[-122.186368,48.538007],[-122.181784,48.540952],[-122.191169,48.543154],[-122.192942,48.540464]]],[[[-122.347729,48.567506],[-122.347657,48.566156],[-122.344342,48.566047],[-122.344218,48.5676],[-122.347729,48.567506]]],[[[-122.348767,48.559071],[-122.344748,48.557303],[-122.345277,48.562454],[-122.347783,48.562541],[-122.348767,48.559071]]]]},"properties":{"GEOID":"4455R","TRIBE_NAME":"UpperSkagitIndianTribe"}},{"type":"Feature","id":235,"geometry":{"type":"MultiPolygon","coordinates":[[[[-88.436987,45.416639],[-88.437094,45.413015],[-88.426774,45.412876],[-88.42671,45.420143],[-88.436987,45.416639]]],[[[-88.446557,45.492615],[-88.425992,45.492059],[-88.42584,45.499366],[-88.446531,45.503052],[-88.446557,45.492615]]],[[[-88.446927,45.434894],[-88.426264,45.434681],[-88.426017,45.44532],[-88.446756,45.449392],[-88.446927,45.434894]]],[[[-88.466728,45.4782],[-88.451172,45.477686],[-88.446558,45.492114],[-88.466676,45.492091],[-88.466728,45.4782]]],[[[-88.467069,45.54279],[-88.467105,45.53917],[-88.461984,45.539191],[-88.461955,45.54281],[-88.467069,45.54279]]],[[[-88.467243,45.450355],[-88.457128,45.4498],[-88.45692,45.456824],[-88.467139,45.457008],[-88.467243,45.450355]]],[[[-88.467474,45.428068],[-88.457262,45.420512],[-88.447049,45.420378],[-88.446929,45.434691],[-88.467474,45.428068]]],[[[-88.477463,45.453446],[-88.472331,45.453345],[-88.472255,45.45697],[-88.477371,45.456926],[-88.477463,45.453446]]],[[[-88.482742,45.447759],[-88.477599,45.446058],[-88.477467,45.453306],[-88.482602,45.453262],[-88.482742,45.447759]]],[[[-88.48705,45.471177],[-88.466883,45.470756],[-88.466729,45.477869],[-88.486796,45.477637],[-88.48705,45.471177]]],[[[-88.487228,45.466675],[-88.487342,45.463703],[-88.482123,45.463671],[-88.48219,45.467088],[-88.487228,45.466675]]],[[[-88.487698,45.533319],[-88.477432,45.531913],[-88.477412,45.535541],[-88.487683,45.535529],[-88.487698,45.533319]]],[[[-88.488515,45.413495],[-88.488514,45.410014],[-88.483439,45.409982],[-88.483323,45.413567],[-88.488515,45.413495]]],[[[-88.498505,45.422618],[-88.488252,45.420714],[-88.488082,45.435198],[-88.498423,45.435148],[-88.498505,45.422618]]],[[[-88.519154,45.417281],[-88.509029,45.413743],[-88.508772,45.420983],[-88.519046,45.42087],[-88.519154,45.417281]]],[[[-88.529772,45.39012],[-88.519582,45.388436],[-88.519475,45.392027],[-88.529706,45.392068],[-88.529772,45.39012]]],[[[-88.534441,45.421785],[-88.529213,45.420756],[-88.529144,45.428],[-88.534339,45.42793],[-88.534441,45.421785]]],[[[-88.543001,45.478365],[-88.532711,45.477953],[-88.532688,45.485078],[-88.54298,45.485128],[-88.543001,45.478365]]],[[[-88.572392,45.465104],[-88.551932,45.463399],[-88.551303,45.481653],[-88.572045,45.474552],[-88.572392,45.465104]]],[[[-88.578441,45.495993],[-88.561543,45.495866],[-88.56154,45.499503],[-88.578419,45.499598],[-88.578441,45.495993]]],[[[-88.587349,45.499688],[-88.58734,45.496087],[-88.582338,45.496024],[-88.582411,45.499637],[-88.587349,45.499688]]],[[[-88.59276,45.54284],[-88.592599,45.539224],[-88.58237,45.539239],[-88.582465,45.542857],[-88.59276,45.54284]]],[[[-88.592781,45.487503],[-88.582138,45.485299],[-88.582044,45.492515],[-88.592642,45.492536],[-88.592781,45.487503]]],[[[-88.593179,45.454414],[-88.57283,45.453357],[-88.572453,45.463574],[-88.592891,45.463683],[-88.593179,45.454414]]],[[[-88.613274,45.507067],[-88.602975,45.492734],[-88.592642,45.492536],[-88.592725,45.506916],[-88.613274,45.507067]]],[[[-88.613407,45.471634],[-88.602692,45.467261],[-88.592474,45.478276],[-88.613145,45.478116],[-88.613407,45.471634]]],[[[-88.614725,45.437772],[-88.593691,45.436187],[-88.593129,45.4505],[-88.613884,45.450745],[-88.614725,45.437772]]],[[[-88.633631,45.500008],[-88.628482,45.481916],[-88.613145,45.478116],[-88.613188,45.499972],[-88.633631,45.500008]]],[[[-88.634706,45.422131],[-88.630158,45.421729],[-88.624836,45.432552],[-88.634664,45.432724],[-88.634706,45.422131]]],[[[-88.635883,45.397156],[-88.625452,45.392703],[-88.615414,45.407382],[-88.635731,45.407404],[-88.635883,45.397156]]],[[[-88.636854,45.334596],[-88.626567,45.334584],[-88.626427,45.341769],[-88.636774,45.338192],[-88.636854,45.334596]]],[[[-88.638767,45.485798],[-88.633516,45.485557],[-88.633603,45.48917],[-88.638765,45.489227],[-88.638767,45.485798]]],[[[-88.650993,45.408406],[-88.640805,45.407533],[-88.6353,45.414661],[-88.645732,45.414782],[-88.650993,45.408406]]],[[[-88.654938,45.465172],[-88.644523,45.464024],[-88.633573,45.478376],[-88.649068,45.478543],[-88.654938,45.465172]]],[[[-88.666362,45.403078],[-88.656057,45.404056],[-88.655904,45.411299],[-88.666284,45.407616],[-88.666362,45.403078]]],[[[-88.840574,45.550222],[-88.840635,45.536675],[-88.819987,45.537006],[-88.799691,45.568085],[-88.840481,45.561475],[-88.840574,45.550222]],[[-88.825153,45.557776],[-88.82012,45.557848],[-88.820135,45.550538],[-88.824741,45.550533],[-88.825153,45.557776]]],[[[-88.841275,45.594646],[-88.819896,45.594145],[-88.82045,45.608542],[-88.841123,45.608476],[-88.841275,45.594646]]],[[[-88.844533,45.939093],[-88.84482,45.935484],[-88.839696,45.93545],[-88.839371,45.939046],[-88.844533,45.939093]]],[[[-88.861771,45.56509],[-88.856399,45.56134],[-88.820113,45.565123],[-88.820613,45.579629],[-88.851309,45.579556],[-88.861771,45.56509]]]]},"properties":{"GEOID":"1135R","TRIBE_NAME":"ForestCountyPotawatomiCommunity,Wisconsin"}},{"type":"Feature","id":236,"geometry":{"type":"Polygon","coordinates":[[[-112.117527,33.07258],[-112.117284,33.000277],[-112.047882,33.000135],[-112.047726,32.963886],[-111.937521,32.967372],[-111.937447,32.999223],[-112.030544,33.000116],[-112.047953,33.036393],[-112.091283,33.065272],[-112.082802,33.076479],[-112.117527,33.07258]]]},"properties":{"GEOID":"2130R","TRIBE_NAME":"Ak-ChinIndianCommunity"}},{"type":"Feature","id":237,"geometry":{"type":"MultiPolygon","coordinates":[[[[-123.133641,39.93588],[-123.133654,39.931428],[-123.124151,39.93135],[-123.128212,39.938304],[-123.133641,39.93588]]],[[[-123.140142,39.902727],[-123.139826,39.887888],[-123.119934,39.889531],[-123.13014,39.90271],[-123.140142,39.902727]]],[[[-123.144023,39.815978],[-123.144012,39.812319],[-123.138828,39.812329],[-123.138839,39.815989],[-123.144023,39.815978]]],[[[-123.148259,39.83425],[-123.148222,39.830823],[-123.143492,39.830832],[-123.145045,39.834273],[-123.148259,39.83425]]],[[[-123.152548,39.808087],[-123.152522,39.801675],[-123.140223,39.801917],[-123.139606,39.807914],[-123.152548,39.808087]]],[[[-123.163002,39.834559],[-123.162981,39.830899],[-123.153185,39.830919],[-123.153195,39.834579],[-123.163002,39.834559]]],[[[-123.163019,39.909837],[-123.153874,39.90958],[-123.153868,39.916757],[-123.162983,39.916769],[-123.163019,39.909837]]],[[[-123.163837,39.890164],[-123.144837,39.887926],[-123.144814,39.895728],[-123.163733,39.895732],[-123.163837,39.890164]]],[[[-123.191357,39.869644],[-123.191093,39.852817],[-123.162523,39.859569],[-123.143812,39.84263],[-123.143483,39.873818],[-123.182057,39.881002],[-123.176901,39.863364],[-123.191357,39.869644]]],[[[-123.210506,39.842116],[-123.210031,39.834169],[-123.201223,39.833932],[-123.20125,39.838584],[-123.210506,39.842116]]],[[[-123.229745,39.863714],[-123.220761,39.852535],[-123.20068,39.859895],[-123.200779,39.867003],[-123.229745,39.863714]]],[[[-123.248208,39.846303],[-123.243707,39.82428],[-123.229564,39.827772],[-123.228142,39.846305],[-123.248208,39.846303]],[[-123.234677,39.831393],[-123.232702,39.831384],[-123.23264,39.829978],[-123.234209,39.829962],[-123.234677,39.831393]]],[[[-123.383326,39.938636],[-123.374462,39.92783],[-123.33771,39.934977],[-123.328637,39.955946],[-123.332199,39.98862],[-123.295095,39.996607],[-123.295231,40.003424],[-123.323002,39.999195],[-123.344945,39.981137],[-123.342777,39.937667],[-123.383326,39.938636]]],[[[-123.400931,39.939092],[-123.400927,39.935574],[-123.396422,39.93557],[-123.396427,39.93912],[-123.400931,39.939092]]],[[[-123.439967,39.954888],[-123.434967,39.942009],[-123.40595,39.93843],[-123.410368,39.947324],[-123.439967,39.954888]]],[[[-123.47252,39.907525],[-123.468116,39.907332],[-123.468022,39.917585],[-123.470264,39.917592],[-123.47252,39.907525]]]]},"properties":{"GEOID":"3250R","TRIBE_NAME":"RoundValleyIndianTribes,RoundValleyReservation,California"}},{"type":"Feature","id":238,"geometry":{"type":"MultiPolygon","coordinates":[[[[-115.64335,40.620275],[-115.643299,40.605858],[-115.624145,40.606008],[-115.624038,40.620559],[-115.64335,40.620275]]],[[[-115.681716,40.59927],[-115.615374,40.551824],[-115.601094,40.553135],[-115.61042,40.569172],[-115.56697,40.565999],[-115.586442,40.591105],[-115.538329,40.583348],[-115.538162,40.605611],[-115.58583,40.60573],[-115.585877,40.620194],[-115.624145,40.606008],[-115.624007,40.576877],[-115.638683,40.577034],[-115.643299,40.605858],[-115.681716,40.59927]],[[-115.58583,40.60573],[-115.585796,40.598081],[-115.600283,40.602104],[-115.600305,40.605834],[-115.58583,40.60573]],[[-115.600283,40.602104],[-115.595444,40.591364],[-115.60529,40.591179],[-115.60549,40.601948],[-115.600283,40.602104]]],[[[-115.698159,40.721859],[-115.698196,40.71766],[-115.688961,40.717406],[-115.688754,40.724641],[-115.698159,40.721859]]]]},"properties":{"GEOID":"3930R","TRIBE_NAME":"Te-MoakTribeofWesternShoshoneIndiansofNevada(SouthForkBand)"}},{"type":"Feature","id":239,"geometry":{"type":"MultiPolygon","coordinates":[[[[-122.555457,47.76192],[-122.552414,47.746052],[-122.47714,47.746059],[-122.477134,47.765661],[-122.541735,47.77292],[-122.555457,47.76192]]],[[[-122.606792,47.707986],[-122.58729,47.69056],[-122.551127,47.742327],[-122.606723,47.744411],[-122.606792,47.707986]]]]},"properties":{"GEOID":"2925R","TRIBE_NAME":"SuquamishIndianTribeofthePortMadisonReservation"}},{"type":"Feature","id":240,"geometry":{"type":"MultiPolygon","coordinates":[[[[-106.95704,35.044451],[-106.956916,35.030112],[-106.943725,35.034557],[-106.946172,35.044436],[-106.95704,35.044451]]],[[[-107.054866,35.319348],[-107.055007,35.319246],[-107.054706,35.319069],[-107.054641,35.319432],[-107.054866,35.319348]]],[[[-107.080704,35.219686],[-107.039403,35.218447],[-107.039413,35.156064],[-106.947364,35.15606],[-106.948349,35.34807],[-107.042675,35.347056],[-107.041073,35.30515],[-107.062814,35.305242],[-107.063403,35.243745],[-107.080604,35.241145],[-107.080704,35.219686]]],[[[-107.111885,35.472184],[-107.111849,35.461048],[-107.097964,35.461004],[-107.097969,35.472353],[-107.111885,35.472184]]],[[[-107.167948,34.797367],[-107.167941,34.783045],[-107.150311,34.783054],[-107.150328,34.797515],[-107.167948,34.797367]]],[[[-107.167951,34.855094],[-107.167951,34.841469],[-107.150338,34.841471],[-107.150341,34.855059],[-107.167951,34.855094]]],[[[-107.168001,34.825646],[-107.167951,34.811527],[-107.150332,34.811528],[-107.150335,34.825638],[-107.168001,34.825646]]],[[[-107.168034,34.884255],[-107.167938,34.86964],[-107.150377,34.869587],[-107.150349,34.884154],[-107.168034,34.884255]]],[[[-107.182767,35.446476],[-107.166205,35.43766],[-107.164576,35.307206],[-107.128939,35.30591],[-107.101485,35.323886],[-107.089698,35.278886],[-107.080876,35.326985],[-107.096931,35.325529],[-107.063149,35.339175],[-107.049881,35.330806],[-107.063149,35.323437],[-107.049882,35.32371],[-107.045427,35.346074],[-107.042518,35.347128],[-107.041461,35.347111],[-107.104687,35.426117],[-107.097975,35.446524],[-107.111864,35.435662],[-107.182767,35.446476]]],[[[-107.186187,34.797886],[-107.167948,34.797367],[-107.167951,34.811527],[-107.186186,34.811527],[-107.186187,34.797886]]],[[[-107.186192,34.833942],[-107.186184,34.825624],[-107.168001,34.825646],[-107.167951,34.841469],[-107.186192,34.833942]]],[[[-107.18621,34.869608],[-107.186184,34.855126],[-107.167951,34.855094],[-107.167938,34.86964],[-107.18621,34.869608]]],[[[-107.200502,35.426076],[-107.186306,35.417524],[-107.182683,35.432144],[-107.200497,35.432174],[-107.200502,35.426076]]],[[[-107.203024,34.847604],[-107.186182,34.841468],[-107.186184,34.855126],[-107.203024,34.855164],[-107.203024,34.847604]]],[[[-107.203074,34.82562],[-107.203047,34.811527],[-107.186186,34.811527],[-107.186184,34.825624],[-107.203074,34.82562]]],[[[-107.203332,34.791044],[-107.203345,34.783036],[-107.186181,34.783019],[-107.186187,34.797304],[-107.203332,34.791044]]],[[[-107.218092,35.434304],[-107.200497,35.432174],[-107.182873,35.461063],[-107.165159,35.461086],[-107.165021,35.446454],[-107.14735,35.446506],[-107.147376,35.461038],[-107.111849,35.446538],[-107.111849,35.461048],[-107.119835,35.472274],[-107.218095,35.474618],[-107.218092,35.434304]]],[[[-107.220954,34.808297],[-107.220946,34.797021],[-107.203322,34.796969],[-107.203047,34.811527],[-107.220954,34.808297]]],[[[-107.238139,34.814345],[-107.220946,34.811527],[-107.220946,34.825619],[-107.238081,34.825621],[-107.238139,34.814345]]],[[[-107.238263,34.784467],[-107.2209,34.783036],[-107.220946,34.797021],[-107.23823,34.797095],[-107.238263,34.784467]]],[[[-107.256565,34.828789],[-107.238081,34.825621],[-107.23808,34.841475],[-107.256565,34.841465],[-107.256565,34.828789]]],[[[-107.25657,34.810632],[-107.256564,34.797175],[-107.23823,34.797095],[-107.238155,34.811527],[-107.25657,34.810632]]],[[[-107.27542,34.814345],[-107.256565,34.811527],[-107.256565,34.825621],[-107.27542,34.82562],[-107.27542,34.814345]]],[[[-107.275567,34.783933],[-107.256578,34.783323],[-107.256564,34.797175],[-107.27542,34.797241],[-107.275567,34.783933]]],[[[-107.292193,34.797587],[-107.27542,34.797241],[-107.27542,34.811527],[-107.292193,34.811527],[-107.292193,34.797587]]],[[[-107.292214,34.82892],[-107.27542,34.82562],[-107.27542,34.841464],[-107.292194,34.841463],[-107.292214,34.82892]]],[[[-107.309815,34.813518],[-107.292193,34.811527],[-107.292194,34.82562],[-107.309816,34.82562],[-107.309815,34.813518]]],[[[-107.30999,34.792318],[-107.309983,34.782843],[-107.292273,34.782941],[-107.292193,34.796967],[-107.30999,34.792318]]],[[[-107.545346,35.007896],[-107.543263,34.869706],[-107.309519,34.870122],[-107.309816,34.841475],[-107.275421,34.854956],[-107.27542,34.841464],[-107.238081,34.848333],[-107.203074,34.82562],[-107.220946,34.8552],[-107.150309,34.898589],[-107.150349,34.884154],[-107.133179,34.884102],[-107.133272,34.869568],[-107.150377,34.869587],[-107.133321,34.841472],[-107.150338,34.841471],[-107.150335,34.825638],[-107.133266,34.825619],[-107.133196,34.811527],[-107.150332,34.811528],[-107.150328,34.797515],[-106.990307,34.797322],[-106.991243,34.830778],[-107.037284,34.905934],[-106.981803,34.952274],[-106.9466,34.955073],[-106.925513,34.982537],[-106.941459,35.033044],[-106.956862,35.02984],[-107.098582,35.030343],[-107.098203,35.045031],[-107.159596,35.044824],[-107.157033,35.022314],[-107.186061,35.040306],[-107.203739,35.026702],[-107.206242,35.095602],[-107.163711,35.108894],[-107.163614,35.132199],[-107.194112,35.143979],[-107.182689,35.167946],[-107.230276,35.167815],[-107.247083,35.139063],[-107.371399,35.160875],[-107.464857,35.153536],[-107.447155,35.175413],[-107.465072,35.175483],[-107.465359,35.189691],[-107.476718,35.189995],[-107.502822,35.119126],[-107.48971,35.087337],[-107.505886,35.077472],[-107.492033,35.067449],[-107.544836,35.067589],[-107.545346,35.007896]],[[-107.275388,34.862869],[-107.256447,34.86978],[-107.256565,34.855],[-107.264699,34.86279],[-107.275388,34.862869]],[[-107.238235,34.859005],[-107.238217,34.869692],[-107.233551,34.869679],[-107.233597,34.858852],[-107.238235,34.859005]],[[-107.22502,34.866322],[-107.22502,34.86968],[-107.221023,34.869687],[-107.220999,34.866307],[-107.22502,34.866322]],[[-107.20288,34.956391],[-107.145034,34.957377],[-107.133265,34.912998],[-107.167985,34.913224],[-107.20288,34.956391]],[[-107.186088,34.884255],[-107.198708,34.884282],[-107.202697,34.89884],[-107.186092,34.898718],[-107.186088,34.884255]],[[-107.220946,34.8552],[-107.226519,34.855104],[-107.225749,34.862434],[-107.22098,34.862488],[-107.220946,34.8552]]],[[[-107.567252,35.178506],[-107.510775,35.18024],[-107.517344,35.225857],[-107.554909,35.238845],[-107.567252,35.178506]]],[[[-107.589743,35.138194],[-107.582145,35.100989],[-107.507883,35.168503],[-107.589227,35.168728],[-107.589743,35.138194]]],[[[-107.623933,34.750056],[-107.623866,34.696557],[-107.531864,34.696862],[-107.524177,34.704313],[-107.557151,34.698158],[-107.509788,34.731533],[-107.54764,34.783682],[-107.623392,34.78327],[-107.623933,34.750056]]]]},"properties":{"GEOID":"1840R","TRIBE_NAME":"PuebloofLaguna,NewMexico"}},{"type":"Feature","id":241,"geometry":{"type":"Polygon","coordinates":[[[-110.783279,34.167509],[-110.781327,33.847054],[-110.741891,33.696296],[-110.718249,33.711759],[-110.723044,33.729001],[-110.689995,33.740544],[-110.689243,33.768372],[-110.65759,33.809735],[-110.629954,33.80784],[-110.623712,33.825573],[-110.585324,33.83606],[-110.566876,33.824966],[-110.55785,33.838351],[-110.51529,33.805036],[-110.523898,33.796209],[-110.490805,33.790513],[-110.430046,33.806529],[-110.403277,33.788957],[-110.397884,33.811328],[-110.376914,33.817333],[-110.381738,33.805845],[-110.359468,33.799806],[-110.369245,33.788451],[-110.343153,33.801169],[-110.256446,33.746007],[-110.246608,33.75717],[-110.237096,33.75548],[-110.225884,33.708258],[-110.194707,33.717953],[-110.181576,33.706037],[-110.19265,33.695488],[-110.101842,33.642168],[-110.102391,33.621867],[-110.086416,33.613099],[-110.09857,33.601176],[-110.070107,33.597467],[-110.076712,33.583489],[-110.059425,33.575084],[-110.040891,33.58886],[-110.020774,33.569545],[-109.995101,33.58257],[-109.881768,33.571384],[-109.846388,33.549015],[-109.850363,33.534738],[-109.824044,33.528855],[-109.823514,33.509474],[-109.804057,33.503334],[-109.81223,33.483623],[-109.767284,33.475422],[-109.746195,33.485337],[-109.731155,33.521565],[-109.665026,33.5555],[-109.676569,33.569076],[-109.660535,33.583717],[-109.620258,33.583501],[-109.604378,33.612468],[-109.561811,33.626293],[-109.525024,33.618661],[-109.519499,33.645842],[-109.496692,33.652441],[-109.495573,33.915723],[-109.564348,33.90996],[-109.571938,33.921416],[-109.544114,33.949259],[-109.52146,34.019468],[-109.581803,34.057401],[-109.605475,34.102316],[-109.652782,34.101431],[-109.672028,34.1504],[-109.693817,34.130573],[-109.710051,34.143756],[-109.762275,34.117795],[-109.801829,34.127765],[-109.892189,34.098345],[-109.968124,34.109119],[-109.980845,34.138956],[-110.012158,34.147495],[-110.041825,34.204213],[-110.074979,34.191234],[-110.08699,34.212384],[-110.108346,34.201866],[-110.202658,34.25098],[-110.239247,34.219665],[-110.287875,34.218831],[-110.348259,34.239783],[-110.374294,34.27945],[-110.43115,34.307116],[-110.511843,34.302995],[-110.542006,34.271318],[-110.596988,34.291285],[-110.636208,34.288055],[-110.644302,34.266347],[-110.672023,34.277307],[-110.76324,34.258416],[-110.76127,34.287877],[-110.783122,34.299866],[-110.783279,34.167509]]]},"properties":{"GEOID":"1140R","TRIBE_NAME":"WhiteMountainApacheTribeoftheFortApacheReservation,Arizona"}},{"type":"Feature","id":242,"geometry":{"type":"Polygon","coordinates":[[[-113.609504,48.944215],[-113.486959,48.784412],[-113.422663,48.734389],[-113.421565,48.693414],[-113.241935,48.412883],[-112.922433,48.242022],[-112.921767,48.164643],[-112.872244,48.162915],[-112.712743,48.241349],[-112.629968,48.244427],[-112.584696,48.309469],[-112.506014,48.346611],[-112.420553,48.340285],[-112.397438,48.310195],[-112.319131,48.321213],[-112.348055,48.350117],[-112.327836,48.390594],[-112.295509,48.400731],[-112.256785,48.429771],[-112.267272,48.44014],[-112.227595,48.461971],[-112.231142,48.490731],[-112.244218,48.483985],[-112.305517,48.528484],[-112.308917,48.548752],[-112.28534,48.5588],[-112.340994,48.597929],[-112.344524,48.642643],[-112.368183,48.655485],[-112.365043,48.998698],[-113.609154,48.997983],[-113.609504,48.944215]]]},"properties":{"GEOID":"0305R","TRIBE_NAME":"BlackfeetTribeoftheBlackfeetIndianReservationofMontana"}},{"type":"Feature","id":243,"geometry":{"type":"MultiPolygon","coordinates":[[[[-124.60196,48.386261],[-124.598809,48.37795],[-124.594389,48.377792],[-124.596021,48.381575],[-124.60196,48.386261]]],[[[-124.6448,48.247533],[-124.633917,48.244908],[-124.633886,48.252141],[-124.644747,48.25215],[-124.6448,48.247533]]],[[[-124.645209,48.223603],[-124.63419,48.223542],[-124.634097,48.230379],[-124.64508,48.230335],[-124.645209,48.223603]]],[[[-124.655557,48.254243],[-124.644747,48.25215],[-124.644676,48.2594],[-124.655557,48.259429],[-124.655557,48.254243]]],[[[-124.682024,48.237843],[-124.64508,48.230335],[-124.644796,48.244917],[-124.677235,48.252257],[-124.682024,48.237843]]],[[[-124.731709,48.381493],[-124.695271,48.343322],[-124.671171,48.345637],[-124.658819,48.330818],[-124.665613,48.299782],[-124.687919,48.286914],[-124.661133,48.275007],[-124.666358,48.259493],[-124.639407,48.275129],[-124.55751,48.275028],[-124.548004,48.354692],[-124.565405,48.368129],[-124.620453,48.366885],[-124.659233,48.391264],[-124.731709,48.381493]]],[[[-124.736506,48.171263],[-124.697877,48.165271],[-124.697861,48.1774],[-124.721575,48.177406],[-124.736506,48.171263]]],[[[-124.738437,48.394576],[-124.736124,48.393509],[-124.735752,48.393893],[-124.736529,48.395109],[-124.738437,48.394576]]],[[[-124.738629,48.392356],[-124.736636,48.390024],[-124.732817,48.390671],[-124.7342,48.39325],[-124.738629,48.392356]]],[[[-124.739802,48.393258],[-124.738791,48.39265],[-124.737404,48.393067],[-124.738548,48.393391],[-124.739802,48.393258]]],[[[-124.740921,48.391102],[-124.740678,48.390817],[-124.738362,48.391361],[-124.740194,48.39203],[-124.740921,48.391102]]],[[[-124.742675,48.391183],[-124.741649,48.391217],[-124.741056,48.391612],[-124.742499,48.391824],[-124.742675,48.391183]]]]},"properties":{"GEOID":"2085R","TRIBE_NAME":"MakahIndianTribeoftheMakahIndianReservation"}},{"type":"Feature","id":244,"geometry":{"type":"Polygon","coordinates":[[[-114.737788,32.833078],[-114.736819,32.717598],[-114.701166,32.745668],[-114.576424,32.722124],[-114.581181,32.774517],[-114.54786,32.768464],[-114.549056,32.733477],[-114.526922,32.75005],[-114.529644,32.795482],[-114.488433,32.826593],[-114.737788,32.833078]],[[-114.608036,32.794318],[-114.600146,32.806713],[-114.547666,32.822182],[-114.516216,32.816455],[-114.533095,32.801717],[-114.536204,32.769439],[-114.580984,32.775886],[-114.598807,32.742283],[-114.608036,32.794318]]]},"properties":{"GEOID":"1280R","TRIBE_NAME":"QuechanTribeoftheFortYumaIndianReservation,California&Arizona"}},{"type":"Feature","id":245,"geometry":{"type":"MultiPolygon","coordinates":[[[[-114.78819,39.577718],[-114.762721,39.571521],[-114.761525,39.590953],[-114.769301,39.578691],[-114.78819,39.577718]]],[[[-114.848567,39.169385],[-114.848544,39.158547],[-114.828975,39.166835],[-114.829519,39.169465],[-114.848567,39.169385]]],[[[-114.863925,39.213897],[-114.837807,39.208777],[-114.837864,39.219646],[-114.857691,39.221879],[-114.863925,39.213897]]],[[[-114.873309,39.237102],[-114.870787,39.233489],[-114.861393,39.233798],[-114.861528,39.237435],[-114.873309,39.237102]]],[[[-114.880021,39.248009],[-114.879914,39.246235],[-114.878029,39.246752],[-114.87807,39.248444],[-114.880021,39.248009]]],[[[-114.89865,39.241357],[-114.898637,39.2397],[-114.895835,39.239711],[-114.89671,39.241428],[-114.89865,39.241357]]],[[[-115.039211,39.142008],[-115.000794,39.147193],[-115.001333,39.18725],[-115.00766,39.187218],[-115.039211,39.142008]]]]},"properties":{"GEOID":"1040R","TRIBE_NAME":"ElyShoshoneTribeofNevada"}},{"type":"Feature","id":246,"geometry":{"type":"MultiPolygon","coordinates":[[[[-92.651645,44.624511],[-92.651687,44.622123],[-92.65021,44.622115],[-92.650171,44.623426],[-92.651645,44.624511]]],[[[-92.66168,44.631651],[-92.661676,44.629473],[-92.658644,44.629486],[-92.658687,44.629512],[-92.66168,44.631651]]],[[[-92.661683,44.640293],[-92.661651,44.632036],[-92.646751,44.622324],[-92.641149,44.63635],[-92.661683,44.640293]]],[[[-92.661919,44.619206],[-92.656858,44.618491],[-92.656718,44.622144],[-92.661831,44.622175],[-92.661919,44.619206]]]]},"properties":{"GEOID":"2985R","TRIBE_NAME":"PrairieIslandIndianCommunityintheStateofMinnesota"}},{"type":"Feature","id":247,"geometry":{"type":"Polygon","coordinates":[[[-95.728323,39.683663],[-95.728197,39.568693],[-95.503257,39.507288],[-95.503452,39.825096],[-95.728035,39.8248],[-95.728038,39.704989],[-95.713742,39.70485],[-95.728323,39.683663]]]},"properties":{"GEOID":"1770R","TRIBE_NAME":"KickapooTribeofIndiansoftheKickapooReservationinKansas"}},{"type":"Feature","id":248,"geometry":{"type":"MultiPolygon","coordinates":[[[[-114.68425,32.556587],[-114.666067,32.5529],[-114.666984,32.596589],[-114.649858,32.611097],[-114.667301,32.611313],[-114.68425,32.556587]]],[[[-114.714746,32.729151],[-114.691188,32.728875],[-114.691233,32.739128],[-114.702188,32.744782],[-114.714746,32.729151]]],[[[-114.81407,32.563348],[-114.790378,32.567101],[-114.787054,32.610787],[-114.751391,32.621762],[-114.770152,32.62572],[-114.763795,32.643408],[-114.807181,32.621743],[-114.801093,32.577978],[-114.81407,32.563348]]]]},"properties":{"GEOID":"0695R","TRIBE_NAME":"CocopahTribeofArizona"}},{"type":"Feature","id":249,"geometry":{"type":"Polygon","coordinates":[[[-118.238231,36.844044],[-118.233863,36.83332],[-118.215808,36.833469],[-118.225056,36.851653],[-118.238231,36.844044]]]},"properties":{"GEOID":"1195R","TRIBE_NAME":"FortIndependenceIndianCommunityofPaiuteIndiansoftheFortIndependenceReservation,California"}},{"type":"Feature","id":250,"geometry":{"type":"Polygon","coordinates":[[[-120.909512,38.694513],[-120.900535,38.693075],[-120.900187,38.70038],[-120.909346,38.700394],[-120.909512,38.694513]]]},"properties":{"GEOID":"3750R","TRIBE_NAME":"ShingleSpringsBandofMiwokIndians,ShingleSpringsRancheria(VeronaTract),California"}},{"type":"Feature","id":251,"geometry":{"type":"MultiPolygon","coordinates":[[[[-119.761172,39.120777],[-119.761358,39.117639],[-119.751536,39.110705],[-119.751321,39.121202],[-119.761172,39.120777]]],[[[-119.77049,39.116814],[-119.766453,39.110291],[-119.753516,39.11053],[-119.761358,39.117639],[-119.77049,39.116814]]],[[[-119.779112,39.075056],[-119.770986,39.078728],[-119.775028,39.085406],[-119.778811,39.085317],[-119.779112,39.075056]]],[[[-119.799082,39.113845],[-119.797328,39.109905],[-119.779731,39.106675],[-119.77973,39.113934],[-119.799082,39.113845]]],[[[-119.838169,39.110945],[-119.838161,39.106288],[-119.829675,39.106375],[-119.829672,39.113562],[-119.838169,39.110945]]],[[[-119.843815,39.066507],[-119.806919,39.055536],[-119.80611,39.026437],[-119.788236,39.026523],[-119.784165,39.066771],[-119.806739,39.059347],[-119.820461,39.07818],[-119.843815,39.066507]]]]},"properties":{"GEOID":"3980R","TRIBE_NAME":"WashoeTribeofNevada&California(CarsonColony,DresslervilleColony,WoodfordsCommunity,StewartCommunity,&WashoeRanches)"}},{"type":"Feature","id":252,"geometry":{"type":"MultiPolygon","coordinates":[[[[-123.378604,41.802883],[-123.376543,41.801458],[-123.376196,41.799484],[-123.374941,41.802104],[-123.378604,41.802883]]],[[[-123.528577,41.305297],[-123.52903,41.304571],[-123.527147,41.30464],[-123.527522,41.305974],[-123.528577,41.305297]]]]},"properties":{"GEOID":"1750R","TRIBE_NAME":"KarukTribe"}},{"type":"Feature","id":253,"geometry":{"type":"Polygon","coordinates":[[[-116.927262,33.287538],[-116.9271,33.255476],[-116.849814,33.248772],[-116.841169,33.270841],[-116.824069,33.270142],[-116.841169,33.299441],[-116.895797,33.299455],[-116.89576,33.313936],[-116.927262,33.287538]],[[-116.912791,33.273716],[-116.905944,33.305228],[-116.873332,33.28542],[-116.875761,33.2719],[-116.912791,33.273716]]]},"properties":{"GEOID":"1850R","TRIBE_NAME":"LaJollaBandofLuisenoIndians,California"}},{"type":"Feature","id":254,"geometry":{"type":"Polygon","coordinates":[[[-112.476679,34.565321],[-112.460878,34.550489],[-112.448016,34.55925],[-112.446027,34.545749],[-112.421283,34.545675],[-112.442365,34.565541],[-112.476679,34.565321]]]},"properties":{"GEOID":"4710R","TRIBE_NAME":"Yavapai-PrescottIndianTribe"}},{"type":"Feature","id":255,"geometry":{"type":"Polygon","coordinates":[[[-122.444439,47.301867],[-122.391207,47.28001],[-122.417441,47.222765],[-122.381411,47.186307],[-122.303404,47.210091],[-122.325517,47.258103],[-122.415998,47.319962],[-122.444439,47.301867]]]},"properties":{"GEOID":"3000R","TRIBE_NAME":"PuyallupTribeofthePuyallupReservation"}},{"type":"Feature","id":256,"geometry":{"type":"Polygon","coordinates":[[[-78.977522,41.99905],[-78.944524,41.99847],[-78.944097,42.023864],[-78.886003,42.03221],[-78.885411,42.05769],[-78.853537,42.094377],[-78.794883,42.101124],[-78.777434,42.119601],[-78.759152,42.108137],[-78.755647,42.129977],[-78.767662,42.130095],[-78.733295,42.152647],[-78.675785,42.132175],[-78.655612,42.073986],[-78.566706,42.088911],[-78.637373,42.106696],[-78.671853,42.156112],[-78.730756,42.172475],[-78.780783,42.166754],[-78.801763,42.126792],[-78.885947,42.113766],[-78.890115,42.136991],[-78.894618,42.069711],[-78.973378,42.026615],[-78.977522,41.99905]]]},"properties":{"GEOID":"0080R","TRIBE_NAME":"SenecaNationofIndians"}},{"type":"Feature","id":257,"geometry":{"type":"MultiPolygon","coordinates":[[[[-116.095221,33.585225],[-116.078921,33.584106],[-116.078152,33.594919],[-116.095061,33.598612],[-116.095221,33.585225]]],[[[-116.177192,33.700364],[-116.175983,33.685691],[-116.164158,33.685859],[-116.1685,33.700361],[-116.177192,33.700364]]],[[[-116.194728,33.722232],[-116.194672,33.715044],[-116.181588,33.714967],[-116.181592,33.722257],[-116.194728,33.722232]]],[[[-116.199066,33.704017],[-116.194693,33.700363],[-116.181563,33.700407],[-116.194672,33.715044],[-116.199066,33.704017]]]]},"properties":{"GEOID":"0415R","TRIBE_NAME":"CabazonBandofCahuillaIndians"}},{"type":"Feature","id":258,"geometry":{"type":"Polygon","coordinates":[[[-116.992741,33.278212],[-116.979344,33.242368],[-116.944896,33.241754],[-116.945008,33.274065],[-116.927783,33.270733],[-116.927946,33.287351],[-116.962393,33.285284],[-116.96224,33.266887],[-116.992741,33.278212]],[[-116.970177,33.256841],[-116.97018,33.263117],[-116.962447,33.263101],[-116.962447,33.255712],[-116.970177,33.256841]]]},"properties":{"GEOID":"3165R","TRIBE_NAME":"RinconBandofLuisenoMissionIndiansofRinconReservation,California"}},{"type":"Feature","id":259,"geometry":{"type":"MultiPolygon","coordinates":[[[[-117.024261,33.346526],[-117.024117,33.342682],[-117.019923,33.343643],[-117.019997,33.346505],[-117.024261,33.346526]]],[[[-117.029851,33.353617],[-117.029812,33.349495],[-117.02442,33.350431],[-117.024567,33.35417],[-117.029851,33.353617]]],[[[-117.033479,33.34657],[-117.033293,33.342545],[-117.028329,33.342613],[-117.028683,33.346546],[-117.033479,33.34657]]],[[[-117.038635,33.314842],[-117.03313,33.31357],[-117.033124,33.317209],[-117.038595,33.317754],[-117.038635,33.314842]]],[[[-117.042145,33.356536],[-117.041019,33.356203],[-117.040993,33.358058],[-117.042124,33.35807],[-117.042145,33.356536]]],[[[-117.055259,33.390819],[-117.055283,33.389186],[-117.051363,33.389021],[-117.051268,33.390663],[-117.055259,33.390819]]],[[[-117.103416,33.358417],[-117.077123,33.315479],[-117.047711,33.315053],[-117.051409,33.333518],[-117.033293,33.342545],[-117.050666,33.343135],[-117.050902,33.358301],[-117.024531,33.372642],[-117.007226,33.344745],[-116.979985,33.346569],[-116.97992,33.386387],[-117.050938,33.38012],[-117.081171,33.412138],[-117.094645,33.369618],[-117.090332,33.377011],[-117.081721,33.37329],[-117.103416,33.358417]],[[-117.085777,33.346487],[-117.077493,33.347471],[-117.081431,33.333595],[-117.085707,33.333606],[-117.085777,33.346487]],[[-117.07474,33.390942],[-117.068782,33.393446],[-117.067696,33.387781],[-117.070327,33.391123],[-117.07474,33.390942]],[[-117.074648,33.365672],[-117.073713,33.366205],[-117.073449,33.365344],[-117.074433,33.36515],[-117.074648,33.365672]],[[-117.064139,33.377498],[-117.062772,33.384475],[-117.060991,33.384435],[-117.059734,33.376782],[-117.064139,33.377498]],[[-117.024531,33.372642],[-117.024409,33.376298],[-117.015867,33.37642],[-117.015907,33.372698],[-117.024531,33.372642]]]]},"properties":{"GEOID":"2635R","TRIBE_NAME":"PalaBandofMissionIndians"}},{"type":"Feature","id":260,"geometry":{"type":"Polygon","coordinates":[[[-121.519287,46.350304],[-121.474616,46.288657],[-121.463204,46.22519],[-121.490848,46.20207],[-121.433722,46.111085],[-121.416528,46.018709],[-121.442046,45.982628],[-121.453329,45.914986],[-121.40096,45.886168],[-121.194611,45.987572],[-120.903098,46.004324],[-120.880545,46.018997],[-120.823374,45.994145],[-120.810594,46.010946],[-120.639271,45.982791],[-120.610828,45.995042],[-120.461981,45.993832],[-120.45587,46.019027],[-120.287052,46.048255],[-120.121331,46.107154],[-119.999637,46.215108],[-120.018259,46.239314],[-120.102643,46.24821],[-120.111508,46.2639],[-120.091131,46.266367],[-120.095783,46.296169],[-120.190291,46.327819],[-120.227609,46.355321],[-120.231696,46.384294],[-120.351415,46.427224],[-120.348485,46.443629],[-120.403412,46.466779],[-120.458195,46.517583],[-120.476932,46.517391],[-120.471505,46.534923],[-120.50953,46.551892],[-120.715549,46.526643],[-120.873192,46.526728],[-121.023781,46.467317],[-121.096308,46.464098],[-121.120142,46.444893],[-121.126201,46.471034],[-121.209327,46.512563],[-121.303413,46.455398],[-121.380449,46.468128],[-121.423256,46.492749],[-121.436375,46.477308],[-121.386571,46.410607],[-121.394218,46.389964],[-121.476867,46.394029],[-121.519287,46.350304]],[[-120.417406,46.433592],[-120.41739,46.434577],[-120.412146,46.4346],[-120.412125,46.433593],[-120.417406,46.433592]]]},"properties":{"GEOID":"4690R","TRIBE_NAME":"ConfederatedTribesandBandsoftheYakamaNation"}},{"type":"Feature","id":261,"geometry":{"type":"Polygon","coordinates":[[[-112.752353,42.958006],[-112.732095,42.940093],[-112.748388,42.91881],[-112.737508,42.905414],[-112.738306,42.589004],[-112.644834,42.587761],[-112.625838,42.579285],[-112.6346,42.560584],[-112.60578,42.56062],[-112.619919,42.575598],[-112.536097,42.564265],[-112.535628,42.964025],[-112.298957,42.963473],[-112.30078,42.905785],[-111.948306,42.905685],[-111.94579,43.14616],[-111.957964,43.163749],[-112.002697,43.17518],[-112.043457,43.262618],[-112.147707,43.252877],[-112.248625,43.172452],[-112.316715,43.161114],[-112.370742,43.17799],[-112.421961,43.146317],[-112.521155,43.123491],[-112.520723,43.104315],[-112.558588,43.080982],[-112.58587,43.036218],[-112.680594,43.020793],[-112.706759,42.990689],[-112.741578,42.988864],[-112.734218,42.975487],[-112.752353,42.958006]]]},"properties":{"GEOID":"1185R","TRIBE_NAME":"Shoshone-BannockTribesoftheFortHallReservation"}},{"type":"Feature","id":262,"geometry":{"type":"Polygon","coordinates":[[[-122.713294,45.854914],[-122.713242,45.848222],[-122.70038,45.846345],[-122.70548,45.857597],[-122.713294,45.854914]]]},"properties":{"GEOID":"0820R","TRIBE_NAME":"CowlitzIndianTribe"}},{"type":"Feature","id":263,"geometry":{"type":"Polygon","coordinates":[[[-124.121994,41.164953],[-124.121987,41.163863],[-124.119124,41.163764],[-124.11972,41.164441],[-124.121994,41.164953]]]},"properties":{"GEOID":"0240R","TRIBE_NAME":"BigLagoonRancheria,California"}},{"type":"Feature","id":264,"geometry":{"type":"Polygon","coordinates":[[[-120.525611,41.477764],[-120.52565,41.475398],[-120.523252,41.475399],[-120.523211,41.479939],[-120.525611,41.477764]]]},"properties":{"GEOID":"0095R","TRIBE_NAME":"AlturasIndianRancheria,California"}},{"type":"Feature","id":265,"geometry":{"type":"Polygon","coordinates":[[[-119.471657,37.089568],[-119.466397,37.078954],[-119.458241,37.07484],[-119.46287,37.089481],[-119.471657,37.089568]]]},"properties":{"GEOID":"0265R","TRIBE_NAME":"BigSandyRancheriaofWesternMonoIndiansofCalifornia"}},{"type":"Feature","id":266,"geometry":{"type":"Polygon","coordinates":[[[-116.199294,33.656557],[-116.198646,33.642063],[-116.185959,33.642054],[-116.181789,33.656567],[-116.199294,33.656557]]]},"properties":{"GEOID":"0125R","TRIBE_NAME":"AugustineBandofCahuillaIndians,California"}},{"type":"Feature","id":267,"geometry":{"type":"Polygon","coordinates":[[[-123.341443,38.656439],[-123.341434,38.654854],[-123.336526,38.654631],[-123.33676,38.658366],[-123.341443,38.656439]]]},"properties":{"GEOID":"3985R","TRIBE_NAME":"KashiaBandofPomoIndiansoftheStewartsPointRancheria,California"}},{"type":"Feature","id":268,"geometry":{"type":"Polygon","coordinates":[[[-119.829504,40.382208],[-119.687536,39.969459],[-119.579177,39.868078],[-119.477992,39.816857],[-119.478003,39.800651],[-119.458247,39.809808],[-119.396484,39.790172],[-119.38229,39.760877],[-119.396085,39.760889],[-119.396085,39.743862],[-119.378936,39.743905],[-119.351024,39.69618],[-119.36095,39.681151],[-119.343896,39.681484],[-119.304379,39.614677],[-119.310733,39.614615],[-119.317505,39.60763],[-119.289322,39.604158],[-119.24576,39.668356],[-119.39324,39.964271],[-119.340055,40.158911],[-119.504075,40.360845],[-119.829504,40.382208]]]},"properties":{"GEOID":"3010R","TRIBE_NAME":"PyramidLakePaiuteTribeofthePyramidLakeReservation,Nevada"}},{"type":"Feature","id":269,"geometry":{"type":"Polygon","coordinates":[[[-106.447306,36.001176],[-106.445588,35.978896],[-106.401693,35.952824],[-106.315446,35.952425],[-106.300384,35.973395],[-106.264251,35.972756],[-106.211308,35.964241],[-106.225842,35.953601],[-106.202408,35.957776],[-106.160536,35.930647],[-106.041673,35.930922],[-106.041717,36.006205],[-106.159178,35.9948],[-106.243795,36.023035],[-106.295999,36.021856],[-106.329066,36.001184],[-106.447306,36.001176]],[[-106.201373,35.957829],[-106.194634,35.958446],[-106.194603,35.954686],[-106.195753,35.954835],[-106.201373,35.957829]]]},"properties":{"GEOID":"3495R","TRIBE_NAME":"PuebloofSantaClara,NewMexico"}},{"type":"Feature","id":270,"geometry":{"type":"Polygon","coordinates":[[[-92.06408,31.10935],[-92.052846,31.106656],[-92.043124,31.120487],[-92.058818,31.119377],[-92.06408,31.10935]]]},"properties":{"GEOID":"4315R","TRIBE_NAME":"Tunica-BiloxiIndianTribe"}},{"type":"Feature","id":271,"geometry":{"type":"Polygon","coordinates":[[[-80.22111,26.03849],[-80.204476,26.035799],[-80.207469,26.053966],[-80.215424,26.053756],[-80.22111,26.03849]]]},"properties":{"GEOID":"1475R","TRIBE_NAME":"SeminoleTribeofFlorida"}},{"type":"Feature","id":272,"geometry":{"type":"Polygon","coordinates":[[[-98.680697,43.373164],[-98.678033,43.074015],[-98.615776,43.074001],[-98.543201,43.051364],[-98.444154,42.929249],[-98.420749,42.931931],[-98.171122,42.837121],[-98.117056,42.869393],[-98.123473,42.910745],[-98.092791,42.973928],[-98.11428,43.006061],[-98.094877,43.029853],[-98.107773,43.101985],[-98.069053,43.184894],[-98.680697,43.373164]]]},"properties":{"GEOID":"4700R","TRIBE_NAME":"YanktonSiouxTribeofSouthDakota"}},{"type":"Feature","id":273,"geometry":{"type":"Polygon","coordinates":[[[-95.942585,39.376106],[-95.942485,39.260088],[-95.738344,39.260013],[-95.738552,39.422118],[-95.942151,39.420829],[-95.942585,39.376106]]]},"properties":{"GEOID":"2980R","TRIBE_NAME":"PrairieBandPotawatomiNation"}},{"type":"Feature","id":274,"geometry":{"type":"Polygon","coordinates":[[[-102.000993,45.711976],[-101.999792,45.471539],[-100.341285,45.471904],[-100.382141,45.510653],[-100.453899,45.512014],[-100.486398,45.543333],[-100.434162,45.585721],[-100.406448,45.650019],[-100.323057,45.669919],[-100.308188,45.70117],[-100.375551,45.815959],[-100.387046,45.86915],[-100.511959,45.94372],[-100.521895,45.989428],[-100.561915,46.009704],[-100.614514,46.071804],[-100.629155,46.145616],[-100.55921,46.235702],[-100.58161,46.278602],[-100.548609,46.333301],[-100.559409,46.381702],[-100.60021,46.429302],[-100.60991,46.416902],[-100.681868,46.412243],[-100.720514,46.379753],[-100.737829,46.401627],[-100.809372,46.384499],[-100.856985,46.403277],[-100.881872,46.389837],[-100.880993,46.409604],[-100.91896,46.394991],[-100.969325,46.328767],[-101.016711,46.3204],[-100.99724,46.304669],[-101.016892,46.299558],[-101.023961,46.278696],[-101.096235,46.272825],[-101.091349,46.258063],[-101.116838,46.243044],[-101.101609,46.226779],[-101.191011,46.191342],[-101.190382,46.147855],[-101.212946,46.156123],[-101.228151,46.137976],[-101.302201,46.133163],[-101.311457,46.125011],[-101.294717,46.115748],[-101.319161,46.10037],[-101.312361,46.091938],[-101.364165,46.069919],[-101.397797,46.077124],[-101.430735,46.052977],[-101.474811,46.059506],[-101.49829,46.040598],[-101.485875,46.027991],[-101.535165,46.030651],[-101.527333,46.016436],[-101.553604,46.006843],[-101.574759,46.025534],[-101.591511,46.009216],[-101.631425,46.037954],[-101.664538,46.011643],[-101.728927,46.036132],[-101.7568,46.028793],[-101.755572,46.042524],[-101.798754,46.024236],[-101.828173,46.037942],[-101.841562,46.028848],[-101.860338,46.048066],[-101.842653,46.050209],[-101.849365,46.073282],[-101.91181,46.05382],[-101.9378,46.066411],[-101.965557,46.048633],[-101.996146,46.056433],[-102.000993,45.711976]]]},"properties":{"GEOID":"3970R","TRIBE_NAME":"StandingRockSiouxTribeofNorth&SouthDakota"}},{"type":"Feature","id":275,"geometry":{"type":"Polygon","coordinates":[[[-108.888887,48.452427],[-108.885364,47.922736],[-108.625599,47.920418],[-108.623271,47.957249],[-108.597813,47.99193],[-108.451929,47.977226],[-108.501094,47.930099],[-108.456165,47.893988],[-108.365119,47.888416],[-108.280978,48.386426],[-108.297949,48.391896],[-108.289906,48.39971],[-108.329412,48.429254],[-108.343939,48.420028],[-108.367841,48.431153],[-108.359586,48.43901],[-108.409882,48.448585],[-108.445996,48.41306],[-108.462852,48.42811],[-108.471165,48.414348],[-108.471401,48.429318],[-108.54386,48.438031],[-108.564391,48.467101],[-108.548737,48.472031],[-108.57232,48.484913],[-108.604217,48.468242],[-108.649721,48.490455],[-108.690018,48.47904],[-108.716371,48.501413],[-108.712957,48.485517],[-108.727609,48.497324],[-108.77931,48.485334],[-108.803404,48.491735],[-108.793675,48.503195],[-108.861304,48.513737],[-108.872783,48.544396],[-108.888145,48.535825],[-108.888887,48.452427]]]},"properties":{"GEOID":"1150R","TRIBE_NAME":"FortBelknapIndianCommunityoftheFortBelknapReservationofMontana"}},{"type":"Feature","id":276,"geometry":{"type":"Polygon","coordinates":[[[-122.979879,41.620114],[-122.978855,41.599773],[-122.969181,41.599705],[-122.965113,41.621413],[-122.979879,41.620114]]]},"properties":{"GEOID":"3020R","TRIBE_NAME":"QuartzValleyIndianCommunityoftheQuartzValleyReservationofCalifornia"}},{"type":"Feature","id":277,"geometry":{"type":"MultiPolygon","coordinates":[[[[-117.40647,39.090284],[-117.406495,39.071415],[-117.392231,39.071552],[-117.372575,39.12223],[-117.40647,39.090284]]],[[[-117.40872,38.954666],[-117.404386,38.943739],[-117.399295,38.943717],[-117.399261,38.954673],[-117.40872,38.954666]]],[[[-117.426738,38.959128],[-117.417886,38.954622],[-117.40872,38.954666],[-117.413244,38.962575],[-117.426738,38.959128]]],[[[-117.433063,38.880431],[-117.428424,38.879614],[-117.42845,38.882659],[-117.433125,38.882639],[-117.433063,38.880431]]],[[[-117.441987,38.893972],[-117.441816,38.886859],[-117.432641,38.886825],[-117.437339,38.893947],[-117.441987,38.893972]]],[[[-117.444506,38.967686],[-117.440007,38.962655],[-117.426637,38.962583],[-117.440121,38.973663],[-117.444506,38.967686]]],[[[-117.449163,38.976661],[-117.44907,38.973636],[-117.444485,38.973692],[-117.44462,38.977149],[-117.449163,38.976661]]],[[[-117.453558,38.981311],[-117.453542,38.977163],[-117.449167,38.977193],[-117.449141,38.981303],[-117.453558,38.981311]]],[[[-117.455194,38.915392],[-117.455186,38.911734],[-117.446482,38.911718],[-117.446489,38.915387],[-117.455194,38.915392]]],[[[-117.460305,38.920965],[-117.460312,38.915365],[-117.455194,38.915392],[-117.455161,38.923038],[-117.460305,38.920965]]],[[[-117.472321,38.993475],[-117.47223,38.977336],[-117.466885,38.977311],[-117.462434,38.991973],[-117.472321,38.993475]]],[[[-117.49727,38.881071],[-117.478891,38.861985],[-117.477694,38.945201],[-117.491884,38.930531],[-117.49727,38.881071]]]]},"properties":{"GEOID":"4740R","TRIBE_NAME":"YombaShoshoneTribeoftheYombaReservation,Nevada"}},{"type":"Feature","id":278,"geometry":{"type":"Polygon","coordinates":[[[-86.728893,41.77259],[-86.702332,41.770104],[-86.702314,41.784631],[-86.712037,41.787009],[-86.728893,41.77259]]]},"properties":{"GEOID":"2890R","TRIBE_NAME":"PokagonBandofPotawatomiIndians,MichiganandIndiana"}},{"type":"Feature","id":279,"geometry":{"type":"Polygon","coordinates":[[[-118.525589,37.796887],[-118.525564,37.789983],[-118.516318,37.789992],[-118.516348,37.796944],[-118.525589,37.796887]]]},"properties":{"GEOID":"0185R","TRIBE_NAME":"UtuUtuGwaituPaiuteTribeoftheBentonPaiuteReservation,California"}},{"type":"Feature","id":280,"geometry":{"type":"Polygon","coordinates":[[[-108.699632,45.348953],[-108.699628,45.217716],[-108.098066,45.220524],[-108.128974,45.217586],[-108.130452,45.194851],[-108.145691,45.19316],[-108.130007,45.18333],[-108.16912,45.170076],[-108.163961,45.137993],[-108.188717,45.131313],[-108.188639,45.100309],[-108.217054,45.094545],[-108.23926,45.063114],[-108.22084,45.047436],[-108.244411,45.042241],[-108.258615,45.008187],[-108.249424,44.999911],[-107.005171,44.996378],[-107.020601,45.15723],[-107.015058,45.768192],[-107.595913,45.768019],[-107.59654,45.720388],[-107.637887,45.720197],[-107.638087,45.681522],[-108.24275,45.681486],[-108.242968,45.783771],[-108.364947,45.783752],[-108.362467,45.750079],[-108.397627,45.739869],[-108.397677,45.699098],[-108.418352,45.696401],[-108.417612,45.667501],[-108.458074,45.645863],[-108.458031,45.631422],[-108.509692,45.623943],[-108.539819,45.558511],[-108.638207,45.501748],[-108.623077,45.475429],[-108.682235,45.433139],[-108.699632,45.348953]],[[-107.970562,45.30505],[-107.965101,45.322923],[-107.915066,45.318771],[-107.915429,45.304058],[-107.970302,45.293507],[-107.970562,45.30505]]]},"properties":{"GEOID":"0845R","TRIBE_NAME":"CrowTribeofMontana"}},{"type":"Feature","id":281,"geometry":{"type":"Polygon","coordinates":[[[-76.183987,42.969701],[-76.179559,42.911044],[-76.131836,42.913234],[-76.136383,42.971154],[-76.158466,42.959695],[-76.183987,42.969701]]]},"properties":{"GEOID":"2570R","TRIBE_NAME":"OnondagaNation"}},{"type":"Feature","id":282,"geometry":{"type":"MultiPolygon","coordinates":[[[[-116.967058,33.200763],[-116.953973,33.2056],[-116.953972,33.220563],[-116.966968,33.220545],[-116.967058,33.200763]]],[[[-116.971508,33.196477],[-116.96713,33.194608],[-116.967072,33.198224],[-116.971478,33.198209],[-116.971508,33.196477]]],[[[-116.984804,33.185409],[-116.971651,33.18333],[-116.975783,33.198063],[-116.98027,33.197908],[-116.984804,33.185409]]],[[[-116.989092,33.21259],[-116.97144,33.20944],[-116.971234,33.220506],[-116.980292,33.220416],[-116.989092,33.21259]]],[[[-116.989245,33.205641],[-116.989144,33.198008],[-116.98027,33.197908],[-116.980233,33.205623],[-116.989245,33.205641]]]]},"properties":{"GEOID":"3460R","TRIBE_NAME":"SanPasqualBandofDieguenoMissionIndiansofCalifornia"}},{"type":"Feature","id":283,"geometry":{"type":"MultiPolygon","coordinates":[[[[-92.470174,46.667103],[-92.470151,46.664919],[-92.46686,46.664919],[-92.459659,46.670878],[-92.470174,46.667103]],[[-92.469887,46.66616],[-92.469886,46.666984],[-92.466497,46.667145],[-92.466498,46.666323],[-92.469887,46.66616]]],[[[-92.575691,46.912081],[-92.575718,46.911429],[-92.573653,46.911273],[-92.573574,46.912425],[-92.575691,46.912081]]],[[[-92.73489,46.67666],[-92.734756,46.664233],[-92.478664,46.664034],[-92.464891,46.678163],[-92.481058,46.67827],[-92.47845,46.735856],[-92.492763,46.765604],[-92.459114,46.790164],[-92.485689,46.797885],[-92.492492,46.817796],[-92.541638,46.818368],[-92.573844,46.842902],[-92.578505,46.865417],[-92.733008,46.878801],[-92.73489,46.67666]]],[[[-92.860292,46.798351],[-92.860357,46.795048],[-92.849678,46.794959],[-92.849711,46.798574],[-92.860292,46.798351]]]]},"properties":{"GEOID":"1125R","TRIBE_NAME":"MinnesotaChippewaTribe,Minnesota(FondduLacBand)"}},{"type":"Feature","id":284,"geometry":{"type":"Polygon","coordinates":[[[-114.983751,41.119035],[-114.983454,41.115148],[-114.974303,41.11511],[-114.974285,41.118766],[-114.983751,41.119035]]]},"properties":{"GEOID":"4580R","TRIBE_NAME":"Te-MoakTribeofWesternShoshoneIndiansofNevada(WellsBand)"}},{"type":"Feature","id":285,"geometry":{"type":"Polygon","coordinates":[[[-122.575997,48.416787],[-122.55562,48.416892],[-122.563239,48.374613],[-122.538481,48.342152],[-122.492312,48.352591],[-122.506424,48.382915],[-122.498606,48.439858],[-122.527944,48.493431],[-122.527865,48.454889],[-122.547787,48.454893],[-122.575997,48.416787]]]},"properties":{"GEOID":"4075R","TRIBE_NAME":"SwinomishIndianTribalCommunity"}},{"type":"Feature","id":286,"geometry":{"type":"MultiPolygon","coordinates":[[[[-123.653878,44.691258],[-123.653885,44.687741],[-123.648714,44.687719],[-123.648705,44.691279],[-123.653878,44.691258]]],[[[-123.694597,44.683834],[-123.694605,44.680252],[-123.68448,44.680198],[-123.68445,44.68378],[-123.694597,44.683834]]],[[[-123.709653,44.696591],[-123.70969,44.694683],[-123.704738,44.694459],[-123.70466,44.698143],[-123.709653,44.696591]]],[[[-123.719685,44.705703],[-123.719725,44.702144],[-123.714597,44.702037],[-123.714575,44.705628],[-123.719685,44.705703]]],[[[-123.725025,44.723873],[-123.725083,44.716828],[-123.707533,44.716604],[-123.714808,44.724185],[-123.725025,44.723873]]],[[[-123.725202,44.680693],[-123.72517,44.677036],[-123.719867,44.67696],[-123.71982,44.680595],[-123.725202,44.680693]]],[[[-123.735117,44.680422],[-123.735081,44.673219],[-123.730106,44.673295],[-123.730155,44.680553],[-123.735117,44.680422]]],[[[-123.735319,44.742636],[-123.735303,44.738962],[-123.730159,44.739007],[-123.730175,44.742669],[-123.735319,44.742636]]],[[[-123.735483,44.692573],[-123.725185,44.691122],[-123.725178,44.695212],[-123.734942,44.69879],[-123.735483,44.692573]]],[[[-123.740273,44.794625],[-123.740304,44.791057],[-123.735247,44.791035],[-123.735207,44.794567],[-123.740273,44.794625]]],[[[-123.740368,44.776655],[-123.740341,44.773065],[-123.735414,44.773125],[-123.735386,44.776703],[-123.740368,44.776655]]],[[[-123.750311,44.742639],[-123.75032,44.738941],[-123.745206,44.738944],[-123.745237,44.742607],[-123.750311,44.742639]]],[[[-123.750366,44.798294],[-123.750377,44.794681],[-123.745336,44.794679],[-123.745311,44.798278],[-123.750366,44.798294]]],[[[-123.754813,44.783792],[-123.754898,44.771737],[-123.749675,44.77172],[-123.745393,44.783812],[-123.754813,44.783792]]],[[[-123.755019,44.669489],[-123.755039,44.665946],[-123.750031,44.66596],[-123.750023,44.669507],[-123.755019,44.669489]]],[[[-123.755186,44.7601],[-123.75522,44.753742],[-123.725093,44.753944],[-123.735382,44.76952],[-123.755186,44.7601]]],[[[-123.769842,44.70964],[-123.769779,44.706122],[-123.76473,44.706276],[-123.764772,44.709566],[-123.769842,44.70964]]],[[[-123.772842,44.73492],[-123.770336,44.731367],[-123.750305,44.746354],[-123.768201,44.746641],[-123.772842,44.73492]]],[[[-123.782766,44.747089],[-123.780253,44.746398],[-123.780141,44.753584],[-123.782634,44.753538],[-123.782766,44.747089]]],[[[-123.785168,44.762517],[-123.775335,44.757277],[-123.765195,44.75744],[-123.765225,44.766397],[-123.785168,44.762517]]],[[[-123.789668,44.698447],[-123.789532,44.692799],[-123.77973,44.687496],[-123.779675,44.694719],[-123.789668,44.698447]]],[[[-123.800233,44.779069],[-123.795383,44.771635],[-123.770221,44.782857],[-123.78044,44.787289],[-123.800233,44.779069]]],[[[-123.803192,44.724163],[-123.785649,44.720538],[-123.785288,44.73131],[-123.79807,44.731311],[-123.803192,44.724163]]],[[[-123.808193,44.773143],[-123.805701,44.771642],[-123.805081,44.782789],[-123.807711,44.782822],[-123.808193,44.773143]]],[[[-123.809838,44.693095],[-123.799558,44.692826],[-123.799529,44.694621],[-123.809721,44.694571],[-123.809838,44.693095]]],[[[-123.818402,44.746326],[-123.818465,44.744509],[-123.815963,44.744475],[-123.815946,44.746295],[-123.818402,44.746326]]],[[[-123.821072,44.724093],[-123.820801,44.720576],[-123.815872,44.720571],[-123.81595,44.724113],[-123.821072,44.724093]]],[[[-123.830305,44.709984],[-123.830232,44.705246],[-123.82012,44.705261],[-123.820225,44.709921],[-123.830305,44.709984]]],[[[-123.831242,44.750182],[-123.831175,44.7465],[-123.826145,44.74648],[-123.826156,44.750178],[-123.831242,44.750182]]],[[[-123.836249,44.746508],[-123.836245,44.742724],[-123.833704,44.742688],[-123.833728,44.746484],[-123.836249,44.746508]]],[[[-123.84392,44.727548],[-123.843839,44.723856],[-123.841343,44.723882],[-123.841412,44.72756],[-123.84392,44.727548]]],[[[-123.861166,44.709462],[-123.861137,44.702472],[-123.856365,44.702455],[-123.856658,44.709451],[-123.861166,44.709462]]],[[[-123.86734,44.693486],[-123.861131,44.692504],[-123.861053,44.695526],[-123.867294,44.695596],[-123.86734,44.693486]]],[[[-123.882873,44.695705],[-123.882817,44.692687],[-123.872871,44.692593],[-123.877847,44.699044],[-123.882873,44.695705]]],[[[-123.900151,44.705743],[-123.900229,44.702223],[-123.887461,44.702425],[-123.887322,44.705872],[-123.900151,44.705743]]],[[[-123.913034,44.721142],[-123.908159,44.718529],[-123.897656,44.727093],[-123.908705,44.730169],[-123.913034,44.721142]]],[[[-123.91805,44.719682],[-123.915486,44.719553],[-123.915483,44.720237],[-123.918045,44.720231],[-123.91805,44.719682]]],[[[-123.918058,44.722209],[-123.916669,44.721976],[-123.916318,44.722421],[-123.91805,44.722418],[-123.918058,44.722209]]],[[[-123.932435,44.692573],[-123.932429,44.691212],[-123.927439,44.691167],[-123.927442,44.692573],[-123.932435,44.692573]]],[[[-124.011182,44.995648],[-124.009389,44.995196],[-124.007909,44.998197],[-124.010535,44.997888],[-124.011182,44.995648]]]]},"properties":{"GEOID":"3795R","TRIBE_NAME":"ConfederatedTribesofSiletzIndiansofOregon"}},{"type":"Feature","id":287,"geometry":{"type":"Polygon","coordinates":[[[-106.536536,35.549093],[-106.516825,35.551983],[-106.400553,35.476651],[-106.342686,35.476482],[-106.355908,35.4676],[-106.230409,35.440231],[-106.230636,35.525832],[-106.354733,35.557859],[-106.518993,35.635038],[-106.539056,35.624621],[-106.536536,35.549093]]]},"properties":{"GEOID":"3585R","TRIBE_NAME":"SantoDomingoPueblo"}},{"type":"Feature","id":288,"geometry":{"type":"MultiPolygon","coordinates":[[[[-108.404736,35.512479],[-108.387539,35.509158],[-108.387241,35.523478],[-108.404658,35.523331],[-108.404736,35.512479]]],[[[-108.405217,35.611598],[-108.387725,35.610327],[-108.387673,35.617565],[-108.405111,35.617565],[-108.405217,35.611598]]],[[[-108.407159,35.053535],[-108.407124,35.04619],[-108.399249,35.046285],[-108.398986,35.053543],[-108.407159,35.053535]]],[[[-108.467504,34.794575],[-108.467645,34.784045],[-108.450567,34.784118],[-108.450452,34.798698],[-108.467504,34.794575]]],[[[-108.475809,35.568623],[-108.458018,35.566654],[-108.457961,35.581359],[-108.475771,35.580691],[-108.475809,35.568623]]],[[[-108.475858,35.553581],[-108.475885,35.553213],[-108.475817,35.553388],[-108.475858,35.553581]]],[[[-108.475885,35.553213],[-108.475862,35.538742],[-108.458149,35.538746],[-108.458088,35.552496],[-108.475885,35.553213]]],[[[-108.485045,34.813485],[-108.484989,34.799067],[-108.467451,34.798621],[-108.468283,34.813495],[-108.485045,34.813485]]],[[[-108.502552,34.793097],[-108.50244,34.784867],[-108.485327,34.784868],[-108.484989,34.799067],[-108.502552,34.793097]]],[[[-108.502646,34.857843],[-108.502364,34.843457],[-108.485187,34.842738],[-108.485261,34.857521],[-108.502646,34.857843]]],[[[-108.512345,35.624252],[-108.493572,35.624084],[-108.494294,35.638526],[-108.511783,35.638244],[-108.512345,35.624252]]],[[[-108.520061,34.864057],[-108.502646,34.857843],[-108.502602,34.872009],[-108.520024,34.872258],[-108.520061,34.864057]]],[[[-108.529409,35.61026],[-108.511973,35.610179],[-108.51235,35.62404],[-108.529327,35.62402],[-108.529409,35.61026]]],[[[-108.537909,34.788557],[-108.518081,34.784844],[-108.517934,34.799154],[-108.537679,34.799107],[-108.537909,34.788557]]],[[[-108.538432,35.594934],[-108.538378,35.587889],[-108.529527,35.587481],[-108.529462,35.595171],[-108.538432,35.594934]]],[[[-108.547558,35.568945],[-108.529534,35.566615],[-108.529544,35.580456],[-108.54749,35.580049],[-108.547558,35.568945]]],[[[-108.555023,34.872402],[-108.554934,34.857144],[-108.53752,34.857378],[-108.537114,34.872475],[-108.555023,34.872402]]],[[[-108.555325,34.801656],[-108.537679,34.799107],[-108.537255,34.813819],[-108.555104,34.813568],[-108.555325,34.801656]]],[[[-108.571983,34.799508],[-108.571757,34.784528],[-108.55537,34.784832],[-108.555386,34.798679],[-108.571983,34.799508]]],[[[-108.572538,34.828755],[-108.572173,34.81409],[-108.555104,34.813568],[-108.554917,34.828383],[-108.572538,34.828755]]],[[[-108.57273,34.857065],[-108.572315,34.842739],[-108.554868,34.842672],[-108.554934,34.857144],[-108.57273,34.857065]]],[[[-108.599643,35.335641],[-108.599128,35.321239],[-108.581784,35.321433],[-108.582453,35.335759],[-108.599643,35.335641]]],[[[-108.608116,35.587682],[-108.607989,35.579742],[-108.599484,35.579592],[-108.599573,35.587642],[-108.608116,35.587682]]],[[[-108.617104,35.309622],[-108.59928,35.306847],[-108.59933,35.321239],[-108.617007,35.320772],[-108.617104,35.309622]]],[[[-108.617187,35.617752],[-108.582163,35.609288],[-108.5658,35.638876],[-108.582386,35.63845],[-108.582494,35.623877],[-108.617187,35.617752]]],[[[-108.634965,35.554376],[-108.617114,35.55201],[-108.617339,35.565668],[-108.634734,35.565224],[-108.634965,35.554376]]],[[[-108.635374,35.401712],[-108.629188,35.400582],[-108.629157,35.407719],[-108.635368,35.407703],[-108.635374,35.401712]]],[[[-108.653444,35.53783],[-108.635146,35.537579],[-108.635127,35.551662],[-108.653419,35.54465],[-108.653444,35.53783]]],[[[-108.653748,35.395239],[-108.635371,35.392668],[-108.635373,35.400566],[-108.65374,35.400602],[-108.653748,35.395239]]],[[[-108.654583,35.50822],[-108.635261,35.50046],[-108.625766,35.533656],[-108.582471,35.525484],[-108.582515,35.537618],[-108.635146,35.537579],[-108.654583,35.50822]],[[-108.635199,35.522949],[-108.630925,35.522952],[-108.630929,35.521105],[-108.635355,35.521121],[-108.635199,35.522949]]],[[[-108.655127,35.523099],[-108.655051,35.515811],[-108.649806,35.51595],[-108.649947,35.523072],[-108.655127,35.523099]]],[[[-108.664331,35.398127],[-108.66432,35.392932],[-108.657874,35.392911],[-108.657874,35.398132],[-108.664331,35.398127]]],[[[-108.665796,35.365182],[-108.652641,35.364737],[-108.652651,35.36886],[-108.665796,35.36883],[-108.665796,35.365182]]],[[[-108.673365,35.56495],[-108.671504,35.550689],[-108.653322,35.551225],[-108.653404,35.565114],[-108.673365,35.56495]]],[[[-108.680169,35.348484],[-108.652158,35.335173],[-108.652159,35.309768],[-108.670168,35.307103],[-108.635169,35.306678],[-108.635028,35.320347],[-108.599643,35.335641],[-108.59982,35.347972],[-108.635508,35.344757],[-108.635549,35.364692],[-108.643825,35.35011],[-108.680169,35.348484]],[[-108.626908,35.336969],[-108.622273,35.339448],[-108.618185,35.339393],[-108.6182,35.335481],[-108.626908,35.336969]]],[[[-108.689657,35.407414],[-108.68964,35.404964],[-108.670746,35.404912],[-108.670779,35.40778],[-108.689657,35.407414]]],[[[-108.698764,35.237167],[-108.681474,35.236712],[-108.680876,35.249936],[-108.697843,35.249823],[-108.698764,35.237167]]],[[[-108.701999,35.402673],[-108.701999,35.399794],[-108.698067,35.399798],[-108.697884,35.403191],[-108.701999,35.402673]]],[[[-108.706776,35.444641],[-108.706755,35.437086],[-108.696834,35.437164],[-108.696712,35.444706],[-108.706776,35.444641]]],[[[-108.714292,35.42185],[-108.710647,35.393099],[-108.706748,35.393208],[-108.697952,35.413619],[-108.714292,35.42185]]],[[[-108.734033,35.241514],[-108.716616,35.218892],[-108.698979,35.218845],[-108.716341,35.24986],[-108.734033,35.241514]]],[[[-108.741838,35.450798],[-108.741671,35.439823],[-108.714747,35.436999],[-108.724455,35.458156],[-108.741838,35.450798]]],[[[-108.742258,35.416159],[-108.724647,35.415395],[-108.724641,35.419498],[-108.742095,35.419966],[-108.742258,35.416159]]],[[[-108.750168,35.422115],[-108.740765,35.421906],[-108.741808,35.430385],[-108.750168,35.430375],[-108.750168,35.422115]]],[[[-108.773282,35.459527],[-108.741838,35.450798],[-108.742356,35.472652],[-108.773284,35.464995],[-108.773282,35.459527]]],[[[-108.80401,35.167567],[-108.803965,35.162219],[-108.78511,35.162338],[-108.785127,35.169463],[-108.80401,35.167567]]],[[[-108.810298,35.630489],[-108.792875,35.623461],[-108.792785,35.637448],[-108.810116,35.637876],[-108.810298,35.630489]]],[[[-108.821743,35.422227],[-108.821587,35.413505],[-108.803877,35.406961],[-108.803877,35.414755],[-108.821743,35.422227]]],[[[-108.830876,35.445975],[-108.822083,35.443632],[-108.821884,35.450698],[-108.830808,35.450697],[-108.830876,35.445975]]],[[[-108.848151,35.393508],[-108.835132,35.379279],[-108.830626,35.379428],[-108.830565,35.393423],[-108.848151,35.393508]]],[[[-108.84946,35.363565],[-108.849024,35.34977],[-108.831758,35.349734],[-108.831764,35.364629],[-108.84946,35.363565]]],[[[-108.865787,35.365289],[-108.852254,35.364208],[-108.852274,35.378647],[-108.865757,35.378677],[-108.865787,35.365289]]],[[[-108.883227,35.458283],[-108.865969,35.457809],[-108.865944,35.465025],[-108.882927,35.46503],[-108.883227,35.458283]]],[[[-108.883292,35.393448],[-108.883266,35.379014],[-108.865757,35.378677],[-108.865819,35.393446],[-108.883292,35.393448]]],[[[-108.900475,35.537281],[-108.900474,35.529866],[-108.891236,35.529763],[-108.891222,35.537397],[-108.900475,35.537281]]],[[[-108.910724,35.508508],[-108.901249,35.507511],[-108.900713,35.52238],[-108.910694,35.522375],[-108.910724,35.508508]]],[[[-108.919858,35.378411],[-108.919837,35.36466],[-108.883389,35.364522],[-108.883266,35.379014],[-108.919858,35.378411]]],[[[-108.927178,35.358926],[-108.919827,35.358546],[-108.919837,35.36466],[-108.927158,35.364707],[-108.927178,35.358926]]],[[[-108.936398,35.450348],[-108.936291,35.442998],[-108.926971,35.443033],[-108.926955,35.451131],[-108.936398,35.450348]]],[[[-108.936387,35.414589],[-108.936402,35.408877],[-108.89922,35.408728],[-108.899675,35.422263],[-108.936387,35.414589]]],[[[-108.937043,35.507945],[-108.936725,35.500869],[-108.927902,35.500804],[-108.927891,35.507777],[-108.937043,35.507945]]],[[[-108.952151,35.227272],[-108.952145,35.219219],[-108.94661,35.21917],[-108.946577,35.227272],[-108.952151,35.227272]]],[[[-108.95475,35.514927],[-108.9542,35.507955],[-108.946274,35.507953],[-108.946289,35.514893],[-108.95475,35.514927]]],[[[-108.954852,35.393754],[-108.936351,35.393674],[-108.936402,35.408822],[-108.954818,35.407651],[-108.954852,35.393754]]],[[[-108.958688,35.219252],[-108.958639,35.215686],[-108.952088,35.215757],[-108.952145,35.219219],[-108.958688,35.219252]]],[[[-108.972802,35.466278],[-108.954934,35.465273],[-108.954934,35.479877],[-108.972353,35.479933],[-108.972802,35.466278]]],[[[-108.973445,35.414383],[-108.954818,35.407651],[-108.9363,35.435713],[-108.973327,35.428778],[-108.973445,35.414383]]],[[[-108.977657,35.401245],[-108.973344,35.399376],[-108.973113,35.406473],[-108.977579,35.406458],[-108.977657,35.401245]]],[[[-108.980659,35.522007],[-108.980536,35.507953],[-108.972775,35.508153],[-108.97352,35.522489],[-108.980659,35.522007]]],[[[-108.982135,35.388297],[-108.973052,35.385728],[-108.97324,35.392041],[-108.982126,35.392069],[-108.982135,35.388297]]],[[[-108.982446,35.191574],[-108.964804,35.19093],[-108.964769,35.213089],[-108.982448,35.206317],[-108.982446,35.191574]]],[[[-108.990668,35.440543],[-108.973327,35.428778],[-108.972802,35.465148],[-108.990667,35.465151],[-108.990668,35.440543]]],[[[-108.990935,35.400268],[-108.990679,35.392104],[-108.982126,35.392069],[-108.986065,35.406467],[-108.990935,35.400268]]],[[[-108.990948,35.343602],[-108.990851,35.335687],[-108.972776,35.335845],[-108.972918,35.350941],[-108.990948,35.343602]]],[[[-108.999936,35.480236],[-108.999329,35.465156],[-108.990667,35.465151],[-108.990194,35.481237],[-108.999936,35.480236]]],[[[-108.999945,35.358612],[-108.955293,35.372241],[-108.955467,35.378997],[-108.990686,35.379251],[-108.999945,35.358612]]],[[[-109.000009,35.210378],[-108.982448,35.206317],[-108.982476,35.227444],[-108.999904,35.223714],[-109.000009,35.210378]]],[[[-109.008894,35.529658],[-109.008795,35.522305],[-109.000657,35.522319],[-109.000634,35.529566],[-109.008894,35.529658]]],[[[-109.009295,35.391354],[-109.009257,35.379243],[-108.990686,35.379251],[-108.990679,35.392104],[-109.009295,35.391354]]],[[[-109.009357,35.494899],[-109.00169,35.49369],[-108.995472,35.504828],[-109.008942,35.508452],[-109.009357,35.494899]]],[[[-109.017177,35.532955],[-109.008894,35.529658],[-109.008733,35.540046],[-109.012852,35.540014],[-109.017177,35.532955]]],[[[-109.017937,35.249423],[-109.008935,35.248766],[-109.008838,35.263484],[-109.017891,35.263502],[-109.017937,35.249423]]],[[[-109.026379,35.420245],[-108.990679,35.421492],[-108.990619,35.435353],[-109.009402,35.437563],[-109.026379,35.420245]]],[[[-109.026991,35.336927],[-109.008708,35.335916],[-109.008729,35.340821],[-109.018007,35.347582],[-109.026991,35.336927]]],[[[-109.035811,35.277417],[-109.035802,35.263516],[-109.02708,35.26352],[-109.027022,35.277417],[-109.035811,35.277417]]],[[[-109.035821,35.235229],[-109.01794,35.234502],[-109.01794,35.248789],[-109.035793,35.248809],[-109.035821,35.235229]]],[[[-109.035826,35.306998],[-109.027021,35.277643],[-109.00001,35.277697],[-108.99986,35.229218],[-108.98227,35.248626],[-108.960989,35.238082],[-108.946882,35.248713],[-108.93422,35.234234],[-108.93799,35.21288],[-108.953099,35.210921],[-108.946787,35.191201],[-108.928606,35.212741],[-108.892529,35.213146],[-108.875259,35.176748],[-108.857452,35.176774],[-108.857319,35.191185],[-108.839417,35.191012],[-108.839189,35.176917],[-108.785547,35.176947],[-108.786598,35.206143],[-108.76977,35.205476],[-108.782407,35.212189],[-108.734536,35.218939],[-108.734038,35.241146],[-108.769443,35.234355],[-108.77139,35.249683],[-108.787825,35.249243],[-108.769399,35.257633],[-108.787429,35.278314],[-108.754706,35.278635],[-108.7547,35.306798],[-108.740625,35.306787],[-108.749516,35.278701],[-108.697861,35.292574],[-108.706089,35.320771],[-108.725006,35.324813],[-108.705969,35.337169],[-108.70597,35.320879],[-108.6703,35.320291],[-108.688808,35.344737],[-108.671267,35.379022],[-108.689235,35.379134],[-108.689469,35.393032],[-108.714971,35.385994],[-108.719826,35.407635],[-108.733611,35.393323],[-108.812558,35.393678],[-108.831767,35.365196],[-108.813389,35.349913],[-108.831758,35.349734],[-108.831829,35.336332],[-108.84904,35.336308],[-108.849024,35.34977],[-108.870302,35.335423],[-108.883916,35.350024],[-108.955006,35.351075],[-108.972621,35.321658],[-109.008708,35.335916],[-109.035826,35.306998]],[[-108.982514,35.278285],[-108.982325,35.292185],[-108.96524,35.292169],[-108.9649,35.277297],[-108.982514,35.278285]],[[-108.96478,35.305269],[-108.9476,35.30732],[-108.9476,35.299543],[-108.964576,35.299543],[-108.96478,35.305269]],[[-108.929326,35.275689],[-108.912455,35.277644],[-108.912481,35.266755],[-108.929331,35.263466],[-108.929326,35.275689]],[[-108.928996,35.241263],[-108.928996,35.248707],[-108.911082,35.248707],[-108.911082,35.241396],[-108.928996,35.241263]],[[-108.875639,35.218738],[-108.865953,35.220476],[-108.865923,35.21242],[-108.875593,35.212563],[-108.875639,35.218738]],[[-108.865831,35.206454],[-108.865781,35.212336],[-108.85647,35.21235],[-108.85647,35.206455],[-108.865831,35.206454]],[[-108.865173,35.306999],[-108.865016,35.32275],[-108.849637,35.322762],[-108.849634,35.307121],[-108.865173,35.306999]],[[-108.857541,35.235706],[-108.857534,35.24922],[-108.846899,35.249247],[-108.846902,35.235706],[-108.857541,35.235706]],[[-108.839504,35.216963],[-108.821276,35.219556],[-108.82149,35.206062],[-108.839157,35.206062],[-108.825963,35.216956],[-108.839504,35.216963]],[[-108.822007,35.234304],[-108.821887,35.249376],[-108.803685,35.249227],[-108.803869,35.234299],[-108.822007,35.234304]],[[-108.7767,35.377864],[-108.759249,35.378761],[-108.759165,35.364759],[-108.776394,35.364733],[-108.7767,35.377864]],[[-108.768807,35.2852],[-108.760116,35.285887],[-108.759943,35.282144],[-108.768807,35.282143],[-108.768807,35.2852]],[[-108.779584,35.323063],[-108.795555,35.32307],[-108.795551,35.307054],[-108.830347,35.307106],[-108.830424,35.323065],[-108.795668,35.323063],[-108.795632,35.336509],[-108.779585,35.33651],[-108.779584,35.323063]],[[-108.787429,35.278314],[-108.803671,35.278326],[-108.803671,35.292059],[-108.787454,35.29206],[-108.787429,35.278314]],[[-108.812959,35.378997],[-108.79543,35.379004],[-108.79543,35.372036],[-108.813097,35.372037],[-108.812959,35.378997]],[[-108.89272,35.234783],[-108.902032,35.24181],[-108.896655,35.261838],[-108.875659,35.249037],[-108.875659,35.234738],[-108.89272,35.234783]],[[-108.900956,35.213146],[-108.91093,35.213149],[-108.911288,35.234515],[-108.89272,35.234783],[-108.900956,35.213146]],[[-108.955199,35.336036],[-108.901628,35.335977],[-108.912381,35.29237],[-108.929493,35.292338],[-108.919485,35.321577],[-108.955431,35.32174],[-108.955199,35.336036]],[[-109.008642,35.321449],[-109.000011,35.292512],[-109.017707,35.292295],[-109.017696,35.306966],[-109.008642,35.321449]],[[-108.9649,35.277297],[-108.945385,35.277987],[-108.945389,35.263342],[-108.964805,35.263437],[-108.9649,35.277297]],[[-108.803685,35.249227],[-108.803685,35.256665],[-108.795625,35.256662],[-108.795623,35.249271],[-108.803685,35.249227]],[[-108.759165,35.364759],[-108.741787,35.364733],[-108.741715,35.350647],[-108.759125,35.350647],[-108.759165,35.364759]],[[-108.795632,35.336509],[-108.804825,35.336487],[-108.804759,35.349698],[-108.795748,35.34968],[-108.795632,35.336509]],[[-108.787454,35.29206],[-108.779584,35.323063],[-108.761279,35.323088],[-108.761554,35.307066],[-108.778942,35.306979],[-108.768832,35.292105],[-108.787454,35.29206]],[[-108.803671,35.292059],[-108.821929,35.292044],[-108.821863,35.299081],[-108.803671,35.299081],[-108.803671,35.292059]],[[-108.821929,35.292044],[-108.839512,35.262827],[-108.857162,35.262828],[-108.839508,35.292092],[-108.821929,35.292044]]],[[[-109.043477,35.562198],[-109.043469,35.559372],[-109.025491,35.559402],[-109.02563,35.562197],[-109.043477,35.562198]]],[[[-109.043608,35.494709],[-109.034936,35.49384],[-109.034801,35.500771],[-109.043562,35.500771],[-109.043608,35.494709]]],[[[-109.222157,37.392808],[-109.205021,37.388945],[-109.204957,37.399849],[-109.21343,37.392823],[-109.222157,37.392808]]],[[[-109.387348,35.131014],[-109.36603,35.1297],[-109.366585,35.145523],[-109.387028,35.145577],[-109.387348,35.131014]]],[[[-109.417775,35.191543],[-109.417916,35.187629],[-109.406486,35.187489],[-109.407282,35.194866],[-109.417775,35.191543]]],[[[-109.846996,37.156844],[-109.841596,37.15679],[-109.841526,37.160632],[-109.844635,37.158862],[-109.846996,37.156844]]],[[[-110.23622,35.719737],[-110.213918,35.692035],[-110.145773,35.708661],[-110.12784,35.696001],[-110.081698,35.700288],[-110.09246,35.735311],[-110.083431,35.792782],[-110.10297,35.782595],[-110.100891,35.809332],[-110.146213,35.809641],[-110.23622,35.719737]]],[[[-111.892217,36.371214],[-111.86068,36.337069],[-111.864976,36.311491],[-111.825618,36.262371],[-111.799313,36.192811],[-111.76284,36.198521],[-111.760439,36.007322],[-111.717281,35.977491],[-111.726242,35.84703],[-111.69356,35.825199],[-111.693219,35.746142],[-111.746659,35.746263],[-111.746519,35.672078],[-111.634158,35.674171],[-111.634205,35.643446],[-111.554608,35.640953],[-111.536638,35.752539],[-111.320546,35.757101],[-111.305262,35.705401],[-111.324247,35.699381],[-111.331838,35.658002],[-111.3064,35.58656],[-111.272354,35.567923],[-111.242913,35.488758],[-111.243625,35.15631],[-110.908033,35.156364],[-110.907906,35.169424],[-110.801903,35.17013],[-110.801835,35.057763],[-110.750703,35.042794],[-110.737818,35.060755],[-110.68055,35.053461],[-110.680518,35.024333],[-110.653551,35.009931],[-110.662373,34.995019],[-110.555452,34.980851],[-110.555361,34.966133],[-110.501922,34.951599],[-110.501843,34.936974],[-110.483982,34.936994],[-110.484101,34.951604],[-110.377155,34.952022],[-110.375822,35.170097],[-109.686102,35.170117],[-109.685798,35.128024],[-109.735371,35.128288],[-109.73641,35.075584],[-109.660066,35.06661],[-109.632255,35.079672],[-109.630148,35.168925],[-109.524186,35.167644],[-109.524279,35.153559],[-109.506657,35.15355],[-109.469405,35.176774],[-109.468464,35.192023],[-109.448153,35.1845],[-109.438036,35.257032],[-109.422922,35.256782],[-109.421458,35.228052],[-109.3013,35.225031],[-109.297615,35.211579],[-109.332654,35.199081],[-109.332499,35.169817],[-109.314839,35.169692],[-109.313159,35.09883],[-109.331543,35.099625],[-109.331892,35.115426],[-109.420001,35.115196],[-109.420555,35.145374],[-109.366191,35.160954],[-109.3877,35.170102],[-109.387614,35.185423],[-109.46555,35.17689],[-109.470676,35.155717],[-109.497356,35.140608],[-109.506725,35.1513],[-109.562816,35.139657],[-109.562847,35.112417],[-109.526726,35.11094],[-109.526513,34.904493],[-109.508369,34.904486],[-109.504202,34.948966],[-109.416538,34.949048],[-109.400146,34.977805],[-109.316005,35.00401],[-109.314362,34.907911],[-109.22657,34.907475],[-109.226379,34.922067],[-109.20994,34.922098],[-109.210002,34.907284],[-109.046017,34.904166],[-109.03582,35.292311],[-109.046358,35.292345],[-109.046634,35.336353],[-109.043058,35.351216],[-109.008709,35.351188],[-109.008584,35.36165],[-109.046794,35.361632],[-109.046231,35.660602],[-108.592473,35.659547],[-108.600723,35.638514],[-108.582386,35.63845],[-108.574592,35.659616],[-108.553247,35.652738],[-108.5658,35.638876],[-108.547905,35.638546],[-108.538565,35.659702],[-108.484584,35.659558],[-108.494294,35.63861],[-108.476495,35.638793],[-108.466975,35.659341],[-108.252185,35.652819],[-108.252211,35.666608],[-108.26959,35.666738],[-108.269926,35.711462],[-108.252414,35.718437],[-108.270025,35.726714],[-108.270829,35.870731],[-108.253013,35.870578],[-108.253113,35.885493],[-108.271368,35.892962],[-108.271581,35.928855],[-108.253608,35.928855],[-108.253586,35.94383],[-108.271717,35.94383],[-108.271853,35.958828],[-108.253564,35.959174],[-108.253639,35.972699],[-108.272004,35.972379],[-108.271582,36.235514],[-108.257006,36.272212],[-108.271648,36.279337],[-108.272252,36.48374],[-108.270202,36.673964],[-108.253047,36.675784],[-108.252142,36.735583],[-108.327846,36.720505],[-108.392232,36.725541],[-108.415844,36.750845],[-108.537641,36.746264],[-108.536915,36.792829],[-108.521124,36.792828],[-108.536853,36.821694],[-108.500438,36.830363],[-108.500609,36.850313],[-108.536315,36.850324],[-108.536424,36.999355],[-109.045183,36.998983],[-109.045651,37.359729],[-109.090156,37.345419],[-109.11436,37.359919],[-109.114609,37.345203],[-109.1305,37.343969],[-109.132133,37.374631],[-109.222382,37.374719],[-109.221881,37.389119],[-109.235659,37.389044],[-109.213577,37.400024],[-109.222932,37.41419],[-109.20437,37.424871],[-109.213649,37.407614],[-109.186693,37.403454],[-109.187315,37.429386],[-109.241127,37.432231],[-109.241238,37.446952],[-109.277305,37.446988],[-109.277239,37.46137],[-109.304643,37.461297],[-109.304445,37.447052],[-109.349287,37.44686],[-109.34919,37.461495],[-109.366183,37.461738],[-109.366908,37.447122],[-109.40367,37.447009],[-109.421938,37.389026],[-109.452046,37.368262],[-109.393932,37.360096],[-109.394378,37.320566],[-109.353161,37.331409],[-109.349308,37.316574],[-109.330956,37.316678],[-109.331544,37.268194],[-109.469154,37.283174],[-109.599483,37.265288],[-109.620839,37.255466],[-109.61899,37.240321],[-109.664399,37.235398],[-109.725525,37.191096],[-109.747801,37.21518],[-109.767546,37.1814],[-109.801281,37.190903],[-109.833232,37.179573],[-109.851683,37.194667],[-109.829329,37.16626],[-109.856606,37.144281],[-109.898721,37.153665],[-109.889195,37.182794],[-109.941829,37.155359],[-109.932375,37.174342],[-109.950686,37.166606],[-109.959,37.191577],[-109.984923,37.197422],[-109.982672,37.213445],[-110.005687,37.201542],[-110.013224,37.228815],[-110.03523,37.218064],[-110.047129,37.246419],[-110.072345,37.239854],[-110.11512,37.290917],[-110.154023,37.303719],[-110.15019,37.320267],[-110.20264,37.319421],[-110.232098,37.29432],[-110.285406,37.284378],[-110.313718,37.305469],[-110.350667,37.283374],[-110.40774,37.291095],[-110.406407,37.255111],[-110.422527,37.257552],[-110.421401,37.24228],[-110.460132,37.263155],[-110.501763,37.25537],[-110.512449,37.208069],[-110.556903,37.218091],[-110.566638,37.190391],[-110.557558,37.186512],[-110.558396,37.183017],[-110.569309,37.188814],[-110.573404,37.197106],[-110.563891,37.20908],[-110.602653,37.199968],[-110.656276,37.255914],[-110.701793,37.266544],[-110.705171,37.249533],[-110.659747,37.237562],[-110.671194,37.219547],[-110.651467,37.219679],[-110.646579,37.199181],[-110.648945,37.180307],[-110.669265,37.183713],[-110.678304,37.166114],[-110.70001,37.176087],[-110.689557,37.145354],[-110.722767,37.189496],[-110.745321,37.161171],[-110.741589,37.173801],[-110.768033,37.169798],[-110.764297,37.16018],[-110.764655,37.157636],[-110.766228,37.156554],[-110.764691,37.155262],[-110.765881,37.152669],[-110.762936,37.151574],[-110.766327,37.152696],[-110.767529,37.162786],[-110.771471,37.160793],[-110.770196,37.169848],[-110.782754,37.173748],[-110.813113,37.148551],[-110.83693,37.178085],[-110.854784,37.164402],[-110.862417,37.180923],[-110.865804,37.153754],[-110.872319,37.153086],[-110.866432,37.195472],[-110.884417,37.172347],[-110.921418,37.172638],[-110.904895,37.165392],[-110.922563,37.170625],[-110.92281,37.147647],[-110.942083,37.144228],[-110.919101,37.139657],[-110.915909,37.129149],[-110.925974,37.130296],[-110.945337,37.146302],[-110.931723,37.104509],[-110.975108,37.122764],[-110.966508,37.087482],[-110.978918,37.092289],[-110.978329,37.08098],[-110.980386,37.079209],[-110.982848,37.07911],[-110.981661,37.078863],[-110.981228,37.077885],[-110.981674,37.076764],[-110.983635,37.076076],[-110.981432,37.074802],[-110.982892,37.073812],[-110.980705,37.07356],[-110.983597,37.071323],[-110.985126,37.071047],[-110.982212,37.070741],[-110.981923,37.069158],[-110.985599,37.070794],[-110.985253,37.075696],[-110.981955,37.077022],[-110.983362,37.078664],[-110.979071,37.083496],[-110.984121,37.08622],[-110.9748,37.114095],[-111.01593,37.111321],[-111.004862,37.093072],[-111.008858,37.077957],[-111.022448,37.110109],[-111.036999,37.095034],[-111.058991,37.098883],[-111.050891,37.086711],[-111.060644,37.079579],[-111.052675,37.074611],[-111.059444,37.074188],[-111.052361,37.061318],[-111.056777,37.056229],[-111.062482,37.08148],[-111.073902,37.079908],[-111.067278,37.098894],[-111.118195,37.100282],[-111.093287,37.071573],[-111.109863,37.063451],[-111.107387,37.061216],[-111.10818,37.058528],[-111.105719,37.058331],[-111.098489,37.0518],[-111.096678,37.049317],[-111.096101,37.046817],[-111.096649,37.045618],[-111.095181,37.045053],[-111.094873,37.044734],[-111.096703,37.045574],[-111.102076,37.054986],[-111.108777,37.058242],[-111.111159,37.062934],[-111.113325,37.061796],[-111.112284,37.084068],[-111.149595,37.088094],[-111.151909,37.066982],[-111.168799,37.093896],[-111.199252,37.069322],[-111.192607,37.071169],[-111.18673,37.069608],[-111.187059,37.042479],[-111.208459,37.039256],[-111.146738,37.014952],[-111.155414,37.01247],[-111.138507,37.005068],[-111.142339,37.001575],[-111.127397,36.991679],[-111.12748,36.99091],[-111.130543,36.989499],[-111.127694,36.988904],[-111.124039,36.983453],[-111.12495,36.982782],[-111.165094,37.019759],[-111.192699,37.028977],[-111.195083,37.017958],[-111.221895,37.040099],[-111.23062,37.014148],[-111.251017,37.015727],[-111.208512,36.983696],[-111.212171,36.968797],[-111.22647,36.992313],[-111.239997,36.979504],[-111.238181,36.997864],[-111.26708,37.003859],[-111.274479,37.034564],[-111.30353,37.011648],[-111.285633,36.991392],[-111.283046,36.98333],[-111.317633,37.012297],[-111.404517,37.002204],[-111.393476,36.981411],[-111.371642,36.983224],[-111.324243,36.952366],[-111.305929,36.916747],[-111.272821,36.91191],[-111.279164,36.898564],[-111.247768,36.889849],[-111.245997,36.881866],[-111.242481,36.882455],[-111.23763,36.881078],[-111.237525,36.877341],[-111.233565,36.878882],[-111.228724,36.869013],[-111.220517,36.869362],[-111.216232,36.860131],[-111.214604,36.859966],[-111.214954,36.861835],[-111.213655,36.862665],[-111.183386,36.861338],[-111.185068,36.85947],[-111.182818,36.858272],[-111.18463,36.855348],[-111.17942,36.85476],[-111.17944,36.851001],[-111.202596,36.861848],[-111.216226,36.84381],[-111.211143,36.856659],[-111.225275,36.863958],[-111.225365,36.866964],[-111.230058,36.868666],[-111.23442,36.877975],[-111.237955,36.875682],[-111.247918,36.881024],[-111.255099,36.889691],[-111.260875,36.886919],[-111.264791,36.893679],[-111.284617,36.897543],[-111.279883,36.911918],[-111.314422,36.913296],[-111.331535,36.926428],[-111.318161,36.937469],[-111.326077,36.950245],[-111.379578,36.981152],[-111.397888,36.952398],[-111.443963,36.963614],[-111.42098,36.926933],[-111.425075,36.874389],[-111.564283,36.87467],[-111.544838,36.844524],[-111.569265,36.842944],[-111.584492,36.865348],[-111.616216,36.848878],[-111.665418,36.754764],[-111.693118,36.74026],[-111.760781,36.648097],[-111.766205,36.600798],[-111.810622,36.568373],[-111.856799,36.503972],[-111.840523,36.4924],[-111.835699,36.454389],[-111.870252,36.43101],[-111.883545,36.39982],[-111.847818,36.388951],[-111.892217,36.371214]],[[-111.29508,36.051534],[-111.278489,36.096503],[-111.211714,36.122914],[-111.21741,36.137623],[-111.205939,36.162791],[-111.209207,36.123274],[-111.157684,36.123102],[-111.157704,36.108504],[-111.082738,36.144554],[-111.082559,36.05708],[-111.115452,36.019558],[-111.139029,36.02328],[-111.139028,35.96555],[-111.246933,35.964886],[-111.245014,36.004875],[-111.264499,36.00826],[-111.256729,36.032804],[-111.268834,36.026564],[-111.278691,36.050069],[-111.29508,36.051534]],[[-111.007053,36.006896],[-110.999956,36.279728],[-110.953047,36.2816],[-110.923207,36.302984],[-110.917725,36.279819],[-110.875699,36.277829],[-110.874317,36.310029],[-110.831326,36.363135],[-110.852897,36.364817],[-110.833523,36.384619],[-110.752036,36.410327],[-110.742676,36.393446],[-110.721986,36.393491],[-110.721755,36.375744],[-110.577306,36.375002],[-110.552943,36.396513],[-110.520547,36.40328],[-110.502918,36.388137],[-110.456373,36.414108],[-110.41652,36.400015],[-110.313083,36.430572],[-110.323439,36.383195],[-110.372232,36.349311],[-110.382122,36.300944],[-110.417137,36.281598],[-110.444344,36.163873],[-110.469872,36.134252],[-110.500698,36.157132],[-110.569255,36.142601],[-110.616634,36.099587],[-110.616752,36.041453],[-110.545371,36.041482],[-110.545423,36.013873],[-110.500629,36.015755],[-110.500702,36.070518],[-110.470336,36.070249],[-110.464995,36.099374],[-110.425041,36.099159],[-110.425478,36.069942],[-110.403056,36.070554],[-110.402855,36.043082],[-110.29349,36.043313],[-110.290043,36.026586],[-110.319626,36.000423],[-110.250693,35.999658],[-110.160588,35.965216],[-110.124158,35.993736],[-110.119101,35.91179],[-110.075633,35.913308],[-110.076453,35.930117],[-110.046573,35.911096],[-110.019962,35.92512],[-110.054845,35.843779],[-110.000684,35.844275],[-110.000694,35.648368],[-110.146429,35.649036],[-110.147035,35.605401],[-110.124116,35.605381],[-110.124906,35.577718],[-110.277917,35.590319],[-110.277739,35.539561],[-110.250694,35.533277],[-110.250557,35.518659],[-110.723079,35.519886],[-110.723074,35.500013],[-110.88623,35.500095],[-110.838742,35.548392],[-110.803375,35.548622],[-110.803568,35.578411],[-110.839184,35.578179],[-110.856007,35.548587],[-111.00072,35.548885],[-111.007053,36.006896]],[[-108.271336,35.885229],[-108.261971,35.885345],[-108.261715,35.878097],[-108.271312,35.8778],[-108.271336,35.885229]]],[[[-107.203706,35.028685],[-107.186061,35.040306],[-107.162879,35.020331],[-107.159596,35.044824],[-106.993736,35.059212],[-106.991814,35.030029],[-106.97244,35.029644],[-106.973017,35.058255],[-106.951526,35.058455],[-106.945457,35.116525],[-106.956266,35.130922],[-107.000959,35.131607],[-107.001317,35.156026],[-107.039413,35.156064],[-107.039598,35.18956],[-107.128117,35.189226],[-107.121576,35.20224],[-107.141656,35.211257],[-107.132571,35.233812],[-107.156442,35.235511],[-107.154394,35.246457],[-107.194112,35.143979],[-107.163614,35.132199],[-107.163711,35.108894],[-107.203374,35.088871],[-107.203706,35.028685]],[[-106.973017,35.058255],[-106.981779,35.058138],[-106.981907,35.069011],[-106.973403,35.069128],[-106.973017,35.058255]]],[[[-107.319431,35.940653],[-107.319454,35.933584],[-107.308655,35.933584],[-107.308655,35.940655],[-107.319431,35.940653]]],[[[-107.326302,35.917345],[-107.318643,35.916252],[-107.318535,35.922526],[-107.326143,35.922622],[-107.326302,35.917345]]],[[[-107.326846,35.726336],[-107.308629,35.725995],[-107.308713,35.740003],[-107.326156,35.74001],[-107.326846,35.726336]]],[[[-107.336235,35.796484],[-107.336229,35.789967],[-107.326714,35.789886],[-107.32671,35.796484],[-107.336235,35.796484]]],[[[-107.351916,35.915053],[-107.345155,35.91233],[-107.345155,35.919124],[-107.351916,35.919123],[-107.351916,35.915053]]],[[[-107.361154,35.941237],[-107.361145,35.93425],[-107.344969,35.934058],[-107.344763,35.941161],[-107.361154,35.941237]]],[[[-107.361515,35.901341],[-107.344567,35.899402],[-107.344669,35.906965],[-107.361515,35.906963],[-107.361515,35.901341]]],[[[-107.362131,35.726704],[-107.350475,35.726363],[-107.35045,35.732801],[-107.362076,35.732679],[-107.362131,35.726704]]],[[[-107.379504,35.985264],[-107.370359,35.984602],[-107.37027,35.991781],[-107.379513,35.991833],[-107.379504,35.985264]]],[[[-107.380101,35.804968],[-107.369809,35.804378],[-107.369809,35.813141],[-107.380005,35.813139],[-107.380101,35.804968]]],[[[-107.394269,34.405345],[-107.376656,34.405296],[-107.376687,34.412358],[-107.39419,34.419296],[-107.394269,34.405345]]],[[[-107.39439,34.378085],[-107.384928,34.376133],[-107.384826,34.39053],[-107.394386,34.390554],[-107.39439,34.378085]]],[[[-107.399479,35.801569],[-107.399479,35.798468],[-107.389882,35.798468],[-107.3899,35.804392],[-107.399479,35.801569]]],[[[-107.403443,34.391674],[-107.394386,34.390554],[-107.394278,34.405002],[-107.403089,34.405169],[-107.403443,34.391674]]],[[[-107.408404,35.795061],[-107.408404,35.791257],[-107.399495,35.791257],[-107.399479,35.798468],[-107.408404,35.795061]]],[[[-107.415388,35.935664],[-107.415388,35.928239],[-107.406957,35.928239],[-107.406957,35.935664],[-107.415388,35.935664]]],[[[-107.416135,35.724515],[-107.40677,35.724553],[-107.406757,35.732548],[-107.416133,35.732556],[-107.416135,35.724515]]],[[[-107.432864,35.760948],[-107.432863,35.755144],[-107.424328,35.755147],[-107.424348,35.762738],[-107.432864,35.760948]]],[[[-107.441496,35.768749],[-107.441125,35.762614],[-107.432864,35.762731],[-107.432865,35.76876],[-107.441496,35.768749]]],[[[-107.442678,35.696426],[-107.442142,35.689844],[-107.432853,35.689803],[-107.432959,35.696435],[-107.442678,35.696426]]],[[[-107.450507,35.718656],[-107.440935,35.718323],[-107.440926,35.72571],[-107.450452,35.725832],[-107.450507,35.718656]]],[[[-107.468643,35.669061],[-107.459533,35.668374],[-107.459474,35.674934],[-107.46847,35.674922],[-107.468643,35.669061]]],[[[-107.486759,35.775396],[-107.486753,35.768279],[-107.470093,35.76827],[-107.470007,35.775419],[-107.486759,35.775396]]],[[[-107.504884,35.712309],[-107.504641,35.69741],[-107.486916,35.697359],[-107.487542,35.711445],[-107.504884,35.712309]]],[[[-107.51406,35.901016],[-107.504424,35.900317],[-107.504441,35.90731],[-107.51406,35.90731],[-107.51406,35.901016]]],[[[-107.514187,35.782714],[-107.514186,35.775734],[-107.504492,35.775734],[-107.504492,35.782714],[-107.514187,35.782714]]],[[[-107.523087,35.683142],[-107.504545,35.682899],[-107.504723,35.697786],[-107.522938,35.697247],[-107.523087,35.683142]]],[[[-107.523688,35.666496],[-107.48674,35.660606],[-107.486952,35.682917],[-107.504545,35.682899],[-107.504544,35.667936],[-107.523688,35.666496]]],[[[-107.526803,35.908214],[-107.52238,35.907828],[-107.522358,35.910778],[-107.526742,35.910779],[-107.526803,35.908214]]],[[[-107.533047,34.31268],[-107.532954,34.303842],[-107.51516,34.304012],[-107.515392,34.31847],[-107.533047,34.31268]]],[[[-107.547359,35.79753],[-107.547358,35.79078],[-107.522402,35.790739],[-107.522395,35.79764],[-107.547359,35.79753]]],[[[-107.557104,35.97263],[-107.537674,35.971319],[-107.537609,35.985669],[-107.557043,35.993049],[-107.557104,35.97263]]],[[[-107.563281,34.464118],[-107.515779,34.435697],[-107.533004,34.409333],[-107.515295,34.405596],[-107.550574,34.405635],[-107.533077,34.37649],[-107.515567,34.376813],[-107.515635,34.347327],[-107.532922,34.347387],[-107.533107,34.332619],[-107.497816,34.318089],[-107.497909,34.303266],[-107.411084,34.318168],[-107.4113,34.361799],[-107.39411,34.361838],[-107.394391,34.376272],[-107.411308,34.376459],[-107.4111,34.42007],[-107.39419,34.419296],[-107.394085,34.434433],[-107.428561,34.434667],[-107.428476,34.448993],[-107.411142,34.449016],[-107.411018,34.492264],[-107.480521,34.477243],[-107.498366,34.507051],[-107.532789,34.521661],[-107.537811,34.477902],[-107.563065,34.477931],[-107.563281,34.464118]]],[[[-107.567978,34.523228],[-107.55911,34.521476],[-107.558889,34.536247],[-107.567963,34.53624],[-107.567978,34.523228]]],[[[-107.572526,34.379676],[-107.564064,34.376245],[-107.563717,34.390916],[-107.572404,34.390864],[-107.572526,34.379676]]],[[[-107.576835,36.000267],[-107.576525,35.993049],[-107.557043,35.993049],[-107.557025,36.000262],[-107.576835,36.000267]]],[[[-107.585447,34.521528],[-107.585414,34.513871],[-107.568055,34.506895],[-107.567979,34.521551],[-107.585447,34.521528]]],[[[-107.585516,34.463499],[-107.584979,34.447237],[-107.575055,34.447143],[-107.567616,34.463466],[-107.585516,34.463499]]],[[[-107.585507,34.53951],[-107.567963,34.53624],[-107.567972,34.550616],[-107.585431,34.550782],[-107.585507,34.53951]]],[[[-107.585579,34.430088],[-107.563599,34.426851],[-107.550177,34.442395],[-107.567694,34.448947],[-107.585579,34.430088]]],[[[-107.591987,35.94301],[-107.576443,35.942968],[-107.57623,35.9563],[-107.59195,35.956295],[-107.591987,35.94301]]],[[[-107.592478,35.91409],[-107.584027,35.913702],[-107.583968,35.921526],[-107.592421,35.921249],[-107.592478,35.91409]]],[[[-107.59983,35.79045],[-107.599828,35.783656],[-107.591498,35.783559],[-107.591501,35.790451],[-107.59983,35.79045]]],[[[-107.603028,34.494918],[-107.594894,34.492556],[-107.594809,34.506892],[-107.602981,34.507142],[-107.603028,34.494918]]],[[[-107.609483,35.992745],[-107.591869,35.985756],[-107.609408,35.956326],[-107.59195,35.956295],[-107.576123,35.986116],[-107.609483,35.992745]]],[[[-107.609546,35.929425],[-107.592234,35.928],[-107.591992,35.942569],[-107.609481,35.942265],[-107.609546,35.929425]]],[[[-107.617932,35.914061],[-107.617927,35.910281],[-107.609693,35.910306],[-107.609664,35.91405],[-107.617932,35.914061]]],[[[-107.620342,34.450775],[-107.611629,34.449328],[-107.602959,34.463872],[-107.620272,34.463773],[-107.620342,34.450775]]],[[[-107.626428,35.993475],[-107.616915,35.993322],[-107.616915,36.000293],[-107.626428,36.000294],[-107.626428,35.993475]]],[[[-107.626659,35.986122],[-107.62664,35.97114],[-107.609232,35.971133],[-107.616687,35.986115],[-107.626659,35.986122]]],[[[-107.635201,35.928599],[-107.609481,35.942265],[-107.609408,35.956326],[-107.635206,35.949122],[-107.635201,35.928599]]],[[[-107.646865,35.7027],[-107.629325,35.696673],[-107.629318,35.709926],[-107.646865,35.709926],[-107.646865,35.7027]]],[[[-107.653085,36.051356],[-107.65278,36.045528],[-107.644025,36.045548],[-107.644154,36.051683],[-107.653085,36.051356]]],[[[-107.660649,36.256388],[-107.642379,36.256344],[-107.642767,36.263307],[-107.660645,36.263216],[-107.660649,36.256388]]],[[[-107.663125,35.971568],[-107.654526,35.971166],[-107.654474,35.985875],[-107.663038,35.9859],[-107.663125,35.971568]]],[[[-107.663715,35.956694],[-107.663441,35.942492],[-107.64485,35.942428],[-107.645575,35.956502],[-107.663715,35.956694]]],[[[-107.664163,35.718877],[-107.664162,35.709926],[-107.646865,35.709926],[-107.646865,35.725354],[-107.664163,35.718877]]],[[[-107.664206,35.670186],[-107.647082,35.66747],[-107.647082,35.674289],[-107.664206,35.674289],[-107.664206,35.670186]]],[[[-107.671865,35.956854],[-107.663715,35.956694],[-107.663689,35.963182],[-107.671838,35.963258],[-107.671865,35.956854]]],[[[-107.673968,35.734288],[-107.664102,35.733267],[-107.664102,35.739992],[-107.673968,35.739992],[-107.673968,35.734288]]],[[[-107.680023,36.037574],[-107.679564,36.015257],[-107.662241,36.015616],[-107.661539,36.030855],[-107.680023,36.037574]]],[[[-107.681526,35.937294],[-107.66328,35.935965],[-107.663441,35.942492],[-107.681298,35.942614],[-107.681526,35.937294]]],[[[-107.681815,35.69839],[-107.664183,35.696518],[-107.664162,35.709926],[-107.681799,35.709947],[-107.681815,35.69839]]],[[[-107.682784,35.826037],[-107.682696,35.812353],[-107.673221,35.812287],[-107.673194,35.826717],[-107.682784,35.826037]]],[[[-107.700038,35.971657],[-107.699917,35.956863],[-107.681182,35.956881],[-107.681347,35.985893],[-107.699945,35.985879],[-107.700038,35.971657]]],[[[-107.700512,35.914084],[-107.663497,35.913978],[-107.663125,35.9286],[-107.700423,35.928647],[-107.700512,35.914084]]],[[[-107.700696,35.69081],[-107.681818,35.689377],[-107.681818,35.696531],[-107.700575,35.69654],[-107.700696,35.69081]]],[[[-107.701035,35.841111],[-107.700759,35.82685],[-107.682782,35.826863],[-107.682734,35.840691],[-107.701035,35.841111]]],[[[-107.701266,35.811793],[-107.699377,35.797155],[-107.683023,35.79696],[-107.690559,35.812434],[-107.701266,35.811793]]],[[[-107.70438,36.263456],[-107.704319,36.258341],[-107.696768,36.258341],[-107.696768,36.263509],[-107.70438,36.263456]]],[[[-107.717613,35.70266],[-107.717097,35.696214],[-107.708141,35.696427],[-107.708138,35.704084],[-107.717613,35.70266]]],[[[-107.718121,35.819625],[-107.709084,35.811888],[-107.700759,35.82685],[-107.709159,35.819701],[-107.718121,35.819625]]],[[[-107.725794,35.691269],[-107.717337,35.689383],[-107.717097,35.696214],[-107.725779,35.69619],[-107.725794,35.691269]]],[[[-107.731193,36.176143],[-107.731157,36.169063],[-107.721847,36.169069],[-107.72171,36.176238],[-107.731193,36.176143]]],[[[-107.735697,35.685137],[-107.725777,35.682094],[-107.725791,35.689377],[-107.735655,35.689378],[-107.735697,35.685137]]],[[[-107.735826,35.806891],[-107.727377,35.797068],[-107.718758,35.797383],[-107.727179,35.811514],[-107.735826,35.806891]]],[[[-107.736255,35.652729],[-107.718933,35.651675],[-107.725655,35.677436],[-107.735715,35.677513],[-107.736255,35.652729]]],[[[-107.73958,36.648105],[-107.730984,36.647263],[-107.73088,36.654212],[-107.739226,36.654098],[-107.73958,36.648105]]],[[[-107.749121,36.62508],[-107.748797,36.618234],[-107.740472,36.617417],[-107.739258,36.625317],[-107.749121,36.62508]]],[[[-107.758342,36.284406],[-107.753688,36.27788],[-107.750864,36.277886],[-107.749399,36.28542],[-107.758342,36.284406]]],[[[-107.767114,36.59677],[-107.766887,36.589971],[-107.749016,36.589635],[-107.749004,36.596905],[-107.767114,36.59677]]],[[[-107.767698,36.139646],[-107.767681,36.132514],[-107.757787,36.13233],[-107.757642,36.139418],[-107.767698,36.139646]]],[[[-107.771151,35.812999],[-107.762083,35.811664],[-107.762045,35.818154],[-107.771069,35.818189],[-107.771151,35.812999]]],[[[-107.776395,36.576163],[-107.767259,36.574889],[-107.767115,36.582123],[-107.776271,36.582215],[-107.776395,36.576163]]],[[[-107.779412,35.879049],[-107.752549,35.871201],[-107.7524,35.840427],[-107.717647,35.840583],[-107.682683,35.855379],[-107.682863,35.88575],[-107.7188,35.885874],[-107.726956,35.871197],[-107.736029,35.900031],[-107.770315,35.900526],[-107.779412,35.879049]],[[-107.735765,35.849558],[-107.726755,35.85193],[-107.726755,35.844404],[-107.735701,35.844403],[-107.735765,35.849558]],[[-107.700896,35.855799],[-107.710317,35.856054],[-107.710258,35.863342],[-107.700857,35.863293],[-107.700896,35.855799]],[[-107.726956,35.871197],[-107.726922,35.85522],[-107.744585,35.863358],[-107.744545,35.871162],[-107.726956,35.871197]]],[[[-107.805609,35.9875],[-107.786279,35.98618],[-107.7863,36.001172],[-107.805618,36.001256],[-107.805609,35.9875]]],[[[-107.813371,36.095962],[-107.777584,36.103267],[-107.777584,36.118303],[-107.803273,36.110524],[-107.813371,36.095962]]],[[[-107.830751,35.967123],[-107.804468,35.971845],[-107.805618,35.98618],[-107.821932,35.986543],[-107.830751,35.967123]]],[[[-107.838466,36.264263],[-107.830172,36.262924],[-107.830164,36.270355],[-107.838466,36.270355],[-107.838466,36.264263]]],[[[-107.838887,35.996403],[-107.838887,35.986543],[-107.821932,35.986543],[-107.821931,36.001351],[-107.838887,35.996403]]],[[[-107.865352,35.493475],[-107.856948,35.493182],[-107.856928,35.499722],[-107.865333,35.499651],[-107.865352,35.493475]]],[[[-107.866089,36.351657],[-107.858078,36.350704],[-107.858078,36.357599],[-107.866089,36.357599],[-107.866089,36.351657]]],[[[-107.867404,36.118045],[-107.850032,36.117117],[-107.850134,36.130952],[-107.859102,36.131049],[-107.867404,36.118045]]],[[[-107.89368,36.151327],[-107.893681,36.146992],[-107.885504,36.146966],[-107.88551,36.151309],[-107.89368,36.151327]]],[[[-107.927218,35.608206],[-107.92704,35.594047],[-107.909208,35.594033],[-107.909213,35.608347],[-107.927218,35.608206]]],[[[-107.92953,36.379665],[-107.929413,36.365283],[-107.920777,36.365198],[-107.920561,36.379581],[-107.92953,36.379665]]],[[[-107.931033,36.132636],[-107.921815,36.132262],[-107.921878,36.139554],[-107.930962,36.139506],[-107.931033,36.132636]]],[[[-107.936935,35.652971],[-107.9366,35.637956],[-107.928038,35.63793],[-107.927426,35.653045],[-107.936935,35.652971]]],[[[-107.937976,36.416287],[-107.929238,36.416228],[-107.929019,36.423209],[-107.937901,36.423003],[-107.937976,36.416287]]],[[[-107.95434,36.28653],[-107.945193,36.284071],[-107.945114,36.305918],[-107.954217,36.305937],[-107.95434,36.28653]]],[[[-107.963172,35.652859],[-107.963163,35.645391],[-107.954614,35.645391],[-107.954614,35.652859],[-107.963172,35.652859]]],[[[-107.963184,35.522665],[-107.945489,35.521406],[-107.946267,35.537022],[-107.963135,35.537021],[-107.963184,35.522665]]],[[[-107.963572,35.616295],[-107.963536,35.608643],[-107.953496,35.608634],[-107.953496,35.616295],[-107.963572,35.616295]]],[[[-107.963792,35.58546],[-107.936661,35.580005],[-107.936838,35.59405],[-107.963536,35.594266],[-107.963792,35.58546]]],[[[-107.964032,35.559924],[-107.954978,35.550394],[-107.946564,35.550432],[-107.945943,35.565562],[-107.964032,35.559924]]],[[[-107.97322,36.409115],[-107.964501,36.408512],[-107.964533,36.414588],[-107.97322,36.4146],[-107.97322,36.409115]]],[[[-107.973402,36.396235],[-107.964364,36.393335],[-107.964364,36.40127],[-107.973402,36.40127],[-107.973402,36.396235]]],[[[-107.981791,35.610153],[-107.972427,35.608641],[-107.972427,35.616224],[-107.981739,35.616225],[-107.981791,35.610153]]],[[[-107.982386,35.377143],[-107.982291,35.369545],[-107.965434,35.369541],[-107.965368,35.377029],[-107.982386,35.377143]]],[[[-107.998292,35.553103],[-107.981284,35.551243],[-107.981305,35.566435],[-107.998115,35.566574],[-107.998292,35.553103]]],[[[-107.998547,35.653016],[-107.998378,35.638303],[-107.980686,35.638392],[-107.967812,35.667003],[-107.998547,35.653016]]],[[[-108.003426,35.731927],[-107.984679,35.725401],[-107.984756,35.739442],[-108.003333,35.739195],[-108.003426,35.731927]]],[[[-108.006528,35.59531],[-107.990564,35.594401],[-107.990431,35.601658],[-108.006516,35.601393],[-108.006528,35.59531]]],[[[-108.007181,35.575056],[-108.007181,35.571208],[-108.002968,35.571428],[-108.002968,35.577228],[-108.007181,35.575056]]],[[[-108.007595,36.447722],[-108.002469,36.447348],[-108.002469,36.451047],[-108.007595,36.451011],[-108.007595,36.447722]]],[[[-108.014507,35.551469],[-108.014502,35.537628],[-107.998321,35.537585],[-107.99832,35.551231],[-108.014507,35.551469]]],[[[-108.033497,35.653205],[-108.033203,35.645149],[-108.024223,35.645524],[-108.024149,35.653215],[-108.033497,35.653205]]],[[[-108.036567,36.393775],[-108.036555,36.379422],[-108.027769,36.379573],[-108.02783,36.393748],[-108.036567,36.393775]]],[[[-108.038244,35.739844],[-108.037972,35.725558],[-108.020306,35.72549],[-108.02025,35.739508],[-108.038244,35.739844]]],[[[-108.041665,35.545498],[-108.024255,35.543615],[-108.024148,35.551611],[-108.041655,35.551833],[-108.041665,35.545498]]],[[[-108.043333,35.56628],[-108.033356,35.566161],[-108.033344,35.574798],[-108.043333,35.574798],[-108.043333,35.56628]]],[[[-108.045196,36.369156],[-108.04464,36.358301],[-108.036366,36.358314],[-108.036555,36.379422],[-108.045196,36.369156]]],[[[-108.051311,35.544034],[-108.051167,35.537847],[-108.041678,35.53778],[-108.041668,35.543915],[-108.051311,35.544034]]],[[[-108.054143,36.476684],[-108.044894,36.473013],[-108.044894,36.48073],[-108.054143,36.48073],[-108.054143,36.476684]]],[[[-108.058175,36.060818],[-108.058066,36.046038],[-108.03997,36.046114],[-108.04016,36.060832],[-108.058175,36.060818]]],[[[-108.059506,36.17745],[-108.042134,36.177106],[-108.042136,36.190256],[-107.993665,36.176184],[-107.967317,36.182695],[-108.018553,36.197507],[-108.018607,36.220152],[-108.054414,36.234639],[-108.059506,36.17745]]],[[[-108.059593,36.148335],[-108.058366,36.133551],[-108.049164,36.133533],[-108.049827,36.14832],[-108.059593,36.148335]]],[[[-108.06307,36.391336],[-108.06307,36.38686],[-108.0457,36.386971],[-108.045667,36.393744],[-108.06307,36.391336]]],[[[-108.074401,35.696809],[-108.056469,35.688637],[-108.055919,35.710768],[-108.074258,35.710722],[-108.074401,35.696809]]],[[[-108.07452,35.668307],[-108.056565,35.666688],[-108.056688,35.681325],[-108.074497,35.681352],[-108.07452,35.668307]]],[[[-108.075717,36.002541],[-108.075095,35.987536],[-108.057392,35.987503],[-108.057332,36.002463],[-108.075717,36.002541]]],[[[-108.077027,36.075807],[-108.076709,36.068261],[-108.067787,36.068623],[-108.067599,36.075882],[-108.077027,36.075807]]],[[[-108.077714,36.19379],[-108.068463,36.191144],[-108.068315,36.206133],[-108.077628,36.206145],[-108.077714,36.19379]]],[[[-108.079057,35.58244],[-108.069498,35.580872],[-108.069369,35.588284],[-108.07902,35.588301],[-108.079057,35.58244]]],[[[-108.091654,35.885803],[-108.072674,35.885322],[-108.072469,35.899364],[-108.091602,35.898339],[-108.091654,35.885803]]],[[[-108.092326,35.754311],[-108.09212,35.739856],[-108.074358,35.739981],[-108.074755,35.754146],[-108.092326,35.754311]]],[[[-108.104305,35.370126],[-108.10427,35.362903],[-108.099552,35.362945],[-108.099144,35.370112],[-108.104305,35.370126]]],[[[-108.109537,35.910626],[-108.101685,35.898313],[-108.091602,35.898339],[-108.092886,35.914323],[-108.109537,35.910626]]],[[[-108.110751,35.820014],[-108.092418,35.81262],[-108.092203,35.826925],[-108.101558,35.826935],[-108.110751,35.820014]]],[[[-108.110768,35.855716],[-108.110766,35.841087],[-108.092368,35.841581],[-108.073942,35.870759],[-108.110768,35.855716]]],[[[-108.110732,35.871615],[-108.091371,35.870633],[-108.091625,35.884419],[-108.109863,35.884344],[-108.110732,35.871615]]],[[[-108.111009,35.783679],[-108.092699,35.783397],[-108.092326,35.797844],[-108.11015,35.797977],[-108.111009,35.783679]]],[[[-108.112447,36.092495],[-108.094745,36.089476],[-108.094889,36.104321],[-108.112326,36.104467],[-108.112447,36.092495]]],[[[-108.113245,36.046294],[-108.113025,36.04025],[-108.104537,36.040028],[-108.104518,36.04669],[-108.113245,36.046294]]],[[[-108.117698,36.435849],[-108.117433,36.429166],[-108.108488,36.429166],[-108.108546,36.437726],[-108.117698,36.435849]]],[[[-108.120551,35.831692],[-108.110533,35.827091],[-108.110766,35.841087],[-108.120259,35.841292],[-108.120551,35.831692]]],[[[-108.122134,36.182216],[-108.082286,36.177676],[-108.077714,36.191144],[-108.122042,36.191195],[-108.122134,36.182216]]],[[[-108.127749,35.710765],[-108.09229,35.681328],[-108.074497,35.681352],[-108.074519,35.696123],[-108.092143,35.696039],[-108.07427,35.725459],[-108.127749,35.710765]]],[[[-108.128074,35.899151],[-108.128053,35.884064],[-108.109962,35.884344],[-108.109681,35.891644],[-108.128074,35.899151]]],[[[-108.128161,35.87129],[-108.12805,35.855918],[-108.110768,35.855716],[-108.110771,35.871012],[-108.128161,35.87129]]],[[[-108.128234,35.783335],[-108.127848,35.768872],[-108.110772,35.76894],[-108.111034,35.783289],[-108.128234,35.783335]]],[[[-108.128263,35.812759],[-108.127972,35.798329],[-108.11015,35.797977],[-108.110293,35.812609],[-108.128263,35.812759]]],[[[-108.129293,35.976012],[-108.11014,35.973374],[-108.111546,35.987558],[-108.12928,35.987506],[-108.129293,35.976012]]],[[[-108.130578,36.076365],[-108.112834,36.076046],[-108.112478,36.089503],[-108.130464,36.089587],[-108.130578,36.076365]]],[[[-108.145457,35.739776],[-108.145359,35.725213],[-108.127583,35.724911],[-108.127887,35.739955],[-108.145457,35.739776]]],[[[-108.145919,35.768801],[-108.145862,35.754534],[-108.127555,35.754576],[-108.126517,35.735782],[-108.110087,35.739905],[-108.127848,35.768872],[-108.145919,35.768801]]],[[[-108.145925,35.798236],[-108.145909,35.783285],[-108.128235,35.78339],[-108.127972,35.798329],[-108.145925,35.798236]]],[[[-108.145938,35.884392],[-108.145786,35.871339],[-108.128333,35.87129],[-108.128053,35.884064],[-108.145938,35.884392]]],[[[-108.149224,36.031976],[-108.130091,36.002699],[-108.075717,36.002541],[-108.094725,36.03246],[-108.113041,36.032396],[-108.113053,36.017321],[-108.149224,36.031976]]],[[[-108.154143,35.741628],[-108.145541,35.739917],[-108.145732,35.746899],[-108.154076,35.746929],[-108.154143,35.741628]]],[[[-108.157407,35.353656],[-108.139136,35.35051],[-108.138987,35.36286],[-108.157411,35.36286],[-108.157407,35.353656]]],[[[-108.163533,35.812027],[-108.163422,35.79824],[-108.145925,35.798236],[-108.128383,35.826735],[-108.163533,35.812027]]],[[[-108.163658,35.769253],[-108.145919,35.768801],[-108.145909,35.783285],[-108.163536,35.783009],[-108.163658,35.769253]]],[[[-108.165338,35.932777],[-108.164647,35.914353],[-108.146285,35.914602],[-108.127895,35.943613],[-108.10974,35.943361],[-108.092891,35.914498],[-108.075151,35.914145],[-108.074918,35.928859],[-108.056567,35.929042],[-108.056397,35.943945],[-108.074631,35.943414],[-108.056325,35.972652],[-108.074294,35.972645],[-108.074364,35.958432],[-108.109987,35.972423],[-108.146764,35.928721],[-108.165338,35.932777]],[[-108.10974,35.943361],[-108.109838,35.950933],[-108.101316,35.950914],[-108.101168,35.943403],[-108.10974,35.943361]]],[[[-108.165469,35.886739],[-108.145938,35.884392],[-108.146085,35.899772],[-108.165357,35.899953],[-108.165469,35.886739]]],[[[-108.165578,35.871395],[-108.154708,35.85623],[-108.164299,35.827122],[-108.127938,35.840865],[-108.145786,35.871339],[-108.165578,35.871395]]],[[[-108.171852,35.710985],[-108.145287,35.696303],[-108.145865,35.681193],[-108.13612,35.681283],[-108.136278,35.710946],[-108.171852,35.710985]]],[[[-108.172431,36.14739],[-108.172667,36.137902],[-108.166354,36.13802],[-108.166296,36.148032],[-108.172431,36.14739]]],[[[-108.176068,36.111218],[-108.17603,36.108343],[-108.166371,36.108329],[-108.166422,36.111329],[-108.176068,36.111218]]],[[[-108.180466,36.148182],[-108.180324,36.143838],[-108.178416,36.1438],[-108.178282,36.14818],[-108.180466,36.148182]]],[[[-108.181289,35.747769],[-108.181223,35.740601],[-108.17254,35.740601],[-108.17254,35.747769],[-108.181289,35.747769]]],[[[-108.182442,35.90305],[-108.165357,35.899953],[-108.164845,35.91418],[-108.182196,35.91418],[-108.182442,35.90305]]],[[[-108.183167,35.876791],[-108.165578,35.871395],[-108.165452,35.884749],[-108.183047,35.884804],[-108.183167,35.876791]]],[[[-108.183657,35.956084],[-108.18362,35.943905],[-108.165097,35.943816],[-108.164997,35.958615],[-108.183657,35.956084]]],[[[-108.183689,35.843921],[-108.164434,35.841003],[-108.164386,35.856344],[-108.183488,35.856568],[-108.183689,35.843921]]],[[[-108.185082,36.202278],[-108.185209,36.193684],[-108.167398,36.193097],[-108.167273,36.207177],[-108.185082,36.202278]]],[[[-108.193544,36.177619],[-108.185525,36.177375],[-108.185538,36.185079],[-108.193545,36.185034],[-108.193544,36.177619]]],[[[-108.19366,36.120298],[-108.176052,36.119175],[-108.176052,36.133198],[-108.193641,36.133223],[-108.19366,36.120298]]],[[[-108.200427,35.653027],[-108.16362,35.652718],[-108.145865,35.681193],[-108.172529,35.681204],[-108.200427,35.653027]]],[[[-108.201244,35.828162],[-108.183977,35.827151],[-108.183737,35.841213],[-108.201194,35.84121],[-108.201244,35.828162]]],[[[-108.201396,35.929163],[-108.182976,35.928328],[-108.18362,35.943905],[-108.20135,35.943905],[-108.201396,35.929163]]],[[[-108.202513,36.101781],[-108.202498,36.089678],[-108.184575,36.089718],[-108.184252,36.104209],[-108.202513,36.101781]]],[[[-108.202632,36.031519],[-108.202565,36.024081],[-108.193403,36.024078],[-108.19384,36.031684],[-108.202632,36.031519]]],[[[-108.202885,36.191664],[-108.202822,36.185033],[-108.193545,36.185034],[-108.193533,36.191749],[-108.202885,36.191664]]],[[[-108.203035,36.149512],[-108.194057,36.148466],[-108.193984,36.162693],[-108.202847,36.162602],[-108.203035,36.149512]]],[[[-108.208174,35.699711],[-108.199337,35.697101],[-108.19948,35.704452],[-108.208031,35.704363],[-108.208174,35.699711]]],[[[-108.209707,35.740059],[-108.209566,35.726176],[-108.19903,35.726018],[-108.199366,35.740125],[-108.209707,35.740059]]],[[[-108.210902,36.073254],[-108.210895,36.067704],[-108.202059,36.067704],[-108.202057,36.074938],[-108.210902,36.073254]]],[[[-108.216934,35.666946],[-108.199903,35.6665],[-108.199915,35.673858],[-108.216629,35.674112],[-108.216934,35.666946]]],[[[-108.218242,35.874552],[-108.201566,35.874552],[-108.200552,35.885531],[-108.217544,35.884832],[-108.218242,35.874552]]],[[[-108.218642,35.858451],[-108.183485,35.85674],[-108.183257,35.870854],[-108.218571,35.870809],[-108.218642,35.858451]]],[[[-108.219512,35.958662],[-108.219477,35.943861],[-108.20135,35.943905],[-108.183654,35.971901],[-108.128132,35.95842],[-108.147317,35.987398],[-108.169142,35.987883],[-108.21899,35.98671],[-108.219512,35.958662]],[[-108.183654,35.971901],[-108.199991,35.971901],[-108.199991,35.980477],[-108.183654,35.980405],[-108.183654,35.971901]]],[[[-108.220679,36.199413],[-108.211098,36.198663],[-108.211102,36.207222],[-108.220667,36.207231],[-108.220679,36.199413]]],[[[-108.220774,36.2215],[-108.203286,36.221333],[-108.202894,36.227651],[-108.220757,36.227669],[-108.220774,36.2215]]],[[[-108.220746,36.213764],[-108.220786,36.210347],[-108.211157,36.210403],[-108.211217,36.213764],[-108.220746,36.213764]]],[[[-108.222055,35.903884],[-108.20142,35.900202],[-108.201436,35.913898],[-108.222055,35.914304],[-108.222055,35.903884]]],[[[-108.226301,35.885083],[-108.217544,35.884832],[-108.217841,35.89114],[-108.226017,35.891096],[-108.226301,35.885083]]],[[[-108.229042,36.120355],[-108.22031,36.119015],[-108.220945,36.133458],[-108.229045,36.133446],[-108.229042,36.120355]]],[[[-108.233934,35.668788],[-108.224797,35.666787],[-108.224687,35.673769],[-108.233731,35.673856],[-108.233934,35.668788]]],[[[-108.235882,36.002311],[-108.235881,35.986688],[-108.21899,35.98671],[-108.213873,36.002442],[-108.235882,36.002311]]],[[[-108.235889,35.938734],[-108.227015,35.921814],[-108.219414,35.921847],[-108.219477,35.943861],[-108.235889,35.938734]]],[[[-108.238183,36.194229],[-108.229504,36.191927],[-108.229504,36.199097],[-108.238177,36.199143],[-108.238183,36.194229]]],[[[-108.23876,36.247218],[-108.220755,36.231697],[-108.151513,36.235846],[-108.127326,36.21357],[-108.130379,36.242243],[-108.109998,36.256463],[-108.09244,36.249097],[-108.092376,36.263953],[-108.1861,36.264176],[-108.185961,36.249904],[-108.23876,36.247218]]],[[[-108.2528,35.739972],[-108.252518,35.725783],[-108.235035,35.726105],[-108.234959,35.733369],[-108.2528,35.739972]]],[[[-108.25361,35.951499],[-108.253586,35.94383],[-108.23586,35.943787],[-108.235903,35.958689],[-108.25361,35.951499]]],[[[-108.253637,35.973844],[-108.235588,35.972412],[-108.235881,35.986688],[-108.253622,35.986618],[-108.253637,35.973844]]],[[[-108.253663,35.923523],[-108.236197,35.921741],[-108.236195,35.928859],[-108.253608,35.928855],[-108.253663,35.923523]]],[[[-108.255988,36.060448],[-108.238157,36.067179],[-108.238173,36.074993],[-108.255977,36.075051],[-108.255988,36.060448]]],[[[-108.256776,36.16258],[-108.255989,36.147582],[-108.229345,36.148064],[-108.229367,36.154856],[-108.256776,36.16258]]],[[[-108.256969,36.20704],[-108.243972,36.206263],[-108.238416,36.217211],[-108.256892,36.216221],[-108.256969,36.20704]]],[[[-108.264634,36.08949],[-108.264474,36.075093],[-108.255977,36.075051],[-108.25588,36.089621],[-108.264634,36.08949]]],[[[-108.264974,36.011875],[-108.255884,36.009812],[-108.255907,36.016686],[-108.264966,36.016639],[-108.264974,36.011875]]],[[[-108.326579,35.567703],[-108.317639,35.566299],[-108.317993,35.573775],[-108.326555,35.5738],[-108.326579,35.567703]]],[[[-108.335722,35.523769],[-108.335362,35.508955],[-108.326438,35.50876],[-108.326351,35.523475],[-108.335722,35.523769]]],[[[-108.361925,35.523907],[-108.335722,35.523769],[-108.335658,35.538154],[-108.353282,35.538367],[-108.361925,35.523907]]]]},"properties":{"GEOID":"2430R","TRIBE_NAME":"NavajoNation,Arizona,NewMexico,&Utah"}},{"type":"Feature","id":289,"geometry":{"type":"MultiPolygon","coordinates":[[[[-111.006548,36.00912],[-111.00072,35.548885],[-110.856007,35.548587],[-110.839184,35.578179],[-110.803568,35.578411],[-110.803375,35.548622],[-110.838742,35.548392],[-110.88623,35.500095],[-110.723074,35.500013],[-110.723079,35.519886],[-110.250557,35.518659],[-110.250694,35.533277],[-110.277739,35.539561],[-110.277917,35.590319],[-110.124906,35.577718],[-110.124116,35.605381],[-110.147035,35.605401],[-110.146429,35.649036],[-110.000694,35.648368],[-110.000684,35.844275],[-110.054845,35.843779],[-110.019962,35.92512],[-110.046573,35.911096],[-110.076453,35.930117],[-110.075633,35.913308],[-110.119101,35.91179],[-110.124158,35.993736],[-110.160588,35.965216],[-110.250693,35.999658],[-110.319626,36.000423],[-110.290043,36.026586],[-110.29349,36.043313],[-110.402855,36.043082],[-110.403056,36.070554],[-110.425478,36.069942],[-110.425041,36.099159],[-110.464995,36.099374],[-110.470336,36.070249],[-110.500702,36.070518],[-110.500629,36.015755],[-110.545423,36.013873],[-110.545371,36.041482],[-110.616752,36.041453],[-110.616634,36.099587],[-110.569255,36.142601],[-110.500698,36.157132],[-110.469872,36.134252],[-110.444344,36.163873],[-110.417137,36.281598],[-110.382122,36.300944],[-110.372232,36.349311],[-110.323439,36.383195],[-110.313083,36.430572],[-110.41652,36.400015],[-110.456373,36.414108],[-110.502918,36.388137],[-110.520547,36.40328],[-110.552943,36.396513],[-110.577306,36.375002],[-110.721755,36.375744],[-110.721986,36.393491],[-110.742676,36.393446],[-110.752036,36.410327],[-110.833523,36.384619],[-110.852897,36.364817],[-110.831326,36.363135],[-110.874317,36.310029],[-110.875699,36.277829],[-110.917725,36.279819],[-110.923207,36.302984],[-110.953047,36.2816],[-110.999956,36.279728],[-111.006548,36.00912]],[[-110.235917,35.712842],[-110.146213,35.809641],[-110.100891,35.809332],[-110.10297,35.782595],[-110.083431,35.792782],[-110.09246,35.735311],[-110.081698,35.700288],[-110.12784,35.696001],[-110.145773,35.708661],[-110.213918,35.692035],[-110.235917,35.712842]]],[[[-111.295246,36.052667],[-111.268834,36.026564],[-111.256729,36.032804],[-111.264499,36.00826],[-111.245014,36.004875],[-111.246933,35.964886],[-111.139028,35.96555],[-111.139029,36.02328],[-111.115452,36.019558],[-111.082559,36.05708],[-111.082738,36.144554],[-111.157704,36.108504],[-111.157684,36.123102],[-111.209207,36.123274],[-111.205939,36.162791],[-111.211714,36.122914],[-111.278489,36.096503],[-111.295246,36.052667]]]]},"properties":{"GEOID":"1505R","TRIBE_NAME":"HopiTribeofArizona"}},{"type":"Feature","id":290,"geometry":{"type":"MultiPolygon","coordinates":[[[[-116.928871,33.30774],[-116.926895,33.307108],[-116.924274,33.310222],[-116.926935,33.31027],[-116.928871,33.30774]]],[[[-116.934691,33.302787],[-116.933511,33.301341],[-116.931437,33.303066],[-116.932947,33.304235],[-116.934691,33.302787]]],[[[-116.984327,33.351284],[-116.927858,33.342899],[-116.927853,33.386551],[-116.97992,33.386387],[-116.984327,33.351284]]],[[[-116.994501,33.332953],[-116.994314,33.327125],[-116.97751,33.331429],[-116.985919,33.338125],[-116.994501,33.332953]]]]},"properties":{"GEOID":"2715R","TRIBE_NAME":"PaumaBandofLuisenoMissionIndiansofthePauma&YuimaReservation,California"}},{"type":"Feature","id":291,"geometry":{"type":"Polygon","coordinates":[[[-122.576043,47.855124],[-122.56303,47.831386],[-122.541532,47.824056],[-122.552084,47.867714],[-122.576043,47.855124]]]},"properties":{"GEOID":"2910R","TRIBE_NAME":"PortGambleS'KlallamTribe"}},{"type":"Feature","id":292,"geometry":{"type":"Polygon","coordinates":[[[-124.027659,41.515034],[-124.027657,41.508551],[-124.003372,41.517147],[-124.022765,41.517208],[-124.027659,41.515034]]]},"properties":{"GEOID":"3145R","TRIBE_NAME":"ResighiniRancheria,California"}},{"type":"Feature","id":293,"geometry":{"type":"Polygon","coordinates":[[[-124.436147,47.750466],[-124.422107,47.732411],[-124.411513,47.732516],[-124.411179,47.742741],[-124.436147,47.750466]]]},"properties":{"GEOID":"1460R","TRIBE_NAME":"HohIndianTribe"}},{"type":"Feature","id":294,"geometry":{"type":"Polygon","coordinates":[[[-121.921447,41.028325],[-121.921434,41.024424],[-121.916396,41.024559],[-121.916383,41.028382],[-121.921447,41.028325]]]},"properties":{"GEOID":"0215R","TRIBE_NAME":"BigBendRancheriaofPitRiverIndiansofCalifornia\r\r\n"}},{"type":"Feature","id":295,"geometry":{"type":"MultiPolygon","coordinates":[[[[-116.423061,33.807708],[-116.405975,33.801753],[-116.405766,33.816344],[-116.423001,33.816224],[-116.423061,33.807708]]],[[[-116.440762,33.788969],[-116.422845,33.787079],[-116.423106,33.801667],[-116.440627,33.801506],[-116.440762,33.788969]]],[[[-116.440881,33.830536],[-116.440662,33.815998],[-116.423001,33.816224],[-116.405703,33.84538],[-116.440881,33.830536]]],[[[-116.441041,33.845884],[-116.423533,33.845302],[-116.423749,33.859383],[-116.440799,33.859374],[-116.441041,33.845884]]],[[[-116.45817,33.815978],[-116.458055,33.801443],[-116.440627,33.801506],[-116.440662,33.815998],[-116.45817,33.815978]]],[[[-116.458298,33.773005],[-116.440984,33.772484],[-116.440781,33.787008],[-116.458134,33.786937],[-116.458298,33.773005]]],[[[-116.458451,33.84503],[-116.458158,33.830891],[-116.440876,33.830647],[-116.440844,33.844895],[-116.458451,33.84503]]],[[[-116.475574,33.795578],[-116.475457,33.787005],[-116.458134,33.786937],[-116.458055,33.801443],[-116.475574,33.795578]]],[[[-116.476091,33.859397],[-116.475909,33.844955],[-116.458451,33.84503],[-116.458229,33.859447],[-116.476091,33.859397]]],[[[-116.492859,33.780091],[-116.492859,33.772425],[-116.475555,33.772625],[-116.475457,33.787005],[-116.492859,33.780091]]],[[[-116.492996,33.815886],[-116.492859,33.801524],[-116.475658,33.801358],[-116.475604,33.815915],[-116.492996,33.815886]]],[[[-116.510693,33.816386],[-116.492996,33.815886],[-116.475909,33.844955],[-116.493234,33.844935],[-116.510693,33.816386]]],[[[-116.510719,33.80141],[-116.510559,33.787025],[-116.492859,33.786825],[-116.492859,33.801524],[-116.510719,33.80141]]],[[[-116.510765,33.852596],[-116.510632,33.844939],[-116.493234,33.844935],[-116.493458,33.859422],[-116.510765,33.852596]]],[[[-116.528236,33.830728],[-116.510613,33.83044],[-116.510632,33.844939],[-116.528196,33.844862],[-116.528236,33.830728]]],[[[-116.5283,33.804045],[-116.510719,33.80141],[-116.510698,33.815935],[-116.52823,33.815974],[-116.5283,33.804045]]],[[[-116.53026,33.728627],[-116.52994,33.713999],[-116.512892,33.713993],[-116.512883,33.728747],[-116.53026,33.728627]]],[[[-116.545589,33.816352],[-116.52823,33.815974],[-116.528239,33.830365],[-116.545593,33.830386],[-116.545589,33.816352]]],[[[-116.545599,33.84562],[-116.528196,33.844862],[-116.528077,33.859535],[-116.545533,33.859556],[-116.545599,33.84562]]],[[[-116.547737,33.714079],[-116.547622,33.699601],[-116.530293,33.69965],[-116.52994,33.713999],[-116.547737,33.714079]]],[[[-116.563138,33.830938],[-116.554159,33.830423],[-116.554274,33.844849],[-116.562959,33.844922],[-116.563138,33.830938]]],[[[-116.564882,33.749867],[-116.547861,33.728727],[-116.53026,33.728627],[-116.534736,33.75053],[-116.512915,33.743425],[-116.512944,33.758125],[-116.529976,33.757943],[-116.528297,33.801439],[-116.563091,33.786824],[-116.547463,33.765196],[-116.564882,33.749867]],[[-116.547559,33.744048],[-116.547406,33.750981],[-116.539925,33.751027],[-116.538261,33.744178],[-116.547559,33.744048]]],[[[-116.564913,33.716249],[-116.547737,33.714079],[-116.547861,33.728727],[-116.564787,33.728385],[-116.564913,33.716249]]],[[[-116.564929,33.686202],[-116.547661,33.684928],[-116.547622,33.699601],[-116.564837,33.699596],[-116.564929,33.686202]]],[[[-116.580335,33.855224],[-116.58026,33.844922],[-116.562959,33.844922],[-116.562758,33.859622],[-116.580335,33.855224]]],[[[-116.580463,33.801309],[-116.58039,33.786681],[-116.563091,33.786824],[-116.545593,33.815849],[-116.580463,33.801309]]],[[[-116.582426,33.705874],[-116.564837,33.699596],[-116.564901,33.71395],[-116.582377,33.714169],[-116.582426,33.705874]]],[[[-116.597758,33.83029],[-116.580254,33.830346],[-116.58026,33.844922],[-116.59746,33.845022],[-116.597758,33.83029]]],[[[-116.597743,33.804274],[-116.580463,33.801309],[-116.580209,33.815921],[-116.597527,33.815931],[-116.597743,33.804274]]],[[[-116.597737,33.786761],[-116.582261,33.757526],[-116.564708,33.757647],[-116.58039,33.786681],[-116.597737,33.786761]]],[[[-116.599477,33.716987],[-116.582377,33.714169],[-116.582214,33.728619],[-116.599407,33.728521],[-116.599477,33.716987]]],[[[-116.599647,33.685168],[-116.582281,33.68472],[-116.582244,33.699482],[-116.59955,33.699565],[-116.599647,33.685168]]],[[[-116.599728,33.757452],[-116.599446,33.743209],[-116.582115,33.742915],[-116.582261,33.757526],[-116.599728,33.757452]]],[[[-116.614361,33.760385],[-116.599728,33.757452],[-116.599761,33.772125],[-116.614361,33.772225],[-116.614361,33.760385]]],[[[-116.614362,33.714127],[-116.614262,33.699627],[-116.59955,33.699565],[-116.599487,33.714104],[-116.614362,33.714127]]],[[[-116.61439,33.740414],[-116.61436,33.728463],[-116.599407,33.728521],[-116.599446,33.743209],[-116.61439,33.740414]]],[[[-116.614458,33.80151],[-116.61439,33.786913],[-116.597883,33.786769],[-116.597762,33.80136],[-116.614458,33.80151]]],[[[-116.61516,33.847722],[-116.59746,33.845022],[-116.59716,33.859622],[-116.61506,33.859622],[-116.61516,33.847722]]],[[[-116.614581,33.830174],[-116.614516,33.81602],[-116.597527,33.815931],[-116.597757,33.830257],[-116.614581,33.830174]]]]},"properties":{"GEOID":"0020R","TRIBE_NAME":"AguaCalienteBandofCahuillaIndiansoftheAguaCalienteIndianReservation,California"}},{"type":"Feature","id":296,"geometry":{"type":"MultiPolygon","coordinates":[[[[-123.186004,39.287896],[-123.184286,39.285339],[-123.166347,39.289029],[-123.170313,39.293063],[-123.186004,39.287896]]],[[[-123.219869,39.28253],[-123.214835,39.281612],[-123.211925,39.286753],[-123.219859,39.286793],[-123.219869,39.28253]]]]},"properties":{"GEOID":"3115R","TRIBE_NAME":"RedwoodValleyorLittleRiverBandofPomoIndiansoftheRedwoodValleyRancheriaCalifornia"}},{"type":"Feature","id":297,"geometry":{"type":"MultiPolygon","coordinates":[[[[-108.777642,34.451901],[-108.777785,34.441227],[-108.759145,34.441204],[-108.759628,34.455617],[-108.777642,34.451901]]],[[[-108.897135,34.856164],[-108.896972,34.8501],[-108.888408,34.850113],[-108.888509,34.856228],[-108.897135,34.856164]]],[[[-109.046141,34.876078],[-109.046045,34.857563],[-109.01176,34.871393],[-108.871695,34.87108],[-108.871169,34.886298],[-108.80082,34.886271],[-108.800832,34.907999],[-108.78328,34.91529],[-108.765926,34.915269],[-108.765826,34.900211],[-108.747624,34.900795],[-108.746036,34.916301],[-108.60855,34.900986],[-108.608761,34.915622],[-108.555846,34.915236],[-108.538489,34.943832],[-108.520531,34.943917],[-108.504521,34.973662],[-108.541846,34.989776],[-108.539113,35.306872],[-108.680628,35.30714],[-108.681624,35.218797],[-108.76894,35.219252],[-108.76977,35.205476],[-108.786598,35.206143],[-108.78481,35.133817],[-108.855945,35.106095],[-108.838539,35.12505],[-108.839645,35.169587],[-109.04602,35.175514],[-109.046141,34.876078]],[[-108.944441,35.086781],[-108.925672,35.089068],[-108.92207,35.075996],[-108.944305,35.07332],[-108.944441,35.086781]]],[[[-109.548732,34.599332],[-109.528052,34.597796],[-109.528707,34.606572],[-109.540097,34.605567],[-109.548732,34.599332]]],[[[-109.58227,34.595314],[-109.581969,34.580034],[-109.547544,34.580864],[-109.54833,34.594935],[-109.58227,34.595314]]],[[[-109.582292,34.607051],[-109.565704,34.605934],[-109.56582,34.609727],[-109.582274,34.608215],[-109.582292,34.607051]]],[[[-109.601211,34.579542],[-109.601198,34.564747],[-109.581444,34.56559],[-109.581938,34.580025],[-109.601211,34.579542]]],[[[-109.601346,34.637307],[-109.600841,34.607606],[-109.547119,34.612047],[-109.544374,34.686724],[-109.59852,34.682225],[-109.601346,34.637307]]],[[[-109.618259,34.590794],[-109.618122,34.578415],[-109.601211,34.579542],[-109.601022,34.595446],[-109.618259,34.590794]]]]},"properties":{"GEOID":"4785R","TRIBE_NAME":"ZuniTribeoftheZuniReservation,NewMexico"}},{"type":"Feature","id":298,"geometry":{"type":"MultiPolygon","coordinates":[[[[-85.60589,45.018356],[-85.603232,45.018228],[-85.602997,45.018433],[-85.605828,45.018426],[-85.60589,45.018356]]],[[[-85.607336,45.021291],[-85.607201,45.01841],[-85.60322,45.021232],[-85.604615,45.021291],[-85.607336,45.021291]]]]},"properties":{"GEOID":"1370R","TRIBE_NAME":"GrandTraverseBandofOttawaandChippewaIndians,Michigan"}},{"type":"Feature","id":299,"geometry":{"type":"MultiPolygon","coordinates":[[[[-116.954275,40.653733],[-116.95189,40.6476],[-116.944027,40.650841],[-116.943961,40.654865],[-116.954275,40.653733]]],[[[-116.958858,40.654899],[-116.958367,40.648854],[-116.953523,40.648832],[-116.956189,40.653325],[-116.958858,40.654899]]],[[[-116.970074,40.66968],[-116.961949,40.662141],[-116.957757,40.6621],[-116.958136,40.669835],[-116.970074,40.66968]]],[[[-116.978487,40.655408],[-116.967137,40.654884],[-116.964115,40.662242],[-116.977978,40.669854],[-116.978487,40.655408]]]]},"properties":{"GEOID":"0165R","TRIBE_NAME":"Te-MoakTribeofWesternShoshoneIndiansofNevada(BattleMountainBand)"}},{"type":"Feature","id":300,"geometry":{"type":"Polygon","coordinates":[[[-119.518862,37.228491],[-119.51174,37.223751],[-119.509639,37.22932],[-119.51461,37.230304],[-119.518862,37.228491]]]},"properties":{"GEOID":"2495R","TRIBE_NAME":"NorthforkRancheriaofMonoIndiansofCalifornia"}},{"type":"Feature","id":301,"geometry":{"type":"Polygon","coordinates":[[[-78.998612,43.175527],[-78.971274,43.14347],[-78.914724,43.143379],[-78.915065,43.176364],[-78.930166,43.187009],[-78.998612,43.175527]]]},"properties":{"GEOID":"4360R","TRIBE_NAME":"TuscaroraNation"}},{"type":"Feature","id":302,"geometry":{"type":"MultiPolygon","coordinates":[[[[-84.734015,45.769573],[-84.734011,45.769017],[-84.732544,45.769017],[-84.732545,45.769558],[-84.734015,45.769573]]],[[[-84.882574,45.402049],[-84.881308,45.401106],[-84.880229,45.401559],[-84.881353,45.402428],[-84.882574,45.402049]]],[[[-84.884072,45.633276],[-84.884071,45.629736],[-84.873887,45.629751],[-84.873875,45.633236],[-84.884072,45.633276]]],[[[-84.908425,45.390279],[-84.908357,45.389066],[-84.908163,45.389085],[-84.907661,45.390073],[-84.908425,45.390279]]],[[[-84.914599,45.751727],[-84.914597,45.751013],[-84.913888,45.75103],[-84.913879,45.751971],[-84.914599,45.751727]]],[[[-84.921525,45.442937],[-84.921549,45.435146],[-84.914804,45.435138],[-84.914817,45.44294],[-84.921525,45.442937]]],[[[-84.96768,45.348617],[-84.965843,45.348492],[-84.965828,45.350009],[-84.967559,45.350008],[-84.96768,45.348617]]],[[[-84.97066,45.36689],[-84.970659,45.366634],[-84.969479,45.366659],[-84.969473,45.367036],[-84.97066,45.36689]]],[[[-84.970868,45.35566],[-84.97088,45.354849],[-84.968285,45.354871],[-84.968938,45.356462],[-84.970868,45.35566]]],[[[-84.985628,45.352312],[-84.980544,45.348456],[-84.975535,45.348461],[-84.975423,45.355659],[-84.985628,45.352312]]],[[[-84.990415,45.478806],[-84.990403,45.47152],[-84.985264,45.471524],[-84.985308,45.47881],[-84.990415,45.478806]]],[[[-85.036837,45.577382],[-85.036865,45.572669],[-85.031757,45.572648],[-85.031889,45.579758],[-85.036837,45.577382]]],[[[-85.122226,45.351659],[-85.116904,45.35028],[-85.11685,45.357615],[-85.122228,45.357632],[-85.122226,45.351659]]],[[[-85.13273,45.372504],[-85.132728,45.371851],[-85.130114,45.371639],[-85.130118,45.371901],[-85.13273,45.372504]]],[[[-85.509166,45.748604],[-85.509117,45.748475],[-85.508714,45.748477],[-85.508726,45.748605],[-85.509166,45.748604]]]]},"properties":{"GEOID":"1963R","TRIBE_NAME":"LittleTraverseBayBandsofOdawaIndians,Michigan"}},{"type":"Feature","id":303,"geometry":{"type":"MultiPolygon","coordinates":[[[[-98.766486,48.004058],[-98.764854,48.00143],[-98.76291,48.004674],[-98.764715,48.005269],[-98.766486,48.004058]]],[[[-99.119845,48.046365],[-99.086263,48.0287],[-99.047843,48.0438],[-99.048903,48.047272],[-99.119845,48.046365]]],[[[-99.250869,48.078858],[-99.174069,47.846202],[-99.122177,47.839589],[-98.979989,47.872368],[-98.945472,47.83501],[-98.903019,47.820081],[-98.901651,47.785115],[-98.855764,47.749173],[-98.718432,47.805423],[-98.588864,47.794898],[-98.553429,47.770752],[-98.504812,47.775616],[-98.5992,47.945198],[-98.621309,47.914316],[-98.635514,47.919676],[-98.628704,47.937508],[-98.665608,47.964672],[-98.672584,47.998466],[-98.721773,47.996824],[-98.732653,47.978195],[-98.798476,47.950801],[-98.754538,47.982979],[-98.792266,48.001895],[-98.80121,48.056561],[-98.882908,48.025256],[-98.885834,48.009905],[-98.860199,48.01191],[-98.85249,47.984366],[-98.880947,47.994049],[-98.863841,47.999239],[-98.876062,48.006039],[-98.911078,47.994882],[-98.896734,48.026739],[-98.927557,47.996553],[-98.956029,48.001939],[-98.987982,47.984841],[-99.00624,48.044411],[-99.048103,48.040427],[-99.061143,48.011653],[-99.083794,48.017594],[-99.124368,47.993863],[-99.151705,48.02616],[-99.137859,48.041557],[-99.191058,48.042047],[-99.184811,48.069863],[-99.198273,48.049646],[-99.216407,48.050525],[-99.210294,48.079316],[-99.22221,48.062085],[-99.250869,48.078858]]]]},"properties":{"GEOID":"3935R","TRIBE_NAME":"SpiritLakeTribe,NorthDakota"}},{"type":"Feature","id":304,"geometry":{"type":"Polygon","coordinates":[[[-120.897378,40.151003],[-120.897471,40.146922],[-120.887768,40.14733],[-120.892052,40.151109],[-120.897378,40.151003]]]},"properties":{"GEOID":"1380R","TRIBE_NAME":"GreenvilleRancheria"}},{"type":"Feature","id":305,"geometry":{"type":"MultiPolygon","coordinates":[[[[-123.000757,48.028101],[-122.9971,48.025045],[-122.995711,48.025023],[-122.995462,48.025797],[-123.000757,48.028101]]],[[[-123.01189,48.023264],[-123.011879,48.021222],[-123.010082,48.021232],[-123.0101,48.022707],[-123.01189,48.023264]]]]},"properties":{"GEOID":"1655R","TRIBE_NAME":"JamestownS'KlallamTribe"}},{"type":"Feature","id":306,"geometry":{"type":"Polygon","coordinates":[[[-91.547015,29.864768],[-91.542821,29.865766],[-91.531244,29.876862],[-91.52595,29.889746],[-91.53902,29.882817],[-91.547015,29.864768]],[[-91.538714,29.873534],[-91.538064,29.877905],[-91.536538,29.878441],[-91.535319,29.873675],[-91.538714,29.873534]],[[-91.536069,29.88332],[-91.533447,29.880822],[-91.534057,29.880259],[-91.535636,29.882662],[-91.536069,29.88332]],[[-91.534719,29.883413],[-91.535147,29.883928],[-91.534046,29.884668],[-91.533616,29.884114],[-91.534719,29.883413]],[[-91.536538,29.878441],[-91.536992,29.879353],[-91.538335,29.879247],[-91.535904,29.879958],[-91.536538,29.878441]]]},"properties":{"GEOID":"0635R","TRIBE_NAME":"ChitimachaTribeofLouisiana"}},{"type":"Feature","id":307,"geometry":{"type":"MultiPolygon","coordinates":[[[[-87.336433,45.65538],[-87.331586,45.652661],[-87.326277,45.659889],[-87.334922,45.659848],[-87.336433,45.65538]]],[[[-87.339621,45.691636],[-87.336279,45.690261],[-87.331102,45.694211],[-87.339489,45.694247],[-87.339621,45.691636]]],[[[-87.351543,45.695814],[-87.351616,45.69003],[-87.346501,45.68995],[-87.346385,45.695753],[-87.351543,45.695814]]],[[[-87.351959,45.666505],[-87.344019,45.663031],[-87.336072,45.67315],[-87.346691,45.674052],[-87.351959,45.666505]]],[[[-87.35717,45.655589],[-87.34688,45.641585],[-87.336683,45.641591],[-87.344253,45.659506],[-87.35717,45.655589]]],[[[-87.357315,45.632481],[-87.346896,45.630684],[-87.34688,45.641585],[-87.357195,45.641639],[-87.357315,45.632481]]],[[[-87.408,45.764979],[-87.40785,45.757862],[-87.402677,45.757874],[-87.402815,45.764998],[-87.408,45.764979]]],[[[-87.430453,45.736527],[-87.428328,45.729394],[-87.407602,45.725877],[-87.407601,45.743695],[-87.430453,45.736527]],[[-87.417663,45.729426],[-87.417761,45.732965],[-87.412766,45.732993],[-87.412773,45.729428],[-87.417663,45.729426]]],[[[-87.433496,45.729321],[-87.433479,45.725755],[-87.428311,45.725761],[-87.428328,45.729332],[-87.433496,45.729321]]],[[[-87.438682,45.732869],[-87.438665,45.729309],[-87.433496,45.729321],[-87.433513,45.732886],[-87.438682,45.732869]]],[[[-87.448646,45.793278],[-87.439165,45.768394],[-87.433976,45.786211],[-87.408179,45.78285],[-87.408189,45.797447],[-87.448646,45.793278]],[[-87.434017,45.789832],[-87.434062,45.793452],[-87.428888,45.793513],[-87.428843,45.78989],[-87.434017,45.789832]],[[-87.418503,45.786757],[-87.418521,45.79002],[-87.413361,45.790084],[-87.413353,45.786442],[-87.418503,45.786757]]],[[[-87.448614,45.740293],[-87.433653,45.747087],[-87.433811,45.757697],[-87.448557,45.75414],[-87.448614,45.740293]]]]},"properties":{"GEOID":"1410R","TRIBE_NAME":"HannahvilleIndianCommunity,Michigan"}},{"type":"Feature","id":308,"geometry":{"type":"MultiPolygon","coordinates":[[[[-92.619418,41.930463],[-92.605315,41.923659],[-92.60039,41.941675],[-92.619408,41.937965],[-92.619418,41.930463]]],[[[-92.698549,41.99325],[-92.682508,41.97498],[-92.654228,41.978417],[-92.659188,41.96387],[-92.636561,41.963752],[-92.649294,41.962675],[-92.639069,41.949297],[-92.615629,41.960184],[-92.631759,41.985894],[-92.620458,41.99294],[-92.639888,41.989269],[-92.639657,42.014693],[-92.698549,41.99325]],[[-92.668883,42.001314],[-92.66886,42.002549],[-92.666858,42.00252],[-92.666777,42.001766],[-92.668883,42.001314]]]]},"properties":{"GEOID":"3280R","TRIBE_NAME":"Sac&FoxTribeoftheMississippiinIowa"}},{"type":"Feature","id":309,"geometry":{"type":"Polygon","coordinates":[[[-86.253783,44.290111],[-86.253556,44.282298],[-86.243065,44.282452],[-86.243096,44.289648],[-86.253783,44.290111]]]},"properties":{"GEOID":"1960R","TRIBE_NAME":"LittleRiverBandofOttawaIndians,Michigan"}},{"type":"Feature","id":310,"geometry":{"type":"MultiPolygon","coordinates":[[[[-114.482599,34.739094],[-114.481188,34.735408],[-114.478672,34.735406],[-114.478812,34.73906],[-114.482599,34.739094]]],[[[-114.500233,34.764437],[-114.500226,34.76241],[-114.491489,34.755351],[-114.491487,34.764355],[-114.500233,34.764437]]],[[[-114.504445,34.764914],[-114.500233,34.764437],[-114.500284,34.778936],[-114.500537,34.778255],[-114.504445,34.764914]]],[[[-114.507373,34.799837],[-114.500333,34.793466],[-114.500265,34.815327],[-114.50296,34.818224],[-114.507373,34.799837]]],[[[-114.512752,34.837124],[-114.506572,34.832603],[-114.500603,34.828661],[-114.500576,34.837138],[-114.512752,34.837124]]],[[[-114.527164,34.851663],[-114.518133,34.851609],[-114.518156,34.866345],[-114.527124,34.866357],[-114.527164,34.851663]]],[[[-114.529173,34.83688],[-114.528116,34.822556],[-114.523759,34.822555],[-114.523147,34.837118],[-114.529173,34.83688]]],[[[-114.544909,34.873465],[-114.544896,34.866236],[-114.527124,34.866357],[-114.527309,34.880692],[-114.544909,34.873465]]],[[[-114.54997,34.920351],[-114.549433,34.909645],[-114.545007,34.909676],[-114.544992,34.924179],[-114.54997,34.920351]]],[[[-114.559996,34.834282],[-114.529163,34.837145],[-114.529156,34.845469],[-114.544972,34.851507],[-114.559996,34.834282]]],[[[-114.562514,34.953269],[-114.562501,34.938768],[-114.553693,34.938822],[-114.55391,34.953332],[-114.562514,34.953269]]],[[[-114.562518,34.866235],[-114.562413,34.851582],[-114.544898,34.851563],[-114.544896,34.866236],[-114.562518,34.866235]]],[[[-114.562692,34.913261],[-114.553856,34.90966],[-114.553776,34.917003],[-114.56243,34.917035],[-114.562692,34.913261]]],[[[-114.56264,34.887971],[-114.562715,34.880644],[-114.544891,34.880622],[-114.544951,34.895182],[-114.56264,34.887971]]],[[[-114.564759,34.824522],[-114.544616,34.808373],[-114.527174,34.808419],[-114.528116,34.822556],[-114.564759,34.824522]]],[[[-114.580305,34.955243],[-114.562514,34.953269],[-114.562498,34.967984],[-114.580265,34.968154],[-114.580305,34.955243]]],[[[-114.580373,34.931263],[-114.562521,34.924019],[-114.562501,34.938768],[-114.580286,34.9388],[-114.580373,34.931263]]],[[[-114.589946,34.841863],[-114.569939,34.837872],[-114.562413,34.851582],[-114.580027,34.851594],[-114.589946,34.841863]]],[[[-114.597812,34.866192],[-114.597789,34.851578],[-114.580027,34.851594],[-114.580194,34.866241],[-114.597812,34.866192]]],[[[-114.597902,34.895142],[-114.597821,34.880589],[-114.562518,34.866235],[-114.58016,34.895093],[-114.562606,34.895204],[-114.562546,34.909642],[-114.597902,34.895142]]],[[[-114.597952,34.94816],[-114.597903,34.93894],[-114.580286,34.9388],[-114.589224,34.953434],[-114.597952,34.94816]]],[[[-114.597997,34.982414],[-114.597875,34.967926],[-114.580265,34.968154],[-114.58031,34.982488],[-114.597997,34.982414]]],[[[-114.599574,34.850603],[-114.599739,34.850537],[-114.597807,34.848965],[-114.597789,34.851578],[-114.599574,34.850603]]],[[[-114.602467,35.018579],[-114.602447,35.017727],[-114.599556,35.017849],[-114.601086,35.020436],[-114.602467,35.018579]]],[[[-114.6181,34.851095],[-114.617632,34.850945],[-114.617621,34.851682],[-114.618097,34.851683],[-114.6181,34.851095]]],[[[-114.625981,34.862863],[-114.597812,34.866192],[-114.597821,34.880589],[-114.615402,34.880564],[-114.625981,34.862863]]],[[[-114.636737,34.889112],[-114.635138,34.874876],[-114.615402,34.880564],[-114.597844,34.909771],[-114.633258,34.923447],[-114.636737,34.889112]]],[[[-114.68887,34.983185],[-114.65732,34.922431],[-114.615516,34.930978],[-114.580091,34.909691],[-114.608286,34.938823],[-114.597942,34.953446],[-114.607293,35.045795],[-114.649663,35.068093],[-114.678555,35.031854],[-114.636833,35.009364],[-114.629706,34.981709],[-114.68887,34.983185]]],[[[-114.7006,34.890921],[-114.699987,34.886121],[-114.691595,34.886358],[-114.691799,34.891307],[-114.7006,34.890921]]]]},"properties":{"GEOID":"1235R","TRIBE_NAME":"FortMojaveIndianTribeofArizona,California&Nevada"}},{"type":"Feature","id":311,"geometry":{"type":"Polygon","coordinates":[[[-123.509233,39.666674],[-123.494722,39.666066],[-123.494722,39.673298],[-123.504481,39.673186],[-123.509233,39.666674]]]},"properties":{"GEOID":"1925R","TRIBE_NAME":"CahtoTribeoftheLaytonvilleRancheria"}},{"type":"Feature","id":312,"geometry":{"type":"MultiPolygon","coordinates":[[[[-119.756233,38.798096],[-119.756215,38.791144],[-119.751708,38.791116],[-119.751638,38.798502],[-119.756233,38.798096]]],[[[-119.802523,38.801985],[-119.802438,38.794742],[-119.793427,38.794871],[-119.793513,38.801952],[-119.802523,38.801985]]],[[[-119.816206,38.802931],[-119.806756,38.802049],[-119.806763,38.808989],[-119.816119,38.809006],[-119.816206,38.802931]]]]},"properties":{"GEOID":"4665R","TRIBE_NAME":"WashoeTribeofNevada&California(CarsonColony,DresslervilleColony,WoodfordsCommunity,StewartCommunity,&WashoeRanches)"}},{"type":"Feature","id":313,"geometry":{"type":"MultiPolygon","coordinates":[[[[-120.452555,37.930699],[-120.452669,37.930092],[-120.452131,37.929979],[-120.451948,37.930328],[-120.452555,37.930699]]],[[[-120.453672,37.92815],[-120.453674,37.926789],[-120.45137,37.927006],[-120.451372,37.929934],[-120.453672,37.92815]]]]},"properties":{"GEOID":"0620R","TRIBE_NAME":"ChickenRanchRancheriaofMe-WukIndiansofCalifornia"}},{"type":"Feature","id":314,"geometry":{"type":"Polygon","coordinates":[[[-122.335658,37.952165],[-122.333925,37.951755],[-122.333884,37.953811],[-122.334238,37.953481],[-122.335658,37.952165]]]},"properties":{"GEOID":"2075R","TRIBE_NAME":"LyttonRancheriaofCalifornia"}},{"type":"Feature","id":315,"geometry":{"type":"Polygon","coordinates":[[[-118.650454,39.533108],[-118.650239,39.489514],[-118.593849,39.489826],[-118.594345,39.541114],[-118.580294,39.555491],[-118.631583,39.555031],[-118.631968,39.533201],[-118.650454,39.533108]]]},"properties":{"GEOID":"1075R","TRIBE_NAME":"Paiute-ShoshoneTribeoftheFallonReservationandColony,Nevada"}},{"type":"Feature","id":316,"geometry":{"type":"Polygon","coordinates":[[[-105.931788,33.3802],[-105.92964,33.21838],[-105.827447,33.217803],[-105.831378,33.003756],[-105.436217,33.004334],[-105.41886,32.992332],[-105.413093,33.00385],[-105.316234,33.002724],[-105.317386,33.305982],[-105.70893,33.304922],[-105.726041,33.315378],[-105.727181,33.390638],[-105.931788,33.3802]],[[-105.721825,33.311263],[-105.721811,33.307743],[-105.725987,33.307788],[-105.726012,33.31134],[-105.721825,33.311263]]]},"properties":{"GEOID":"2205R","TRIBE_NAME":"MescaleroApacheTribeoftheMescaleroReservation,NewMexico"}},{"type":"Feature","id":317,"geometry":{"type":"Polygon","coordinates":[[[-123.813385,41.157899],[-123.749232,40.991576],[-123.53446,41.038707],[-123.592859,41.207918],[-123.813385,41.157899]]]},"properties":{"GEOID":"1490R","TRIBE_NAME":"HoopaValleyTribe,California"}},{"type":"Feature","id":318,"geometry":{"type":"MultiPolygon","coordinates":[[[[-92.553545,46.036684],[-92.553228,46.036657],[-92.553438,46.038273],[-92.553468,46.037738],[-92.553545,46.036684]]],[[[-92.720781,46.011698],[-92.720772,46.008608],[-92.718514,46.008598],[-92.718514,46.011696],[-92.720781,46.011698]]],[[[-92.830749,45.996071],[-92.830649,45.993001],[-92.825308,45.993004],[-92.825318,45.997038],[-92.830749,45.996071]]],[[[-92.898619,46.010682],[-92.898637,46.006941],[-92.895328,46.006941],[-92.895273,46.01098],[-92.898619,46.010682]]],[[[-93.052371,45.871888],[-93.052256,45.868295],[-93.046795,45.868262],[-93.046808,45.871758],[-93.052371,45.871888]]],[[[-93.253664,46.798074],[-93.244766,46.799074],[-93.244121,46.806665],[-93.253198,46.806364],[-93.253664,46.798074]]],[[[-93.263001,46.540796],[-93.262946,46.537911],[-93.252599,46.537868],[-93.252718,46.541458],[-93.263001,46.540796]]],[[[-93.272499,46.507842],[-93.272549,46.505137],[-93.266638,46.505163],[-93.26668,46.508988],[-93.272499,46.507842]]],[[[-93.278885,46.56281],[-93.278728,46.559101],[-93.273296,46.559021],[-93.273255,46.562886],[-93.278885,46.56281]]],[[[-93.283328,46.523256],[-93.283297,46.51956],[-93.278011,46.519531],[-93.278002,46.523185],[-93.283328,46.523256]]],[[[-93.283466,46.538615],[-93.273399,46.536875],[-93.27343,46.540998],[-93.278627,46.53863],[-93.283466,46.538615]]],[[[-93.289121,46.684569],[-93.274606,46.684558],[-93.274717,46.687236],[-93.286921,46.688348],[-93.289121,46.684569]]],[[[-93.292429,46.782144],[-93.291892,46.780729],[-93.283807,46.781062],[-93.283825,46.78232],[-93.292429,46.782144]]],[[[-93.461803,46.444339],[-93.455571,46.436756],[-93.45088,46.436635],[-93.451261,46.444185],[-93.461803,46.444339]]],[[[-93.503473,46.300433],[-93.503495,46.298061],[-93.494711,46.297977],[-93.494857,46.301784],[-93.503473,46.300433]]],[[[-93.733362,46.409813],[-93.728356,46.409027],[-93.724503,46.412746],[-93.73333,46.412749],[-93.733362,46.409813]]],[[[-93.81092,46.243136],[-93.810534,46.070248],[-93.432453,46.068042],[-93.431892,46.153754],[-93.41973,46.161495],[-93.463333,46.153987],[-93.81092,46.243136]],[[-93.51556,46.069284],[-93.515568,46.069324],[-93.515559,46.069489],[-93.515408,46.069299],[-93.51556,46.069284]]],[[[-93.886127,46.593391],[-93.885375,46.583457],[-93.882627,46.583436],[-93.882778,46.592871],[-93.886127,46.593391]]]]},"properties":{"GEOID":"2270R","TRIBE_NAME":"MinnesotaChippewaTribe,Minnesota(MilleLacsBand)"}},{"type":"Feature","id":319,"geometry":{"type":"Polygon","coordinates":[[[-97.509153,46.030337],[-97.438509,45.805593],[-97.176758,44.945335],[-96.84228,45.643108],[-96.652235,45.746817],[-96.580637,45.824015],[-96.566674,45.906136],[-97.509153,46.030337]]]},"properties":{"GEOID":"1860R","TRIBE_NAME":"Sisseton-WahpetonOyateoftheLakeTraverseReservation,SouthDakota"}},{"type":"Feature","id":320,"geometry":{"type":"MultiPolygon","coordinates":[[[[-121.801709,44.688631],[-121.797691,44.643971],[-121.777763,44.632389],[-121.712493,44.64097],[-121.641094,44.568184],[-121.619662,44.576619],[-121.596898,44.619688],[-121.613575,44.649362],[-121.556269,44.675375],[-121.436746,44.585018],[-121.291621,44.592707],[-121.275938,44.609055],[-121.285796,44.629725],[-121.23149,44.69031],[-121.24774,44.724884],[-121.227472,44.764187],[-121.100892,44.808702],[-121.077729,44.856685],[-121.048501,44.876289],[-121.084528,44.91582],[-121.072948,44.936132],[-121.085509,44.972269],[-121.065081,44.974175],[-121.052373,45.00884],[-121.719009,45.154154],[-121.778621,44.804572],[-121.794105,44.811256],[-121.778947,44.800764],[-121.790306,44.796532],[-121.77959,44.796271],[-121.801709,44.688631]]],[[[-121.80788,44.825716],[-121.807367,44.82503],[-121.803577,44.824344],[-121.80627,44.826807],[-121.80788,44.825716]]],[[[-121.810929,44.820629],[-121.808239,44.819844],[-121.807259,44.820211],[-121.808084,44.821611],[-121.810929,44.820629]]],[[[-121.816118,44.83365],[-121.814036,44.831142],[-121.811044,44.832305],[-121.814098,44.835708],[-121.816118,44.83365]]]]},"properties":{"GEOID":"4545R","TRIBE_NAME":"ConfederatedTribesoftheWarmSpringsReservationofOregon"}},{"type":"Feature","id":321,"geometry":{"type":"Polygon","coordinates":[[[-81.107676,26.299585],[-81.106801,26.255977],[-80.830011,26.259495],[-80.83298,26.330673],[-80.961201,26.316133],[-80.978767,26.345552],[-81.043671,26.344213],[-81.043201,26.329432],[-81.076495,26.343586],[-81.074795,26.300142],[-81.107676,26.299585]],[[-80.998288,26.321258],[-80.996305,26.322018],[-80.996248,26.320168],[-80.998262,26.320139],[-80.998288,26.321258]],[[-81.043201,26.329432],[-81.02663,26.32253],[-81.026748,26.315327],[-81.043231,26.315048],[-81.043201,26.329432]]]},"properties":{"GEOID":"0225R","TRIBE_NAME":"SeminoleTribeofFlorida"}},{"type":"Feature","id":1,"geometry":{"type":"MultiPolygon","coordinates":[[[[-80.495535,25.763118],[-80.481858,25.761609],[-80.482619,25.774199],[-80.484053,25.765392],[-80.495535,25.763118]]],[[[-81.100002,26.321688],[-81.099324,26.299775],[-81.074795,26.300142],[-81.076498,26.34368],[-81.092834,26.343529],[-81.100002,26.321688]]],[[[-81.267473,27.143272],[-81.26768,27.121102],[-81.230231,27.121203],[-81.230264,27.139069],[-81.267473,27.143272]]]]},"properties":{"GEOID":"2240T","TRIBE_NAME":"MiccosukeeTribeofIndians"}},{"type":"Feature","id":2,"geometry":{"type":"MultiPolygon","coordinates":[[[[-88.220499,44.58966],[-88.218395,44.587512],[-88.216203,44.59],[-88.219713,44.590715],[-88.220499,44.58966]]],[[[-88.245066,44.582772],[-88.235648,44.570106],[-88.225815,44.578049],[-88.233848,44.585304],[-88.245066,44.582772]]]]},"properties":{"GEOID":"2560T","TRIBE_NAME":"OneidaNation"}},{"type":"Feature","id":3,"geometry":{"type":"MultiPolygon","coordinates":[[[[-119.919412,45.867552],[-119.909239,45.865661],[-119.909189,45.87296],[-119.919306,45.872986],[-119.919412,45.867552]]],[[[-119.930598,45.852112],[-119.930527,45.84491],[-119.909154,45.844805],[-119.909401,45.851886],[-119.930598,45.852112]]],[[[-119.951172,45.855321],[-119.930598,45.852112],[-119.930483,45.866163],[-119.940947,45.866167],[-119.951172,45.855321]]],[[[-119.982011,45.851997],[-119.971842,45.837802],[-119.951328,45.837817],[-119.951268,45.852034],[-119.982011,45.851997]]],[[[-120.116512,45.794156],[-120.106003,45.794173],[-120.09562,45.808693],[-120.116339,45.808694],[-120.116512,45.794156]]],[[[-120.126654,45.811789],[-120.126791,45.808716],[-120.116339,45.808694],[-120.116431,45.81206],[-120.126654,45.811789]]],[[[-120.147728,45.825562],[-120.137358,45.816209],[-120.095648,45.822879],[-120.116649,45.837544],[-120.147728,45.825562]]],[[[-120.178657,45.820888],[-120.158019,45.815997],[-120.158199,45.829637],[-120.178498,45.829667],[-120.178657,45.820888]]],[[[-120.408952,45.903427],[-120.408589,45.892729],[-120.393882,45.892599],[-120.393592,45.903234],[-120.408952,45.903427]]],[[[-120.409259,45.778289],[-120.408916,45.764095],[-120.387891,45.763917],[-120.38781,45.770981],[-120.409259,45.778289]]],[[[-120.418748,45.875873],[-120.40856,45.874277],[-120.408376,45.881368],[-120.418678,45.881441],[-120.418748,45.875873]]],[[[-120.429509,45.910768],[-120.429125,45.896527],[-120.408952,45.903427],[-120.408722,45.917187],[-120.429509,45.910768]]],[[[-120.429408,45.922757],[-120.429532,45.917264],[-120.418953,45.917226],[-120.418886,45.924613],[-120.429408,45.922757]]],[[[-120.450561,45.77848],[-120.439736,45.771355],[-120.450118,45.728004],[-120.424331,45.727726],[-120.408916,45.764095],[-120.450561,45.77848]]],[[[-120.470501,45.937523],[-120.470482,45.924282],[-120.449923,45.924395],[-120.449965,45.937786],[-120.470501,45.937523]]],[[[-120.470619,45.910562],[-120.470283,45.895891],[-120.449459,45.895841],[-120.449248,45.910538],[-120.470619,45.910562]]],[[[-120.470996,45.720727],[-120.450207,45.724285],[-120.450139,45.727615],[-120.470892,45.727585],[-120.470996,45.720727]]],[[[-120.480454,45.911724],[-120.470619,45.910562],[-120.470213,45.91746],[-120.480463,45.917793],[-120.480454,45.911724]]],[[[-120.501437,45.852703],[-120.501356,45.845729],[-120.460179,45.845754],[-120.460205,45.852947],[-120.501437,45.852703]]],[[[-120.531727,45.838252],[-120.531679,45.831318],[-120.521256,45.831322],[-120.52128,45.838303],[-120.531727,45.838252]]],[[[-120.532727,45.897109],[-120.491266,45.896239],[-120.491153,45.86666],[-120.449845,45.867087],[-120.449805,45.881663],[-120.47043,45.88165],[-120.491341,45.910607],[-120.532698,45.910103],[-120.532727,45.897109]]],[[[-120.532897,45.922946],[-120.533224,45.917001],[-120.522312,45.916835],[-120.522088,45.924201],[-120.532897,45.922946]]],[[[-120.7495,45.88276],[-120.739413,45.882276],[-120.735625,45.887597],[-120.747092,45.884087],[-120.7495,45.88276]]],[[[-120.802253,45.863952],[-120.80223,45.861408],[-120.791239,45.861336],[-120.791255,45.865047],[-120.802253,45.863952]]],[[[-120.895809,45.690383],[-120.885621,45.686818],[-120.885472,45.693874],[-120.895759,45.694045],[-120.895809,45.690383]]],[[[-120.896025,45.665979],[-120.885657,45.665399],[-120.885681,45.672494],[-120.895963,45.672474],[-120.896025,45.665979]]],[[[-120.927088,45.679948],[-120.927103,45.672774],[-120.90639,45.672616],[-120.906299,45.679758],[-120.927088,45.679948]]],[[[-120.9426,45.672861],[-120.94256,45.665621],[-120.93178,45.665655],[-120.931823,45.672877],[-120.9426,45.672861]]],[[[-120.947565,45.687109],[-120.947702,45.680085],[-120.937107,45.680121],[-120.937175,45.687177],[-120.947565,45.687109]]],[[[-120.95761,45.680051],[-120.957597,45.676565],[-120.947769,45.676629],[-120.947702,45.680085],[-120.95761,45.680051]]],[[[-120.968148,45.673103],[-120.968104,45.663335],[-120.947596,45.661562],[-120.947541,45.672975],[-120.968148,45.673103]]],[[[-120.998695,45.662271],[-120.998738,45.658651],[-120.988728,45.658756],[-120.988679,45.662402],[-120.998695,45.662271]]],[[[-120.998793,45.66958],[-120.998714,45.665929],[-120.988638,45.665999],[-120.988573,45.669615],[-120.998793,45.66958]]],[[[-121.019676,45.69464],[-121.019428,45.687701],[-121.009293,45.687644],[-121.009271,45.694673],[-121.019676,45.69464]]],[[[-121.024757,45.665907],[-121.024657,45.661608],[-121.009291,45.658612],[-121.00914,45.666129],[-121.024757,45.665907]]],[[[-121.045052,45.672839],[-121.029787,45.666264],[-121.019265,45.680129],[-121.03496,45.680082],[-121.045052,45.672839]]],[[[-121.060294,45.85523],[-121.060226,45.848045],[-121.050068,45.847992],[-121.050137,45.855211],[-121.060294,45.85523]]],[[[-121.087124,45.81211],[-121.082006,45.811839],[-121.081906,45.819249],[-121.087102,45.819215],[-121.087124,45.81211]]],[[[-121.102631,45.827979],[-121.102674,45.82595],[-121.097468,45.82587],[-121.097486,45.829635],[-121.102631,45.827979]]],[[[-121.11078,45.650977],[-121.110744,45.648805],[-121.105539,45.648515],[-121.105589,45.651015],[-121.11078,45.650977]]],[[[-121.111133,45.657812],[-121.111001,45.654229],[-121.105601,45.654266],[-121.105754,45.657828],[-121.111133,45.657812]]],[[[-121.117993,45.813986],[-121.113283,45.808443],[-121.092692,45.804779],[-121.102568,45.818895],[-121.117993,45.813986]]],[[[-121.118971,45.841942],[-121.107811,45.840416],[-121.107846,45.843917],[-121.118641,45.844045],[-121.118971,45.841942]]],[[[-121.126508,45.659629],[-121.116365,45.65796],[-121.116553,45.665208],[-121.12202,45.665094],[-121.126508,45.659629]]],[[[-121.131721,45.65095],[-121.116456,45.643641],[-121.122154,45.633026],[-121.110415,45.636315],[-121.113988,45.647357],[-121.131721,45.65095]]],[[[-121.154338,45.783254],[-121.154235,45.77592],[-121.144028,45.775994],[-121.144176,45.783189],[-121.154338,45.783254]]],[[[-121.195403,45.811708],[-121.195313,45.797488],[-121.19039,45.797719],[-121.190309,45.811675],[-121.195403,45.811708]]],[[[-121.195604,45.782952],[-121.190776,45.76852],[-121.190937,45.779555],[-121.133904,45.793909],[-121.149155,45.808119],[-121.164652,45.78649],[-121.195604,45.782952]]],[[[-121.274794,45.739529],[-121.259478,45.735985],[-121.254513,45.72524],[-121.254023,45.73973],[-121.274794,45.739529]]],[[[-121.27503,45.715835],[-121.260195,45.71806],[-121.259296,45.725221],[-121.274989,45.725129],[-121.27503,45.715835]]],[[[-121.358882,45.731504],[-121.358701,45.717092],[-121.343248,45.717191],[-121.343417,45.7317],[-121.358882,45.731504]]]]},"properties":{"GEOID":"4690T","TRIBE_NAME":"ConfederatedTribesandBandsoftheYakamaNation"}},{"type":"Feature","id":4,"geometry":{"type":"Polygon","coordinates":[[[-116.965093,40.652244],[-116.964363,40.651844],[-116.963864,40.652479],[-116.964573,40.652834],[-116.965093,40.652244]]]},"properties":{"GEOID":"0165T","TRIBE_NAME":"Te-MoakTribeofWesternShoshoneIndiansofNevada(BattleMountainBand)"}},{"type":"Feature","id":5,"geometry":{"type":"Polygon","coordinates":[[[-115.952606,41.791334],[-115.952606,41.788852],[-115.944014,41.78709],[-115.942202,41.79248],[-115.952606,41.791334]]]},"properties":{"GEOID":"0965T","TRIBE_NAME":"Shoshone-PaiuteTribesoftheDuckValleyReservation,Nevada"}},{"type":"Feature","id":6,"geometry":{"type":"MultiPolygon","coordinates":[[[[-116.112009,48.766161],[-116.106564,48.760691],[-116.098326,48.760682],[-116.103779,48.767982],[-116.112009,48.766161]]],[[[-116.188758,48.71599],[-116.178241,48.717225],[-116.178603,48.727861],[-116.185849,48.722408],[-116.188758,48.71599]]],[[[-116.304704,48.724299],[-116.298954,48.724173],[-116.297932,48.725001],[-116.297921,48.727479],[-116.304704,48.724299]],[[-116.300113,48.725234],[-116.299753,48.725859],[-116.298278,48.725341],[-116.298759,48.724742],[-116.300113,48.725234]]],[[[-116.311554,48.698147],[-116.309521,48.696593],[-116.306817,48.697025],[-116.310616,48.698013],[-116.311554,48.698147]]],[[[-116.319756,48.818312],[-116.319732,48.814736],[-116.313596,48.814656],[-116.313594,48.818306],[-116.319756,48.818312]]],[[[-116.320881,48.701273],[-116.320873,48.700969],[-116.320374,48.700967],[-116.32038,48.70127],[-116.320881,48.701273]]],[[[-116.330735,48.816881],[-116.330724,48.814772],[-116.322466,48.814803],[-116.322452,48.816884],[-116.330735,48.816881]]],[[[-116.36947,48.707468],[-116.368435,48.707394],[-116.368402,48.707762],[-116.369469,48.707762],[-116.36947,48.707468]]],[[[-116.3859,48.611741],[-116.3859,48.60925],[-116.375262,48.609248],[-116.375263,48.612821],[-116.3859,48.611741]]],[[[-116.388471,48.725033],[-116.38006,48.724476],[-116.374499,48.735254],[-116.385929,48.738977],[-116.388471,48.725033]]],[[[-116.389546,48.718868],[-116.382732,48.708045],[-116.369715,48.705078],[-116.369479,48.717196],[-116.389546,48.718868]]],[[[-116.391244,48.609247],[-116.391243,48.601717],[-116.385891,48.601718],[-116.3859,48.60925],[-116.391244,48.609247]]],[[[-116.392829,48.817345],[-116.379935,48.807163],[-116.379109,48.796725],[-116.374303,48.79671],[-116.366574,48.82566],[-116.392829,48.817345]],[[-116.37427,48.816904],[-116.374263,48.818409],[-116.373123,48.81841],[-116.373328,48.817604],[-116.37427,48.816904]]],[[[-116.396664,48.771376],[-116.391964,48.767894],[-116.390395,48.774015],[-116.396654,48.775026],[-116.396664,48.771376]]],[[[-116.40734,48.800322],[-116.407339,48.796872],[-116.396421,48.796872],[-116.396452,48.800243],[-116.40734,48.800322]]],[[[-116.412603,48.789576],[-116.412575,48.787371],[-116.386252,48.791842],[-116.381453,48.799453],[-116.394752,48.815953],[-116.38501,48.830479],[-116.406254,48.835246],[-116.388847,48.846282],[-116.405488,48.842383],[-116.407049,48.829314],[-116.387593,48.796987],[-116.412603,48.789576]]],[[[-116.414131,48.743114],[-116.413299,48.740513],[-116.407615,48.739823],[-116.407571,48.746221],[-116.414131,48.743114]]],[[[-116.439193,48.537304],[-116.439277,48.533792],[-116.436678,48.533792],[-116.43669,48.537328],[-116.439193,48.537304]]],[[[-116.451049,48.924851],[-116.445376,48.919685],[-116.439596,48.92017],[-116.447459,48.926769],[-116.451049,48.924851]]],[[[-116.473376,48.945132],[-116.473371,48.94134],[-116.4624,48.937927],[-116.467781,48.94513],[-116.473376,48.945132]]]]},"properties":{"GEOID":"1800T","TRIBE_NAME":"KootenaiTribeofIdaho"}},{"type":"Feature","id":7,"geometry":{"type":"Polygon","coordinates":[[[-95.386836,39.972428],[-95.386794,39.965275],[-95.377468,39.965445],[-95.377499,39.972566],[-95.386836,39.972428]]]},"properties":{"GEOID":"1590T","TRIBE_NAME":"IowaTribeofKansasandNebraska"}},{"type":"Feature","id":8,"geometry":{"type":"MultiPolygon","coordinates":[[[[-108.167401,36.191853],[-108.167235,36.177265],[-108.148664,36.177133],[-108.148775,36.193035],[-108.167401,36.191853]]],[[[-108.201675,35.870852],[-108.165452,35.884749],[-108.165357,35.899953],[-108.192707,35.892998],[-108.201675,35.870852]]],[[[-108.202164,36.060164],[-108.20213,36.046175],[-108.184935,36.046295],[-108.184811,36.06072],[-108.202164,36.060164]]],[[[-108.202565,36.024081],[-108.185176,36.016992],[-108.184763,36.031779],[-108.193403,36.024078],[-108.202565,36.024081]]],[[[-108.21367,36.691272],[-108.208757,36.69007],[-108.20872,36.694869],[-108.213572,36.694052],[-108.21367,36.691272]]],[[[-108.22035,36.061626],[-108.202136,36.060656],[-108.202059,36.067704],[-108.220351,36.074971],[-108.22035,36.061626]]],[[[-108.220376,36.011257],[-108.21899,35.98671],[-108.202923,35.987824],[-108.213319,36.000371],[-108.202501,36.016935],[-108.220376,36.011257]]],[[[-108.220521,36.0373],[-108.202632,36.031519],[-108.202067,36.046096],[-108.220353,36.045908],[-108.220521,36.0373]]],[[[-108.237991,36.01698],[-108.220211,36.016798],[-108.220356,36.031523],[-108.23778,36.031202],[-108.237991,36.01698]]],[[[-108.238176,36.083313],[-108.238173,36.074993],[-108.220351,36.074971],[-108.220378,36.089659],[-108.238176,36.083313]]],[[[-108.243528,36.707795],[-108.233891,36.707511],[-108.233847,36.711289],[-108.243309,36.711496],[-108.243528,36.707795]]],[[[-108.247407,36.061034],[-108.238219,36.060396],[-108.238157,36.067179],[-108.247301,36.067272],[-108.247407,36.061034]]],[[[-108.248168,36.1605],[-108.247841,36.155583],[-108.238889,36.15553],[-108.238954,36.162685],[-108.248168,36.1605]]],[[[-108.256024,36.120031],[-108.220136,36.104255],[-108.220378,36.089659],[-108.166769,36.104046],[-108.166931,36.089913],[-108.193071,36.081599],[-108.184811,36.06072],[-108.167031,36.060852],[-108.185019,36.036561],[-108.166114,36.031899],[-108.165544,35.987858],[-108.138257,35.972991],[-108.111546,35.987558],[-108.092736,35.958509],[-108.074571,35.958432],[-108.056358,35.9874],[-108.021969,35.987801],[-108.02209,36.002315],[-108.057332,36.002463],[-108.066851,35.987461],[-108.150587,36.002789],[-108.149314,36.031976],[-108.094725,36.03246],[-108.094332,36.046713],[-108.130121,36.046367],[-108.130589,36.076201],[-108.14842,36.076441],[-108.148421,36.08968],[-108.130464,36.089587],[-108.131518,36.104505],[-108.112326,36.104467],[-108.094556,36.133798],[-108.130976,36.126367],[-108.130781,36.155138],[-108.167442,36.162734],[-108.167235,36.177265],[-108.185703,36.169946],[-108.203252,36.191878],[-108.238187,36.191943],[-108.22031,36.119015],[-108.229045,36.133446],[-108.255989,36.133404],[-108.256024,36.120031]],[[-108.211542,36.14114],[-108.211528,36.148438],[-108.203007,36.148504],[-108.202797,36.141028],[-108.211542,36.14114]],[[-108.202517,36.132198],[-108.18089,36.148192],[-108.139406,36.140282],[-108.148808,36.126554],[-108.166423,36.126714],[-108.166371,36.108329],[-108.202516,36.119202],[-108.202517,36.132198]],[[-108.159606,36.088066],[-108.159459,36.091722],[-108.155215,36.091561],[-108.155167,36.089899],[-108.159606,36.088066]],[[-108.220136,36.104255],[-108.220419,36.111624],[-108.211825,36.111617],[-108.211937,36.104248],[-108.220136,36.104255]],[[-108.220691,36.162513],[-108.220481,36.169827],[-108.212113,36.169797],[-108.212242,36.162497],[-108.220691,36.162513]],[[-108.203007,36.148504],[-108.202847,36.162602],[-108.184714,36.155048],[-108.184602,36.148246],[-108.203007,36.148504]]],[[[-108.26191,35.894426],[-108.245314,35.885572],[-108.253013,35.870578],[-108.235354,35.870428],[-108.226017,35.891096],[-108.200552,35.885531],[-108.20142,35.900202],[-108.236048,35.900303],[-108.236055,35.914271],[-108.253918,35.914569],[-108.26191,35.894426]]],[[[-108.265004,36.020094],[-108.23778,36.031202],[-108.246608,36.053309],[-108.256093,36.053292],[-108.265004,36.020094]]],[[[-108.270786,35.856626],[-108.270025,35.726714],[-108.252414,35.718437],[-108.269926,35.711462],[-108.252329,35.681098],[-108.269702,35.681475],[-108.26959,35.666738],[-108.181141,35.667264],[-108.181482,35.689189],[-108.161652,35.69639],[-108.171852,35.710985],[-108.136278,35.710946],[-108.145724,35.667477],[-108.127273,35.6743],[-108.127807,35.652581],[-108.140743,35.639461],[-108.10531,35.623716],[-108.10541,35.609339],[-108.051604,35.60942],[-108.069498,35.580872],[-107.990431,35.601658],[-107.998127,35.580155],[-107.971849,35.566343],[-107.968027,35.592167],[-107.927218,35.608206],[-107.945419,35.62307],[-107.936935,35.652971],[-107.97328,35.638232],[-107.998378,35.638303],[-108.003512,35.652961],[-108.00309,35.66679],[-107.94947,35.666918],[-107.949678,35.73955],[-108.003411,35.72494],[-108.003333,35.739195],[-108.037972,35.725558],[-108.038244,35.739844],[-108.074358,35.739981],[-108.074258,35.710722],[-108.091984,35.710723],[-108.092143,35.696039],[-108.056688,35.681325],[-108.056508,35.652958],[-108.074705,35.652863],[-108.082805,35.681348],[-108.127749,35.710765],[-108.092043,35.710778],[-108.092326,35.754311],[-108.074755,35.754146],[-108.074388,35.768854],[-108.127848,35.768872],[-108.110087,35.739905],[-108.145732,35.746899],[-108.145919,35.768801],[-108.163662,35.768768],[-108.163536,35.783009],[-108.145909,35.783285],[-108.145925,35.798236],[-108.163422,35.79824],[-108.146792,35.826844],[-108.183737,35.841213],[-108.165578,35.871395],[-108.218669,35.857163],[-108.21736,35.827212],[-108.252768,35.827457],[-108.253267,35.856694],[-108.270786,35.856626]],[[-108.218877,35.71136],[-108.218279,35.754203],[-108.20825,35.754601],[-108.189694,35.725986],[-108.218877,35.71136]],[[-108.208265,35.696797],[-108.208031,35.704363],[-108.19948,35.704452],[-108.199337,35.697101],[-108.208265,35.696797]],[[-108.201098,35.817544],[-108.191966,35.819454],[-108.191967,35.812199],[-108.201005,35.812077],[-108.201098,35.817544]],[[-108.181275,35.746335],[-108.17254,35.747769],[-108.17254,35.740601],[-108.181223,35.740601],[-108.181275,35.746335]],[[-108.118956,35.673148],[-108.109893,35.674057],[-108.110047,35.667163],[-108.118942,35.66715],[-108.118956,35.673148]],[[-108.118708,35.659551],[-108.110101,35.659969],[-108.1098,35.652705],[-108.118705,35.652684],[-108.118708,35.659551]],[[-108.033484,35.652865],[-108.024149,35.653215],[-108.024204,35.638361],[-108.033102,35.638353],[-108.033484,35.652865]],[[-107.981805,35.608636],[-107.981739,35.616225],[-107.972427,35.616224],[-107.972427,35.608641],[-107.981805,35.608636]],[[-107.963562,35.614248],[-107.953496,35.616295],[-107.953496,35.608634],[-107.963536,35.608643],[-107.963562,35.614248]],[[-108.051585,35.594551],[-108.042354,35.594555],[-108.042589,35.588404],[-108.051312,35.588127],[-108.051585,35.594551]],[[-108.074258,35.710722],[-107.984418,35.710691],[-107.984119,35.696248],[-108.050259,35.696056],[-108.056327,35.707139],[-108.065594,35.68873],[-108.074258,35.710722]],[[-108.127887,35.739955],[-108.127583,35.724911],[-108.145359,35.725213],[-108.145457,35.739776],[-108.127887,35.739955]],[[-108.145732,35.746899],[-108.145541,35.739917],[-108.154156,35.739859],[-108.154076,35.746929],[-108.145732,35.746899]],[[-108.183737,35.841213],[-108.183977,35.827151],[-108.20126,35.826303],[-108.201194,35.84121],[-108.183737,35.841213]],[[-108.252329,35.681098],[-108.241642,35.681512],[-108.241879,35.673725],[-108.252151,35.673688],[-108.252329,35.681098]],[[-108.252518,35.725783],[-108.2528,35.739972],[-108.234959,35.733369],[-108.235035,35.726105],[-108.252518,35.725783]]],[[[-108.271338,35.885351],[-108.271312,35.8778],[-108.261715,35.878097],[-108.261971,35.885345],[-108.271338,35.885351]]],[[[-108.271452,35.914558],[-108.271398,35.900405],[-108.261896,35.900377],[-108.261884,35.914564],[-108.271452,35.914558]]],[[[-108.271839,36.147457],[-108.271808,36.133409],[-108.255989,36.133404],[-108.255953,36.147521],[-108.271839,36.147457]]],[[[-108.271842,36.227555],[-108.271689,36.192028],[-108.256964,36.19201],[-108.256892,36.216221],[-108.167273,36.207177],[-108.167907,36.228366],[-108.151513,36.235846],[-108.212411,36.235905],[-108.203286,36.221333],[-108.238285,36.221395],[-108.230375,36.242775],[-108.261233,36.249958],[-108.271842,36.227555]]],[[[-108.271858,36.155714],[-108.255995,36.155335],[-108.256776,36.16258],[-108.271856,36.162845],[-108.271858,36.155714]]],[[[-108.271878,36.119132],[-108.271823,36.104232],[-108.256117,36.104193],[-108.256026,36.119097],[-108.271878,36.119132]]],[[[-108.272229,36.000021],[-108.27211,35.986879],[-108.253622,35.986618],[-108.255077,36.002201],[-108.272229,36.000021]]],[[[-108.272252,36.48374],[-108.271652,36.286644],[-108.211706,36.286577],[-108.203205,36.264242],[-108.153048,36.264108],[-108.1531,36.29673],[-108.103247,36.335873],[-108.126789,36.361703],[-108.12627,36.407673],[-108.072032,36.407886],[-108.071719,36.386743],[-108.027419,36.401687],[-108.063036,36.401343],[-108.054914,36.422298],[-108.010329,36.422381],[-107.991741,36.401091],[-108.02783,36.393748],[-108.026661,36.350244],[-107.999666,36.350495],[-108.000027,36.372388],[-107.982473,36.379147],[-107.963481,36.356634],[-107.946739,36.371423],[-107.929413,36.365283],[-107.929604,36.386474],[-107.954601,36.393551],[-107.919262,36.400226],[-107.919322,36.416272],[-107.946913,36.408463],[-107.946799,36.430523],[-107.964974,36.443934],[-107.97322,36.408507],[-107.982326,36.443824],[-108.007595,36.447348],[-108.009887,36.465851],[-107.963796,36.466019],[-107.963585,36.48117],[-107.982222,36.473802],[-107.983377,36.560282],[-108.018482,36.621553],[-108.040159,36.617746],[-108.03624,36.639803],[-108.055017,36.637067],[-108.071989,36.66229],[-108.108013,36.654749],[-108.104626,36.69044],[-108.156666,36.64754],[-108.202952,36.651002],[-108.19252,36.676102],[-108.270202,36.673964],[-108.272252,36.48374]],[[-108.219988,36.662217],[-108.219719,36.669451],[-108.215556,36.669331],[-108.215574,36.662161],[-108.219988,36.662217]],[[-108.214103,36.378194],[-108.196396,36.378938],[-108.196394,36.364839],[-108.214103,36.364839],[-108.214103,36.378194]],[[-108.161094,36.606976],[-108.161095,36.610921],[-108.152785,36.61096],[-108.15278,36.60334],[-108.161094,36.606976]],[[-108.145412,36.437304],[-108.144662,36.452209],[-108.117485,36.452116],[-108.126656,36.436951],[-108.145412,36.437304]],[[-108.144649,36.428553],[-108.117433,36.429166],[-108.108546,36.437726],[-108.108454,36.421576],[-108.144649,36.428553]],[[-108.144267,36.625603],[-108.139727,36.626084],[-108.139604,36.62256],[-108.144257,36.622536],[-108.144267,36.625603]],[[-108.143958,36.604392],[-108.143635,36.611105],[-108.134478,36.611047],[-108.134584,36.604477],[-108.143958,36.604392]],[[-108.135603,36.553639],[-108.135485,36.567658],[-108.117188,36.567691],[-108.117219,36.55356],[-108.135603,36.553639]],[[-108.126422,36.485652],[-108.117151,36.488647],[-108.117143,36.480904],[-108.126407,36.480862],[-108.126422,36.485652]],[[-108.090256,36.545874],[-108.090012,36.56761],[-108.054212,36.581935],[-108.05432,36.545884],[-108.090256,36.545874]],[[-108.08892,36.430198],[-108.072227,36.43721],[-108.063171,36.422308],[-108.085679,36.422317],[-108.08892,36.430198]],[[-108.072744,36.451933],[-108.071808,36.466776],[-108.045124,36.459353],[-108.045038,36.451865],[-108.072744,36.451933]],[[-108.057883,36.611403],[-108.057748,36.61483],[-108.054473,36.614934],[-108.054338,36.611401],[-108.057883,36.611403]],[[-108.054231,36.595184],[-108.036423,36.596532],[-108.036143,36.582127],[-108.045429,36.582127],[-108.054231,36.595184]],[[-108.054143,36.473013],[-108.054143,36.48073],[-108.044894,36.48073],[-108.044894,36.473013],[-108.054143,36.473013]],[[-108.053925,36.534491],[-108.018202,36.539037],[-108.008842,36.524667],[-108.053749,36.524543],[-108.053925,36.534491]],[[-108.036234,36.448522],[-108.018406,36.451574],[-108.018244,36.436361],[-108.036026,36.436312],[-108.036234,36.448522]],[[-107.973402,36.393335],[-107.973402,36.40127],[-107.964364,36.40127],[-107.964364,36.393335],[-107.973402,36.393335]],[[-107.954508,36.386129],[-107.954473,36.379161],[-107.963481,36.379162],[-107.963564,36.386143],[-107.954508,36.386129]],[[-108.000394,36.393691],[-107.991311,36.393709],[-107.991311,36.386886],[-108.000422,36.386886],[-108.000394,36.393691]]],[[[-108.273814,34.945686],[-108.256436,34.945375],[-108.256397,34.959304],[-108.273588,34.959803],[-108.273814,34.945686]]],[[[-108.328711,34.979048],[-108.328709,34.973951],[-108.319697,34.97403],[-108.31966,34.981394],[-108.328711,34.979048]]],[[[-108.346064,34.971558],[-108.328721,34.970357],[-108.328694,34.97387],[-108.345995,34.973791],[-108.346064,34.971558]]],[[[-108.346311,35.003413],[-108.345982,34.988457],[-108.32862,34.988791],[-108.328689,35.003284],[-108.346311,35.003413]]],[[[-108.36219,34.699979],[-108.344918,34.696934],[-108.344669,34.711666],[-108.362058,34.711836],[-108.36219,34.699979]]],[[[-108.363745,35.066514],[-108.346263,35.060757],[-108.346434,35.075235],[-108.363678,35.075214],[-108.363745,35.066514]]],[[[-108.364043,35.035394],[-108.364044,35.031843],[-108.354949,35.03184],[-108.359337,35.042458],[-108.364043,35.035394]]],[[[-108.364082,34.985403],[-108.364325,34.973498],[-108.345995,34.973791],[-108.345982,34.988457],[-108.364082,34.985403]]],[[[-108.382445,35.090631],[-108.381935,35.075502],[-108.363678,35.075214],[-108.363735,35.09055],[-108.382445,35.090631]]],[[[-108.396748,34.750052],[-108.397093,34.740849],[-108.37922,34.740364],[-108.379243,34.755007],[-108.396748,34.750052]]],[[[-108.399021,35.075209],[-108.399008,35.06068],[-108.381533,35.060663],[-108.381935,35.075502],[-108.399021,35.075209]]],[[[-108.399141,34.986553],[-108.399158,34.980319],[-108.381754,34.980064],[-108.381682,34.987306],[-108.399141,34.986553]]],[[[-108.39923,35.002507],[-108.381622,35.00148],[-108.381525,35.01712],[-108.398894,35.017745],[-108.39923,35.002507]]],[[[-108.414338,34.760187],[-108.396765,34.755136],[-108.396699,34.769669],[-108.414106,34.769619],[-108.414338,34.760187]]],[[[-108.416517,35.087277],[-108.412355,35.075081],[-108.399021,35.075209],[-108.399367,35.089848],[-108.416517,35.087277]]],[[[-108.416839,35.060083],[-108.41675,35.04634],[-108.398986,35.053543],[-108.399008,35.06068],[-108.416839,35.060083]]],[[[-108.417136,35.119011],[-108.416845,35.104304],[-108.399132,35.104634],[-108.399472,35.119127],[-108.417136,35.119011]]],[[[-108.417276,35.002564],[-108.417009,34.995127],[-108.399137,34.987771],[-108.399234,35.002478],[-108.417276,35.002564]]],[[[-108.434779,35.035814],[-108.416544,35.032115],[-108.41675,35.04634],[-108.434402,35.046003],[-108.434779,35.035814]]],[[[-108.43551,34.988536],[-108.435375,34.973132],[-108.416743,34.973577],[-108.416804,34.980992],[-108.43551,34.988536]]],[[[-108.440724,35.5233],[-108.44033,35.509296],[-108.42363,35.509249],[-108.423919,35.523289],[-108.440724,35.5233]]],[[[-108.449856,34.769491],[-108.45007,34.755167],[-108.432292,34.75521],[-108.431953,34.769545],[-108.449856,34.769491]]],[[[-108.452407,35.061456],[-108.416839,35.060083],[-108.416745,35.07502],[-108.451955,35.075473],[-108.452407,35.061456]]],[[[-108.453203,34.992446],[-108.43551,34.988536],[-108.434923,35.00268],[-108.452218,35.003143],[-108.453203,34.992446]]],[[[-108.469214,34.931102],[-108.451063,34.929235],[-108.450643,34.944123],[-108.468624,34.944128],[-108.469214,34.931102]]],[[[-108.469874,35.047301],[-108.452282,35.046248],[-108.45242,35.060996],[-108.469812,35.060846],[-108.469874,35.047301]]],[[[-108.469936,35.010348],[-108.469932,35.00313],[-108.452218,35.003143],[-108.452175,35.010398],[-108.469936,35.010348]]],[[[-108.487774,35.000042],[-108.487544,34.987707],[-108.469632,34.988396],[-108.469932,35.00313],[-108.487774,35.000042]]],[[[-108.501242,36.83369],[-108.488794,36.821673],[-108.458484,36.843052],[-108.490789,36.850267],[-108.501242,36.83369]]],[[[-108.50244,34.784867],[-108.502339,34.777415],[-108.492994,34.777632],[-108.492835,34.785024],[-108.50244,34.784867]]],[[[-108.504982,34.987947],[-108.504034,34.974257],[-108.495106,34.973975],[-108.496118,34.987873],[-108.504982,34.987947]]],[[[-108.506138,35.018849],[-108.505471,35.003351],[-108.487258,35.002352],[-108.488603,35.01794],[-108.506138,35.018849]]],[[[-108.513071,34.931106],[-108.503221,34.929689],[-108.503355,34.93338],[-108.51271,34.932883],[-108.513071,34.931106]]],[[[-108.519573,34.931752],[-108.514937,34.929807],[-108.505726,34.943818],[-108.519292,34.944201],[-108.519573,34.931752]]],[[[-108.522554,35.14585],[-108.522598,35.140453],[-108.514177,35.140775],[-108.513768,35.14793],[-108.522554,35.14585]]],[[[-108.523879,34.992034],[-108.504982,34.987947],[-108.505471,35.003351],[-108.523494,35.004215],[-108.523879,34.992034]]],[[[-108.539919,35.162464],[-108.539903,35.148029],[-108.522538,35.147969],[-108.52221,35.162375],[-108.539919,35.162464]]],[[[-108.541567,35.034897],[-108.488186,35.04638],[-108.451863,35.090046],[-108.434143,35.090059],[-108.452007,35.133259],[-108.54012,35.09045],[-108.541567,35.034897]],[[-108.48767,35.087742],[-108.469766,35.09002],[-108.469898,35.075799],[-108.487425,35.075546],[-108.48767,35.087742]],[[-108.503786,35.104554],[-108.49633,35.104597],[-108.491875,35.097134],[-108.504234,35.097187],[-108.503786,35.104554]]],[[[-108.547905,35.638546],[-108.547896,35.62409],[-108.51235,35.62404],[-108.511849,35.653428],[-108.547905,35.638546]]],[[[-108.572173,34.81409],[-108.571983,34.799508],[-108.555386,34.798679],[-108.555104,34.813568],[-108.572173,34.81409]]],[[[-108.572526,34.829181],[-108.554917,34.828383],[-108.555104,34.813568],[-108.517934,34.799154],[-108.518081,34.784844],[-108.484989,34.799067],[-108.485045,34.813485],[-108.431845,34.798782],[-108.431953,34.769545],[-108.362362,34.798703],[-108.361691,34.725925],[-108.327848,34.711766],[-108.3279,34.696877],[-108.273284,34.697219],[-108.27351,34.712089],[-108.256246,34.711807],[-108.247285,34.755546],[-108.257011,34.784625],[-108.274043,34.784538],[-108.273699,34.799306],[-108.242005,34.806192],[-108.255336,34.814021],[-108.256224,34.872307],[-108.272903,34.872106],[-108.273643,34.886769],[-108.256181,34.886821],[-108.255964,34.93447],[-108.292439,34.945137],[-108.30154,34.974651],[-108.310855,34.959331],[-108.37961,34.959301],[-108.380338,34.944195],[-108.398111,34.944164],[-108.397584,34.959225],[-108.450862,34.959171],[-108.433721,34.928883],[-108.468825,34.91466],[-108.45052,34.88591],[-108.485084,34.871605],[-108.485187,34.842738],[-108.537114,34.872475],[-108.572526,34.829181]],[[-108.537799,34.834609],[-108.53776,34.842537],[-108.520098,34.842837],[-108.519857,34.828297],[-108.537799,34.834609]],[[-108.432162,34.838444],[-108.414767,34.842529],[-108.414756,34.82814],[-108.432137,34.828093],[-108.432162,34.838444]],[[-108.397542,34.869406],[-108.380062,34.871835],[-108.379632,34.857191],[-108.397324,34.8571],[-108.397542,34.869406]],[[-108.3709,34.816896],[-108.370867,34.820647],[-108.362252,34.820607],[-108.362105,34.816917],[-108.3709,34.816896]],[[-108.353296,34.837758],[-108.349053,34.83914],[-108.349005,34.835422],[-108.353054,34.83543],[-108.353296,34.837758]],[[-108.345281,34.886502],[-108.326744,34.886583],[-108.326732,34.871682],[-108.344681,34.871622],[-108.345281,34.886502]],[[-108.344721,34.784302],[-108.343734,34.798827],[-108.326542,34.798825],[-108.326838,34.784228],[-108.344721,34.784302]],[[-108.32713,34.828261],[-108.325527,34.842715],[-108.307578,34.842654],[-108.308585,34.828214],[-108.32713,34.828261]],[[-108.326747,34.926434],[-108.308844,34.929856],[-108.309006,34.916173],[-108.326485,34.915916],[-108.326747,34.926434]],[[-108.30939,34.783868],[-108.308519,34.798772],[-108.291616,34.799166],[-108.291722,34.784359],[-108.30939,34.783868]],[[-108.296218,34.762445],[-108.296141,34.766263],[-108.291896,34.766236],[-108.291893,34.762437],[-108.296218,34.762445]],[[-108.272903,34.872106],[-108.273014,34.85764],[-108.28999,34.85701],[-108.290911,34.871891],[-108.272903,34.872106]],[[-108.326876,34.740212],[-108.326925,34.755514],[-108.309875,34.755536],[-108.309835,34.740318],[-108.326876,34.740212]],[[-108.344345,34.725789],[-108.344346,34.73995],[-108.326876,34.740212],[-108.327155,34.725785],[-108.344345,34.725789]],[[-108.39735,34.931024],[-108.379817,34.930128],[-108.380646,34.915789],[-108.398288,34.915667],[-108.39735,34.931024]],[[-108.416126,34.930541],[-108.415815,34.944136],[-108.398131,34.944161],[-108.39735,34.931024],[-108.416126,34.930541]],[[-108.433721,34.928883],[-108.416126,34.930541],[-108.416589,34.916338],[-108.43358,34.914916],[-108.433721,34.928883]],[[-108.45052,34.88591],[-108.433779,34.886082],[-108.433177,34.871785],[-108.450422,34.871597],[-108.45052,34.88591]],[[-108.533158,34.806564],[-108.533226,34.810178],[-108.52875,34.810017],[-108.529013,34.806749],[-108.533158,34.806564]],[[-108.519857,34.828297],[-108.512242,34.828236],[-108.511177,34.820692],[-108.519958,34.82063],[-108.519857,34.828297]],[[-108.380062,34.871835],[-108.380061,34.886332],[-108.362394,34.886634],[-108.3623,34.871932],[-108.380062,34.871835]],[[-108.291722,34.784359],[-108.274164,34.784536],[-108.274035,34.770828],[-108.291891,34.770759],[-108.291722,34.784359]]],[[[-108.5825,35.645188],[-108.5658,35.638876],[-108.569541,35.659629],[-108.573333,35.645378],[-108.5825,35.645188]]],[[[-108.635373,35.400566],[-108.635371,35.392668],[-108.629193,35.39265],[-108.629188,35.400582],[-108.635373,35.400566]]],[[[-108.662432,35.54106],[-108.653445,35.537658],[-108.653419,35.54465],[-108.660939,35.545147],[-108.662432,35.54106]]],[[[-108.690362,35.550137],[-108.689086,35.537538],[-108.669791,35.537476],[-108.671504,35.550689],[-108.690362,35.550137]]],[[[-108.698036,35.306885],[-108.697861,35.292574],[-108.680782,35.292606],[-108.680628,35.30714],[-108.698036,35.306885]]],[[[-108.705807,35.59548],[-108.688174,35.594629],[-108.690577,35.557862],[-108.653404,35.565114],[-108.653419,35.54465],[-108.617245,35.538736],[-108.634734,35.565224],[-108.611978,35.565853],[-108.582471,35.525484],[-108.491765,35.499985],[-108.449528,35.500338],[-108.449943,35.538833],[-108.413429,35.522947],[-108.396663,35.538607],[-108.370367,35.523419],[-108.370031,35.480672],[-108.352335,35.480284],[-108.352342,35.452229],[-108.317603,35.452094],[-108.299528,35.423743],[-108.247484,35.423751],[-108.247951,35.409124],[-108.140207,35.40956],[-108.139947,35.423813],[-108.158073,35.42399],[-108.140395,35.437506],[-108.158014,35.465159],[-108.139964,35.46541],[-108.13992,35.47926],[-108.122258,35.47961],[-108.122227,35.465592],[-108.1053,35.465754],[-108.104463,35.479435],[-108.016594,35.478845],[-108.014502,35.537628],[-108.033701,35.537723],[-108.069498,35.580872],[-108.140452,35.62422],[-108.140743,35.639461],[-108.158238,35.639415],[-108.145724,35.667477],[-108.163203,35.667535],[-108.175323,35.638706],[-108.192396,35.638776],[-108.199903,35.6665],[-108.216588,35.652755],[-108.281976,35.653386],[-108.281907,35.639108],[-108.300461,35.639161],[-108.287269,35.658512],[-108.352991,35.645718],[-108.378405,35.658408],[-108.379097,35.610369],[-108.405244,35.610107],[-108.405039,35.624469],[-108.387673,35.617565],[-108.387757,35.639209],[-108.405,35.639336],[-108.394835,35.658528],[-108.446449,35.659089],[-108.476591,35.646271],[-108.475934,35.624175],[-108.51235,35.62404],[-108.511701,35.595209],[-108.529527,35.587481],[-108.52941,35.610107],[-108.547742,35.610022],[-108.547896,35.62409],[-108.617274,35.609385],[-108.592473,35.659547],[-108.657634,35.659758],[-108.70497,35.637694],[-108.705283,35.623549],[-108.670442,35.609161],[-108.705607,35.60895],[-108.705807,35.59548]],[[-108.618184,35.638576],[-108.617899,35.652585],[-108.608647,35.652493],[-108.609078,35.638544],[-108.618184,35.638576]],[[-108.617428,35.579821],[-108.617347,35.587963],[-108.61307,35.587839],[-108.61252,35.579828],[-108.617428,35.579821]],[[-108.608027,35.586681],[-108.599573,35.587642],[-108.599484,35.579592],[-108.607989,35.579742],[-108.608027,35.586681]],[[-108.582168,35.59218],[-108.529544,35.580456],[-108.529283,35.554221],[-108.565331,35.565924],[-108.582168,35.59218]],[[-108.556215,35.594545],[-108.556092,35.60196],[-108.547316,35.602089],[-108.547286,35.594654],[-108.556215,35.594545]],[[-108.545727,35.535244],[-108.545728,35.538174],[-108.528735,35.538117],[-108.528735,35.535227],[-108.545727,35.535244]],[[-108.518372,35.575583],[-108.511174,35.580383],[-108.510261,35.566276],[-108.51833,35.566326],[-108.518372,35.575583]],[[-108.50623,35.614999],[-108.493626,35.617711],[-108.493691,35.610203],[-108.506227,35.610186],[-108.50623,35.614999]],[[-108.493758,35.601737],[-108.485286,35.60198],[-108.485134,35.594759],[-108.49357,35.594859],[-108.493758,35.601737]],[[-108.476104,35.59473],[-108.457756,35.596035],[-108.457868,35.588],[-108.476089,35.587501],[-108.476104,35.59473]],[[-108.406227,35.552563],[-108.406153,35.559401],[-108.387613,35.559372],[-108.387652,35.552517],[-108.406227,35.552563]],[[-108.387826,35.581355],[-108.378998,35.581442],[-108.370328,35.596185],[-108.370355,35.56673],[-108.38751,35.566858],[-108.387826,35.581355]],[[-108.36193,35.523675],[-108.353282,35.538367],[-108.317364,35.538423],[-108.326438,35.50876],[-108.335722,35.523769],[-108.36193,35.523675]],[[-108.353214,35.60956],[-108.335187,35.610056],[-108.335481,35.602767],[-108.353153,35.60292],[-108.353214,35.60956]],[[-108.334955,35.623848],[-108.317442,35.625174],[-108.31757,35.61021],[-108.33491,35.610299],[-108.334955,35.623848]],[[-108.326584,35.566516],[-108.326555,35.5738],[-108.317993,35.573775],[-108.317639,35.566299],[-108.326584,35.566516]],[[-108.31134,35.581621],[-108.307506,35.581929],[-108.307428,35.58009],[-108.311337,35.580114],[-108.31134,35.581621]],[[-108.264223,35.61769],[-108.264165,35.624707],[-108.254374,35.624545],[-108.254413,35.617566],[-108.264223,35.61769]],[[-108.229051,35.622973],[-108.220975,35.624363],[-108.220447,35.617976],[-108.228599,35.61779],[-108.229051,35.622973]],[[-108.228943,35.58111],[-108.228688,35.595535],[-108.210436,35.595433],[-108.210408,35.58107],[-108.228943,35.58111]],[[-108.210483,35.631879],[-108.210443,35.63869],[-108.201352,35.638596],[-108.20122,35.631739],[-108.210483,35.631879]],[[-108.175442,35.569314],[-108.140248,35.609543],[-108.122739,35.609555],[-108.157784,35.566444],[-108.175442,35.569314]],[[-108.157554,35.510565],[-108.157503,35.521507],[-108.130609,35.521466],[-108.139684,35.507419],[-108.157554,35.510565]],[[-108.121932,35.537917],[-108.105529,35.537804],[-108.105923,35.521633],[-108.121785,35.521486],[-108.121932,35.537917]],[[-108.086888,35.569235],[-108.086899,35.573494],[-108.07936,35.573385],[-108.079239,35.566156],[-108.086888,35.569235]],[[-108.041668,35.543915],[-108.041678,35.53778],[-108.051167,35.537847],[-108.051311,35.544034],[-108.041668,35.543915]],[[-108.105262,35.594989],[-108.10508,35.580652],[-108.122626,35.580897],[-108.122575,35.594953],[-108.105262,35.594989]],[[-108.247484,35.423751],[-108.247323,35.431033],[-108.229222,35.437898],[-108.229557,35.423783],[-108.247484,35.423751]],[[-108.440221,35.623882],[-108.457616,35.624442],[-108.457573,35.627857],[-108.440348,35.62739],[-108.440221,35.623882]],[[-108.440651,35.609865],[-108.440221,35.623882],[-108.422581,35.623981],[-108.422889,35.609825],[-108.440651,35.609865]],[[-108.467131,35.616913],[-108.451085,35.617006],[-108.441079,35.601629],[-108.467997,35.601779],[-108.467131,35.616913]],[[-108.475934,35.624175],[-108.466833,35.624221],[-108.467131,35.616913],[-108.475301,35.616881],[-108.475934,35.624175]],[[-108.670442,35.609161],[-108.653369,35.609179],[-108.653341,35.594861],[-108.670317,35.594725],[-108.670442,35.609161]],[[-108.565331,35.565924],[-108.565422,35.552182],[-108.582064,35.552112],[-108.581641,35.566073],[-108.565331,35.565924]],[[-108.441437,35.580377],[-108.441388,35.595935],[-108.423747,35.588683],[-108.423703,35.580287],[-108.441437,35.580377]],[[-108.493269,35.566765],[-108.493415,35.580594],[-108.441437,35.580377],[-108.441449,35.566602],[-108.458018,35.566654],[-108.458149,35.538746],[-108.475862,35.538742],[-108.475816,35.566709],[-108.493269,35.566765]],[[-108.510261,35.566276],[-108.493269,35.566765],[-108.493269,35.551502],[-108.510298,35.551561],[-108.510261,35.566276]],[[-108.511174,35.580383],[-108.511359,35.587772],[-108.502305,35.587702],[-108.502323,35.58061],[-108.511174,35.580383]],[[-108.317364,35.538423],[-108.31751,35.543991],[-108.308517,35.543968],[-108.308408,35.538397],[-108.317364,35.538423]],[[-108.105923,35.521633],[-108.095925,35.521744],[-108.095958,35.513764],[-108.106031,35.513848],[-108.105923,35.521633]],[[-108.122626,35.580897],[-108.122623,35.573956],[-108.131027,35.573908],[-108.130988,35.580767],[-108.122626,35.580897]]],[[[-108.706716,35.50911],[-108.697788,35.508344],[-108.697609,35.522901],[-108.706492,35.522926],[-108.706716,35.50911]]],[[[-108.706951,35.451336],[-108.688976,35.450579],[-108.689769,35.42176],[-108.670728,35.414678],[-108.697884,35.403191],[-108.689235,35.379134],[-108.671267,35.379022],[-108.68069,35.36473],[-108.649957,35.364735],[-108.635371,35.392668],[-108.65374,35.400602],[-108.629157,35.407719],[-108.626761,35.480117],[-108.645639,35.465508],[-108.654599,35.493468],[-108.627901,35.483061],[-108.630797,35.515326],[-108.644864,35.500463],[-108.644756,35.523076],[-108.688821,35.522931],[-108.689431,35.479372],[-108.706818,35.478554],[-108.706951,35.451336]],[[-108.684474,35.477012],[-108.679818,35.479448],[-108.679708,35.465324],[-108.684323,35.465255],[-108.684474,35.477012]],[[-108.675437,35.476682],[-108.671758,35.479549],[-108.671696,35.465364],[-108.67536,35.465403],[-108.675437,35.476682]],[[-108.664331,35.398127],[-108.664162,35.407674],[-108.657909,35.407681],[-108.657874,35.392911],[-108.664331,35.398127]],[[-108.645087,35.450913],[-108.637078,35.450999],[-108.636557,35.443729],[-108.644971,35.443686],[-108.645087,35.450913]],[[-108.635368,35.407703],[-108.653987,35.407613],[-108.654036,35.4218],[-108.635343,35.421802],[-108.635368,35.407703]],[[-108.637184,35.465551],[-108.631434,35.46545],[-108.631384,35.458845],[-108.63685,35.458815],[-108.637184,35.465551]],[[-108.671758,35.479549],[-108.671911,35.49415],[-108.662454,35.493989],[-108.6576,35.479731],[-108.671758,35.479549]],[[-108.654036,35.4218],[-108.661844,35.4218],[-108.66191,35.437183],[-108.654107,35.437202],[-108.654036,35.4218]]],[[[-108.719661,35.508594],[-108.719646,35.501418],[-108.711397,35.501339],[-108.711587,35.508773],[-108.719661,35.508594]]],[[[-108.719826,35.407635],[-108.714971,35.385994],[-108.706658,35.385568],[-108.710635,35.407816],[-108.719826,35.407635]]],[[[-108.723412,35.637746],[-108.70497,35.637694],[-108.704638,35.652735],[-108.723351,35.65272],[-108.723412,35.637746]]],[[[-108.723632,35.614185],[-108.705706,35.608949],[-108.705283,35.623549],[-108.723511,35.623417],[-108.723632,35.614185]]],[[[-108.724323,35.447692],[-108.714747,35.436999],[-108.70662,35.437156],[-108.706956,35.450644],[-108.724323,35.447692]]],[[[-108.734532,35.219127],[-108.716616,35.218892],[-108.725491,35.241196],[-108.734038,35.241146],[-108.734532,35.219127]]],[[[-108.740281,35.606473],[-108.739925,35.594455],[-108.724224,35.594454],[-108.723712,35.608557],[-108.740281,35.606473]]],[[[-108.740683,35.637491],[-108.740574,35.623571],[-108.723511,35.623417],[-108.723433,35.637589],[-108.740683,35.637491]]],[[[-108.742472,35.465586],[-108.741838,35.450798],[-108.724455,35.458156],[-108.724297,35.465464],[-108.742472,35.465586]]],[[[-108.757991,35.638164],[-108.740683,35.637491],[-108.731291,35.659444],[-108.757826,35.652562],[-108.757991,35.638164]]],[[[-108.758252,35.614621],[-108.740141,35.608852],[-108.740574,35.623571],[-108.758153,35.623577],[-108.758252,35.614621]]],[[[-108.759857,35.467581],[-108.751294,35.465365],[-108.742171,35.479571],[-108.759817,35.479584],[-108.759857,35.467581]]],[[[-108.775771,35.623715],[-108.758153,35.623577],[-108.757997,35.637401],[-108.775636,35.637421],[-108.775771,35.623715]]],[[[-108.775798,35.595076],[-108.758759,35.594412],[-108.758326,35.608426],[-108.775796,35.608801],[-108.775798,35.595076]]],[[[-108.778054,35.481851],[-108.759817,35.479584],[-108.759835,35.493833],[-108.777778,35.493546],[-108.778054,35.481851]]],[[[-108.782418,35.21139],[-108.771259,35.211829],[-108.76894,35.219252],[-108.773569,35.219431],[-108.782418,35.21139]]],[[[-108.787551,35.272183],[-108.75253,35.237682],[-108.716341,35.24986],[-108.716569,35.233968],[-108.681624,35.218797],[-108.681474,35.236712],[-108.698762,35.237467],[-108.680876,35.249936],[-108.680941,35.278346],[-108.697861,35.292574],[-108.733908,35.278628],[-108.734125,35.26417],[-108.787551,35.272183]]],[[[-108.792833,35.638983],[-108.775636,35.637421],[-108.775477,35.652724],[-108.792793,35.653031],[-108.792833,35.638983]]],[[[-108.792936,35.609562],[-108.775796,35.608801],[-108.775775,35.623531],[-108.792875,35.623461],[-108.792936,35.609562]]],[[[-108.793077,35.58165],[-108.775838,35.580232],[-108.775802,35.594369],[-108.79299,35.594459],[-108.793077,35.58165]]],[[[-108.795372,35.500553],[-108.786857,35.493753],[-108.786953,35.483],[-108.777746,35.500789],[-108.795372,35.500553]]],[[[-108.80397,35.170101],[-108.785127,35.169463],[-108.785547,35.176947],[-108.803858,35.177144],[-108.80397,35.170101]]],[[[-108.810432,35.623739],[-108.802196,35.623539],[-108.802207,35.630144],[-108.810304,35.630158],[-108.810432,35.623739]]],[[[-108.810531,35.594648],[-108.79299,35.594459],[-108.792932,35.609076],[-108.81032,35.609477],[-108.810531,35.594648]]],[[[-108.810637,35.566271],[-108.791835,35.565783],[-108.793091,35.580482],[-108.810571,35.580552],[-108.810637,35.566271]]],[[[-108.822181,35.486484],[-108.821884,35.479225],[-108.813019,35.479428],[-108.813167,35.486343],[-108.822181,35.486484]]],[[[-108.828632,35.594647],[-108.828538,35.580611],[-108.810571,35.580552],[-108.810532,35.594552],[-108.828632,35.594647]]],[[[-108.828791,35.638828],[-108.810149,35.637827],[-108.810013,35.652495],[-108.827401,35.652572],[-108.828791,35.638828]]],[[[-108.845677,35.624094],[-108.827902,35.623437],[-108.828709,35.609554],[-108.81032,35.609477],[-108.828677,35.638307],[-108.845421,35.63854],[-108.845677,35.624094]]],[[[-108.846349,35.594945],[-108.828632,35.594647],[-108.828709,35.609554],[-108.846302,35.609939],[-108.846349,35.594945]]],[[[-108.846475,35.570335],[-108.828398,35.566043],[-108.828538,35.580611],[-108.846435,35.580612],[-108.846475,35.570335]]],[[[-108.848115,35.393557],[-108.830565,35.393423],[-108.83004,35.407405],[-108.847561,35.407883],[-108.848115,35.393557]]],[[[-108.862698,35.638871],[-108.845421,35.63854],[-108.838769,35.659745],[-108.862486,35.659495],[-108.862698,35.638871]]],[[[-108.864503,35.585505],[-108.846435,35.580612],[-108.846351,35.594734],[-108.864314,35.594686],[-108.864503,35.585505]]],[[[-108.865855,35.492922],[-108.851429,35.492495],[-108.851429,35.49531],[-108.865824,35.50002],[-108.865855,35.492922]]],[[[-108.876792,35.357448],[-108.849024,35.34977],[-108.827802,35.379518],[-108.865818,35.393323],[-108.852254,35.364208],[-108.876792,35.357448]]],[[[-108.880934,35.638677],[-108.880834,35.623826],[-108.863025,35.623676],[-108.862704,35.638547],[-108.880934,35.638677]]],[[[-108.882148,35.566025],[-108.864743,35.564856],[-108.864604,35.580614],[-108.881897,35.580657],[-108.882148,35.566025]]],[[[-108.882326,35.544647],[-108.882019,35.537363],[-108.86485,35.537397],[-108.86484,35.544695],[-108.882326,35.544647]]],[[[-108.883402,35.371397],[-108.877929,35.371096],[-108.877463,35.378948],[-108.883266,35.379014],[-108.883402,35.371397]]],[[[-108.88376,35.337122],[-108.883781,35.335647],[-108.86621,35.335723],[-108.866251,35.338241],[-108.88376,35.337122]]],[[[-108.891233,35.531289],[-108.882296,35.529663],[-108.882019,35.537363],[-108.891222,35.537397],[-108.891233,35.531289]]],[[[-108.898932,35.640139],[-108.880934,35.638677],[-108.880512,35.659579],[-108.898688,35.652415],[-108.898932,35.640139]]],[[[-108.900055,35.610885],[-108.880814,35.609045],[-108.880834,35.623826],[-108.899646,35.623815],[-108.900055,35.610885]]],[[[-108.900514,35.581887],[-108.890775,35.580421],[-108.881781,35.594817],[-108.900327,35.594829],[-108.900514,35.581887]]],[[[-108.901339,35.506193],[-108.900737,35.496599],[-108.883757,35.487173],[-108.883711,35.501053],[-108.901339,35.506193]]],[[[-108.9091,35.539254],[-108.900475,35.537281],[-108.900052,35.544675],[-108.909014,35.544547],[-108.9091,35.539254]]],[[[-108.90938,35.566746],[-108.900289,35.565426],[-108.90028,35.572826],[-108.909372,35.573049],[-108.90938,35.566746]]],[[[-108.918983,35.60168],[-108.900327,35.594829],[-108.90012,35.608947],[-108.918937,35.609097],[-108.918983,35.60168]]],[[[-108.927536,35.480473],[-108.918094,35.479818],[-108.918566,35.48689],[-108.927334,35.486682],[-108.927536,35.480473]]],[[[-108.927995,35.494633],[-108.918972,35.493436],[-108.918901,35.500737],[-108.927902,35.500804],[-108.927995,35.494633]]],[[[-108.936083,35.610974],[-108.918937,35.609097],[-108.918768,35.623961],[-108.935851,35.623596],[-108.936083,35.610974]]],[[[-108.936298,35.43717],[-108.899675,35.422263],[-108.900147,35.443865],[-108.882893,35.443592],[-108.882937,35.415582],[-108.866871,35.422594],[-108.867036,35.408559],[-108.847561,35.407883],[-108.845658,35.423298],[-108.828522,35.407309],[-108.821743,35.422227],[-108.777081,35.407504],[-108.759644,35.422017],[-108.759676,35.400759],[-108.741258,35.408048],[-108.741557,35.393231],[-108.724495,35.400779],[-108.742095,35.419966],[-108.706619,35.421725],[-108.724635,35.439767],[-108.759564,35.422013],[-108.759068,35.458273],[-108.777743,35.458288],[-108.786664,35.479578],[-108.812979,35.475575],[-108.839098,35.479284],[-108.829435,35.492507],[-108.865926,35.479366],[-108.848847,35.422921],[-108.866805,35.422852],[-108.865969,35.457809],[-108.883242,35.457799],[-108.893066,35.487302],[-108.917997,35.476604],[-108.909345,35.458045],[-108.918161,35.458037],[-108.936298,35.43717]],[[-108.830911,35.44352],[-108.830808,35.450697],[-108.821884,35.450698],[-108.822083,35.443632],[-108.830911,35.44352]],[[-108.81328,35.436057],[-108.81278,35.450702],[-108.795659,35.451335],[-108.796415,35.436266],[-108.81328,35.436057]],[[-108.813089,35.47037],[-108.804804,35.47216],[-108.804797,35.465394],[-108.812934,35.465372],[-108.813089,35.47037]],[[-108.883242,35.457799],[-108.883348,35.450769],[-108.900896,35.45106],[-108.900817,35.458047],[-108.883242,35.457799]],[[-108.918376,35.451121],[-108.908343,35.451108],[-108.908346,35.435951],[-108.918854,35.435692],[-108.918376,35.451121]]],[[[-108.937022,35.518549],[-108.927891,35.507777],[-108.910723,35.507697],[-108.918454,35.537404],[-108.936091,35.537386],[-108.937022,35.518549]]],[[[-108.937472,35.336284],[-108.93679,35.321707],[-108.901729,35.329273],[-108.910034,35.343759],[-108.937472,35.336284]]],[[[-108.938992,35.192458],[-108.910446,35.199074],[-108.883986,35.176427],[-108.892363,35.20554],[-108.938976,35.206144],[-108.938992,35.192458]]],[[[-108.946289,35.514893],[-108.946274,35.507953],[-108.937094,35.507914],[-108.937017,35.515068],[-108.946289,35.514893]]],[[[-108.954992,35.480809],[-108.93924,35.479836],[-108.936503,35.489342],[-108.954897,35.489459],[-108.954992,35.480809]]],[[[-108.955022,35.522307],[-108.954806,35.514926],[-108.946289,35.514893],[-108.946307,35.522288],[-108.955022,35.522307]]],[[[-108.955057,35.625539],[-108.935851,35.623596],[-108.935557,35.638831],[-108.954884,35.638499],[-108.955057,35.625539]]],[[[-108.955349,35.595681],[-108.936098,35.594852],[-108.93617,35.602504],[-108.955171,35.60963],[-108.955349,35.595681]]],[[[-108.955406,35.326132],[-108.949991,35.325441],[-108.946949,35.321701],[-108.950277,35.332836],[-108.955406,35.326132]]],[[[-108.956023,35.551329],[-108.955096,35.536595],[-108.936091,35.537386],[-108.936081,35.551324],[-108.956023,35.551329]]],[[[-108.956045,35.567492],[-108.919025,35.551068],[-108.935976,35.561609],[-108.918968,35.594861],[-108.936098,35.594852],[-108.956045,35.567492]]],[[[-108.964676,35.234959],[-108.946586,35.234157],[-108.946882,35.248713],[-108.960864,35.248728],[-108.964676,35.234959]]],[[[-108.964795,35.208444],[-108.93799,35.21288],[-108.93422,35.234234],[-108.964738,35.219241],[-108.964795,35.208444]]],[[[-108.972917,35.353791],[-108.955006,35.351075],[-108.95499,35.365102],[-108.972915,35.365194],[-108.972917,35.353791]]],[[[-108.973067,35.638431],[-108.954884,35.638499],[-108.954909,35.65315],[-108.917768,35.638846],[-108.917716,35.652551],[-108.894628,35.659691],[-108.965046,35.66022],[-108.973067,35.638431]]],[[[-108.9736,35.612289],[-108.955171,35.60963],[-108.955042,35.623682],[-108.973379,35.623742],[-108.9736,35.612289]]],[[[-108.974254,35.582168],[-108.955555,35.579938],[-108.955357,35.595094],[-108.973942,35.595357],[-108.974254,35.582168]]],[[[-108.986065,35.403291],[-108.936893,35.351024],[-108.90996,35.350518],[-108.935994,35.364785],[-108.950446,35.386107],[-108.9411,35.393382],[-108.963477,35.392495],[-108.963475,35.407101],[-108.973164,35.392044],[-108.973457,35.413331],[-108.986065,35.403291]]],[[[-108.989928,35.637688],[-108.98992,35.623844],[-108.973379,35.623742],[-108.973069,35.638382],[-108.989928,35.637688]]],[[[-108.989933,35.607125],[-108.989929,35.595553],[-108.973942,35.595357],[-108.973655,35.609689],[-108.989933,35.607125]]],[[[-108.990677,35.42174],[-108.973366,35.421046],[-108.973327,35.428778],[-108.990619,35.435353],[-108.990677,35.42174]]],[[[-108.999309,35.654662],[-108.982225,35.653514],[-108.98224,35.660312],[-108.998945,35.660403],[-108.999309,35.654662]]],[[[-108.999895,35.224467],[-108.964693,35.230436],[-108.96468,35.234365],[-108.990886,35.234431],[-108.999895,35.224467]]],[[[-109.0019,35.501058],[-108.990184,35.493658],[-108.980627,35.514558],[-109.00169,35.508451],[-109.0019,35.501058]]],[[[-109.005324,35.519529],[-108.990386,35.514605],[-108.989473,35.521929],[-109.005237,35.522311],[-109.005324,35.519529]]],[[[-109.007868,35.595738],[-109.007717,35.580771],[-108.989934,35.580089],[-108.989929,35.595553],[-109.007868,35.595738]]],[[[-109.007986,35.62392],[-109.007926,35.609738],[-108.989933,35.60973],[-108.98992,35.623844],[-109.007986,35.62392]]],[[[-109.008934,35.248889],[-108.999704,35.248732],[-109.000079,35.263445],[-109.008838,35.263484],[-109.008934,35.248889]]],[[[-109.009469,35.450768],[-109.009402,35.437563],[-108.990619,35.435353],[-108.99066,35.450768],[-109.009469,35.450768]]],[[[-109.018098,35.193328],[-108.999969,35.190517],[-109.000001,35.206365],[-109.018055,35.206397],[-109.018098,35.193328]]],[[[-109.026232,35.508848],[-109.008942,35.508452],[-109.008857,35.522253],[-109.025617,35.522253],[-109.026232,35.508848]]],[[[-109.02635,35.423783],[-109.009572,35.423414],[-109.009403,35.437482],[-109.026203,35.437583],[-109.02635,35.423783]]],[[[-109.02637,35.465304],[-109.026277,35.450769],[-109.009469,35.450768],[-108.999182,35.478822],[-109.02637,35.465304]]],[[[-109.026519,35.627576],[-109.007986,35.62392],[-109.008017,35.638167],[-109.026418,35.638134],[-109.026519,35.627576]]],[[[-109.026634,35.596892],[-109.007868,35.595738],[-109.007926,35.609738],[-109.026563,35.609789],[-109.026634,35.596892]]],[[[-109.027076,35.264249],[-109.017891,35.263502],[-109.009104,35.277636],[-109.027021,35.277643],[-109.027076,35.264249]]],[[[-109.039307,35.221181],[-109.03591,35.219523],[-109.035825,35.234582],[-109.038985,35.234596],[-109.039307,35.221181]]],[[[-109.04202,35.639966],[-109.033954,35.639499],[-109.033941,35.64692],[-109.042007,35.646853],[-109.04202,35.639966]]],[[[-109.042912,35.45077],[-109.042922,35.437479],[-109.026203,35.437583],[-109.026277,35.450769],[-109.042912,35.45077]]],[[[-109.043575,35.596105],[-109.043371,35.581883],[-109.026723,35.581392],[-109.02664,35.595931],[-109.043575,35.596105]]],[[[-109.043592,35.508414],[-109.043562,35.500771],[-109.026379,35.493733],[-109.026305,35.508377],[-109.043592,35.508414]]],[[[-109.044231,35.624134],[-109.043892,35.609973],[-109.026563,35.609789],[-109.026482,35.62402],[-109.044231,35.624134]]],[[[-109.045959,35.206405],[-109.046035,35.190108],[-109.03602,35.190134],[-109.035959,35.206388],[-109.045959,35.206405]]],[[[-109.04636,35.596822],[-109.043575,35.596105],[-109.043892,35.609973],[-109.046326,35.610006],[-109.04636,35.596822]]],[[[-109.046424,35.568019],[-109.04329,35.567772],[-109.043581,35.581704],[-109.046393,35.581689],[-109.046424,35.568019]]],[[[-109.046543,35.51056],[-109.008592,35.551506],[-108.973475,35.536567],[-108.956052,35.565245],[-108.973554,35.565337],[-108.974213,35.580417],[-109.00828,35.565515],[-109.007867,35.580867],[-109.026723,35.581392],[-109.025491,35.559402],[-109.043469,35.559372],[-109.046543,35.51056]],[[-108.98992,35.565423],[-108.973709,35.565338],[-108.973553,35.559586],[-108.989918,35.559586],[-108.98992,35.565423]]],[[[-109.046634,35.336353],[-109.046449,35.306979],[-109.043419,35.306979],[-109.026995,35.336127],[-109.046634,35.336353]]],[[[-109.046644,35.480917],[-109.043423,35.479485],[-109.043613,35.494012],[-109.046572,35.494149],[-109.046644,35.480917]]],[[[-109.046722,35.458513],[-109.046729,35.450774],[-109.042912,35.45077],[-109.042908,35.46574],[-109.046722,35.458513]]],[[[-109.046822,35.428683],[-109.043065,35.423636],[-109.042922,35.437479],[-109.046781,35.43747],[-109.046822,35.428683]]],[[[-109.046965,35.393413],[-109.046879,35.379541],[-109.008584,35.36165],[-109.027069,35.343504],[-108.990851,35.335687],[-109.009308,35.405494],[-108.990729,35.413804],[-109.043065,35.423636],[-109.046965,35.393413]],[[-109.026733,35.392326],[-109.026635,35.399945],[-109.018647,35.399497],[-109.018772,35.392257],[-109.026733,35.392326]]],[[[-109.31477,35.221334],[-109.314738,35.21042],[-109.301281,35.211595],[-109.3013,35.225031],[-109.31477,35.221334]]],[[[-109.367973,35.201412],[-109.349134,35.196779],[-109.344013,35.211634],[-109.367607,35.212752],[-109.367973,35.201412]],[[-109.36237,35.203299],[-109.362149,35.205789],[-109.359458,35.205704],[-109.359657,35.203246],[-109.36237,35.203299]]],[[[-109.369233,35.170686],[-109.361079,35.169745],[-109.361192,35.176093],[-109.36915,35.176226],[-109.369233,35.170686]]],[[[-109.378996,35.191049],[-109.379074,35.182943],[-109.368677,35.182571],[-109.368843,35.191432],[-109.378996,35.191049]]],[[[-110.26952,35.112478],[-110.269507,35.105963],[-110.262286,35.105988],[-110.26232,35.112486],[-110.26952,35.112478]]],[[[-110.287351,35.126885],[-110.287283,35.112402],[-110.26952,35.112478],[-110.269684,35.126929],[-110.287351,35.126885]]],[[[-110.287655,35.155679],[-110.287545,35.141389],[-110.269411,35.141342],[-110.269638,35.15569],[-110.287655,35.155679]]],[[[-110.358352,35.114235],[-110.34118,35.107783],[-110.341245,35.121738],[-110.349591,35.114391],[-110.358352,35.114235]]],[[[-110.375693,35.136921],[-110.37562,35.128634],[-110.358275,35.122237],[-110.358323,35.137007],[-110.375693,35.136921]]],[[[-111.255067,35.174745],[-111.243604,35.171094],[-111.243421,35.178469],[-111.255067,35.178372],[-111.255067,35.174745]]],[[[-111.270563,35.164081],[-111.255478,35.164142],[-111.255071,35.171131],[-111.270547,35.171127],[-111.270563,35.164081]]],[[[-111.394689,35.616523],[-111.376817,35.611495],[-111.376737,35.626318],[-111.385767,35.626207],[-111.394689,35.616523]]],[[[-111.412995,35.634776],[-111.403482,35.626312],[-111.394914,35.62625],[-111.39482,35.640801],[-111.412995,35.634776]]],[[[-111.519594,35.757472],[-111.519499,35.742738],[-111.501569,35.750296],[-111.501686,35.757405],[-111.519594,35.757472]]],[[[-111.53691,35.729826],[-111.519259,35.728179],[-111.519499,35.742738],[-111.536146,35.742842],[-111.53691,35.729826]]],[[[-107.166644,35.826553],[-107.1665,35.819667],[-107.157892,35.819664],[-107.157968,35.826453],[-107.166644,35.826553]]],[[[-107.210997,35.707485],[-107.20204,35.696656],[-107.188488,35.696938],[-107.18882,35.711761],[-107.210997,35.707485]]],[[[-107.220246,35.848769],[-107.220131,35.841395],[-107.184305,35.826514],[-107.184607,35.855701],[-107.220246,35.848769]]],[[[-107.228587,35.863032],[-107.228577,35.855871],[-107.211554,35.855779],[-107.211665,35.862961],[-107.228587,35.863032]]],[[[-107.237872,35.855892],[-107.2378,35.848805],[-107.22869,35.848787],[-107.228577,35.855871],[-107.237872,35.855892]]],[[[-107.238125,35.878392],[-107.194018,35.855647],[-107.184557,35.89633],[-107.211031,35.906473],[-107.202511,35.885009],[-107.238125,35.878392]]],[[[-107.246222,35.919521],[-107.237875,35.919274],[-107.237748,35.92719],[-107.246114,35.92732],[-107.246222,35.919521]]],[[[-107.264367,35.906332],[-107.255429,35.905789],[-107.255238,35.912919],[-107.264178,35.912864],[-107.264367,35.906332]]],[[[-107.273016,35.905843],[-107.272911,35.899119],[-107.26478,35.899121],[-107.2644,35.905872],[-107.273016,35.905843]]],[[[-107.28213,35.870992],[-107.282133,35.863708],[-107.264343,35.863534],[-107.26443,35.870817],[-107.28213,35.870992]]],[[[-107.299594,35.68754],[-107.273201,35.675105],[-107.273143,35.70434],[-107.299399,35.704422],[-107.299594,35.68754]]],[[[-107.299781,35.719169],[-107.299575,35.711578],[-107.29083,35.711563],[-107.290851,35.719252],[-107.299781,35.719169]]],[[[-107.300326,35.776506],[-107.300222,35.769364],[-107.291263,35.769324],[-107.291267,35.776257],[-107.300326,35.776506]]],[[[-107.308424,35.674922],[-107.308418,35.660426],[-107.290727,35.660304],[-107.290582,35.675015],[-107.308424,35.674922]]],[[[-107.326814,35.689422],[-107.308432,35.682842],[-107.308516,35.69711],[-107.326571,35.703923],[-107.326814,35.689422]]],[[[-107.327683,35.714501],[-107.308569,35.711603],[-107.308597,35.718291],[-107.326942,35.726086],[-107.327683,35.714501]]],[[[-107.33331,36.021238],[-107.324582,36.020224],[-107.324462,36.027513],[-107.333092,36.027628],[-107.33331,36.021238]]],[[[-107.335867,35.891817],[-107.335765,35.884551],[-107.326488,35.884455],[-107.326508,35.891833],[-107.335867,35.891817]]],[[[-107.336229,35.789967],[-107.336176,35.781106],[-107.326601,35.781009],[-107.326714,35.789886],[-107.336229,35.789967]]],[[[-107.344406,35.689562],[-107.344365,35.668832],[-107.326118,35.668599],[-107.335128,35.68953],[-107.344406,35.689562]]],[[[-107.353452,35.977318],[-107.353366,35.970547],[-107.344778,35.970567],[-107.344874,35.977223],[-107.353452,35.977318]]],[[[-107.354003,35.777244],[-107.344321,35.775285],[-107.344223,35.790671],[-107.353936,35.790817],[-107.354003,35.777244]]],[[[-107.354573,35.919681],[-107.255422,35.919858],[-107.280009,35.937151],[-107.237588,35.941629],[-107.228721,35.970156],[-107.264479,35.977053],[-107.256061,35.955652],[-107.299245,35.948409],[-107.272026,35.962557],[-107.308656,35.955192],[-107.308663,35.969829],[-107.272081,35.968718],[-107.299012,36.012963],[-107.34501,35.998825],[-107.336652,35.95774],[-107.353846,35.957339],[-107.354573,35.919681]],[[-107.326215,35.958101],[-107.32489,35.963194],[-107.317644,35.96275],[-107.318031,35.957847],[-107.326215,35.958101]],[[-107.319454,35.933584],[-107.319431,35.940653],[-107.308655,35.940655],[-107.308655,35.933584],[-107.319454,35.933584]]],[[[-107.362604,35.797459],[-107.327147,35.81156],[-107.308634,35.784095],[-107.282457,35.783726],[-107.273434,35.769238],[-107.291322,35.762287],[-107.273518,35.747606],[-107.291277,35.747755],[-107.291401,35.733064],[-107.264953,35.740448],[-107.264834,35.754707],[-107.237933,35.747192],[-107.237544,35.725804],[-107.255303,35.731766],[-107.263803,35.718724],[-107.254883,35.696938],[-107.237351,35.696937],[-107.237524,35.718631],[-107.220212,35.725816],[-107.229371,35.740267],[-107.157562,35.776506],[-107.166063,35.798484],[-107.147672,35.798642],[-107.148013,35.811735],[-107.20233,35.812904],[-107.202066,35.783945],[-107.210906,35.798106],[-107.290102,35.790608],[-107.273211,35.813042],[-107.264374,35.805788],[-107.210726,35.811699],[-107.210913,35.826631],[-107.27322,35.856467],[-107.255303,35.834637],[-107.281994,35.841888],[-107.273066,35.820602],[-107.282384,35.81986],[-107.299842,35.835055],[-107.291017,35.870909],[-107.318925,35.906904],[-107.318311,35.870212],[-107.344701,35.870677],[-107.353297,35.856325],[-107.32654,35.839669],[-107.308586,35.847741],[-107.308613,35.811723],[-107.362276,35.825818],[-107.362604,35.797459]],[[-107.246561,35.754813],[-107.246501,35.762041],[-107.237855,35.76201],[-107.237826,35.754767],[-107.246561,35.754813]],[[-107.237679,35.812758],[-107.237494,35.81956],[-107.229109,35.819544],[-107.229025,35.8125],[-107.237679,35.812758]],[[-107.214866,35.772827],[-107.214848,35.778825],[-107.200949,35.778725],[-107.200806,35.769138],[-107.214866,35.772827]],[[-107.273434,35.769238],[-107.256261,35.769179],[-107.25598,35.76216],[-107.273516,35.762159],[-107.273434,35.769238]]],[[[-107.368341,36.048466],[-107.368187,36.029185],[-107.359697,36.029099],[-107.359692,36.057317],[-107.368341,36.048466]]],[[[-107.37163,35.732748],[-107.344214,35.740389],[-107.326942,35.726086],[-107.326083,35.747465],[-107.363102,35.74743],[-107.37163,35.732748]]],[[[-107.376237,35.888748],[-107.366249,35.888275],[-107.365943,35.895897],[-107.375923,35.895801],[-107.376237,35.888748]]],[[[-107.377295,36.071932],[-107.323721,36.071056],[-107.32348,36.085181],[-107.37724,36.085192],[-107.377295,36.071932]]],[[[-107.380356,35.777991],[-107.370583,35.775455],[-107.370562,35.783414],[-107.380274,35.783447],[-107.380356,35.777991]]],[[[-107.380427,35.9273],[-107.380561,35.913424],[-107.370485,35.913435],[-107.370565,35.927225],[-107.380427,35.9273]]],[[[-107.381321,35.841236],[-107.361937,35.840497],[-107.35301,35.833104],[-107.370546,35.855848],[-107.381321,35.841236]]],[[[-107.389865,35.805927],[-107.380109,35.804375],[-107.380005,35.813139],[-107.389697,35.813269],[-107.389865,35.805927]]],[[[-107.397108,35.977796],[-107.396582,35.970229],[-107.360703,35.970722],[-107.361169,35.984487],[-107.397108,35.977796]]],[[[-107.398434,35.84027],[-107.398414,35.827061],[-107.381459,35.827081],[-107.381375,35.840455],[-107.398434,35.84027]]],[[[-107.404232,36.083724],[-107.404402,36.078727],[-107.386811,36.078592],[-107.386612,36.085373],[-107.404232,36.083724]]],[[[-107.406756,35.733613],[-107.39776,35.732659],[-107.397881,35.73871],[-107.406733,35.738908],[-107.406756,35.733613]]],[[[-107.415703,35.952569],[-107.415861,35.94918],[-107.405844,35.949111],[-107.40609,35.956334],[-107.415703,35.952569]]],[[[-107.416079,35.871675],[-107.389859,35.862719],[-107.35331,35.863071],[-107.353527,35.878134],[-107.371498,35.878206],[-107.379716,35.884564],[-107.37993,35.899562],[-107.397688,35.899739],[-107.397656,35.919938],[-107.415546,35.912885],[-107.397743,35.88494],[-107.415649,35.89296],[-107.416079,35.871675]]],[[[-107.45683,36.133159],[-107.44797,36.12756],[-107.446877,36.138936],[-107.456629,36.138502],[-107.45683,36.133159]]],[[[-107.459971,35.921021],[-107.452059,35.920412],[-107.451544,35.928782],[-107.459957,35.928833],[-107.459971,35.921021]]],[[[-107.461357,35.968548],[-107.443031,35.949136],[-107.415529,35.956326],[-107.415093,35.970578],[-107.461357,35.968548]]],[[[-107.470083,35.76926],[-107.432863,35.755144],[-107.450415,35.782735],[-107.432977,35.790263],[-107.469825,35.790456],[-107.470083,35.76926]]],[[[-107.478887,35.94112],[-107.451027,35.934914],[-107.45108,35.950353],[-107.470098,35.950381],[-107.478887,35.94112]]],[[[-107.492885,36.200964],[-107.488704,36.196486],[-107.476327,36.20764],[-107.492868,36.207669],[-107.492885,36.200964]]],[[[-107.496047,35.783424],[-107.495701,35.775469],[-107.486759,35.775396],[-107.486595,35.783274],[-107.496047,35.783424]]],[[[-107.498632,36.217993],[-107.498645,36.211781],[-107.475889,36.216552],[-107.4759,36.217616],[-107.498632,36.217993]]],[[[-107.499259,35.901095],[-107.46874,35.900513],[-107.46836,35.914705],[-107.499151,35.915188],[-107.499259,35.901095]]],[[[-107.500758,36.156943],[-107.47418,36.14641],[-107.456512,36.160736],[-107.500691,36.167898],[-107.500758,36.156943]]],[[[-107.501489,36.066813],[-107.483821,36.087034],[-107.439545,36.086954],[-107.439667,36.07182],[-107.422135,36.071796],[-107.43056,36.02846],[-107.46674,36.021175],[-107.440422,36.013012],[-107.447266,35.999565],[-107.386388,36.028247],[-107.386612,36.071448],[-107.412841,36.071515],[-107.412649,36.101357],[-107.430449,36.115793],[-107.421505,36.131316],[-107.439155,36.131313],[-107.43896,36.10849],[-107.448057,36.122798],[-107.49224,36.11612],[-107.501489,36.066813]],[[-107.430757,36.087031],[-107.430643,36.094304],[-107.421862,36.094383],[-107.421743,36.087424],[-107.430757,36.087031]],[[-107.448214,36.108466],[-107.448325,36.101873],[-107.457002,36.101888],[-107.456925,36.108641],[-107.448214,36.108466]],[[-107.474479,36.087057],[-107.474491,36.094082],[-107.466033,36.093995],[-107.46629,36.087118],[-107.474479,36.087057]]],[[[-107.517241,36.161588],[-107.517126,36.154164],[-107.509368,36.154149],[-107.509496,36.161592],[-107.517241,36.161588]]],[[[-107.519605,36.005096],[-107.514765,35.985486],[-107.496045,35.985439],[-107.501511,36.007269],[-107.519605,36.005096]]],[[[-107.523187,35.678236],[-107.514291,35.675396],[-107.514261,35.682794],[-107.523088,35.683029],[-107.523187,35.678236]]],[[[-107.523351,35.712044],[-107.46872,35.653323],[-107.451245,35.65326],[-107.468228,35.682212],[-107.432983,35.660357],[-107.432976,35.6835],[-107.4509,35.687607],[-107.432989,35.704398],[-107.450649,35.704624],[-107.450452,35.725832],[-107.469309,35.726054],[-107.477393,35.689865],[-107.468569,35.683523],[-107.504641,35.69741],[-107.487332,35.726327],[-107.523351,35.712044]],[[-107.468706,35.689645],[-107.468651,35.696152],[-107.45977,35.696513],[-107.459709,35.689944],[-107.468706,35.689645]]],[[[-107.527551,36.104108],[-107.518815,36.103262],[-107.518727,36.110538],[-107.527527,36.110609],[-107.527551,36.104108]]],[[[-107.536588,36.075102],[-107.509838,36.073612],[-107.509797,36.08168],[-107.53653,36.081447],[-107.536588,36.075102]]],[[[-107.537147,36.039354],[-107.519421,36.013793],[-107.51934,36.036743],[-107.48407,36.028619],[-107.482914,36.057974],[-107.537147,36.039354]]],[[[-107.537404,36.000742],[-107.531698,36.000149],[-107.528328,36.007465],[-107.537337,36.007276],[-107.537404,36.000742]]],[[[-107.538792,36.154513],[-107.537467,36.147295],[-107.527005,36.14716],[-107.526834,36.155673],[-107.538792,36.154513]]],[[[-107.540034,35.772189],[-107.530651,35.768794],[-107.530663,35.776815],[-107.54002,35.776628],[-107.540034,35.772189]]],[[[-107.540595,35.886267],[-107.504856,35.885375],[-107.504424,35.900317],[-107.522938,35.900306],[-107.540595,35.886267]]],[[[-107.545243,36.081311],[-107.53653,36.081447],[-107.536275,36.088589],[-107.545169,36.088446],[-107.545243,36.081311]]],[[[-107.545506,36.060646],[-107.536981,36.058304],[-107.536603,36.073567],[-107.545285,36.07362],[-107.545506,36.060646]]],[[[-107.545529,36.051671],[-107.545518,36.044261],[-107.537105,36.044342],[-107.537168,36.051613],[-107.545529,36.051671]]],[[[-107.547374,35.789422],[-107.547205,35.783113],[-107.539214,35.783219],[-107.539441,35.790755],[-107.547374,35.789422]]],[[[-107.563011,36.06771],[-107.553917,36.064501],[-107.554005,36.073731],[-107.562963,36.073633],[-107.563011,36.06771]]],[[[-107.563054,36.092785],[-107.563029,36.088355],[-107.554039,36.088423],[-107.554195,36.095762],[-107.563054,36.092785]]],[[[-107.563191,36.035023],[-107.563188,36.029468],[-107.554394,36.029406],[-107.554582,36.036667],[-107.563191,36.035023]]],[[[-107.569051,36.232778],[-107.569047,36.227471],[-107.561333,36.22746],[-107.561333,36.234236],[-107.569051,36.232778]]],[[[-107.575178,35.798309],[-107.574702,35.783416],[-107.55687,35.783317],[-107.557209,35.797486],[-107.522343,35.804693],[-107.573996,35.812146],[-107.575178,35.798309]]],[[[-107.576525,35.993049],[-107.576205,35.98615],[-107.557064,35.985922],[-107.557043,35.993049],[-107.576525,35.993049]]],[[[-107.590553,36.014563],[-107.590162,36.000274],[-107.545636,36.000225],[-107.545526,36.022421],[-107.59014,36.029779],[-107.590553,36.014563]]],[[[-107.591949,35.95676],[-107.585339,35.956284],[-107.585656,35.972158],[-107.591938,35.972181],[-107.591949,35.95676]]],[[[-107.600479,35.855446],[-107.591361,35.855324],[-107.591297,35.863149],[-107.600421,35.863196],[-107.600479,35.855446]]],[[[-107.604283,35.97996],[-107.604238,35.971531],[-107.600884,35.971481],[-107.600884,35.979877],[-107.604283,35.97996]]],[[[-107.609719,35.906984],[-107.59122,35.906782],[-107.591415,35.885936],[-107.575021,35.885815],[-107.557749,35.855958],[-107.557492,35.892877],[-107.540469,35.892788],[-107.522295,35.914343],[-107.558035,35.900599],[-107.547775,35.914412],[-107.576225,35.914304],[-107.576443,35.942968],[-107.609408,35.956326],[-107.609481,35.942265],[-107.591992,35.942569],[-107.609719,35.906984]],[[-107.592477,35.914068],[-107.592421,35.921249],[-107.583968,35.921526],[-107.584027,35.913702],[-107.592477,35.914068]]],[[[-107.609927,35.798367],[-107.591453,35.797519],[-107.591486,35.804945],[-107.609377,35.81227],[-107.609927,35.798367]]],[[[-107.616928,36.047662],[-107.607977,36.044574],[-107.607618,36.051881],[-107.616875,36.051952],[-107.616928,36.047662]]],[[[-107.626518,36.000423],[-107.609321,36.00029],[-107.589928,36.037274],[-107.626395,36.030425],[-107.626518,36.000423]]],[[[-107.626644,35.966472],[-107.626639,35.956329],[-107.609408,35.956326],[-107.609232,35.971133],[-107.626644,35.966472]]],[[[-107.626789,35.914016],[-107.62666,35.906767],[-107.617802,35.906872],[-107.617932,35.914061],[-107.626789,35.914016]]],[[[-107.62731,35.942305],[-107.626958,35.928225],[-107.609554,35.927954],[-107.609481,35.942265],[-107.62731,35.942305]]],[[[-107.627431,35.793471],[-107.627499,35.783936],[-107.609815,35.783884],[-107.609993,35.797535],[-107.627431,35.793471]]],[[[-107.633536,36.284779],[-107.624254,36.271759],[-107.611898,36.278867],[-107.611846,36.28614],[-107.633536,36.284779]]],[[[-107.64246,36.256343],[-107.642434,36.24914],[-107.588745,36.234975],[-107.615122,36.264066],[-107.64246,36.256343]]],[[[-107.645168,35.914643],[-107.626789,35.914016],[-107.626958,35.928225],[-107.645099,35.928413],[-107.645168,35.914643]]],[[[-107.645575,35.956502],[-107.64485,35.942428],[-107.627172,35.949146],[-107.627198,35.956331],[-107.645575,35.956502]]],[[[-107.645539,35.888415],[-107.626541,35.885525],[-107.626531,35.899901],[-107.645281,35.900018],[-107.645539,35.888415]]],[[[-107.651678,36.141168],[-107.589653,36.125094],[-107.589375,36.146668],[-107.571402,36.146624],[-107.581089,36.103394],[-107.544889,36.103367],[-107.545312,36.125089],[-107.518706,36.117664],[-107.492075,36.131916],[-107.544742,36.132117],[-107.544901,36.160958],[-107.509941,36.168357],[-107.538141,36.175221],[-107.535761,36.190104],[-107.553826,36.168493],[-107.62458,36.161499],[-107.651678,36.141168]],[[-107.571955,36.157998],[-107.571347,36.162062],[-107.562582,36.162156],[-107.562552,36.154361],[-107.571955,36.157998]],[[-107.566638,36.138593],[-107.553702,36.140096],[-107.553424,36.132541],[-107.566631,36.133413],[-107.566638,36.138593]]],[[[-107.660743,36.13567],[-107.652472,36.132639],[-107.652384,36.139509],[-107.660732,36.139292],[-107.660743,36.13567]]],[[[-107.662233,36.015802],[-107.653089,36.015382],[-107.65313,36.02184],[-107.662065,36.022083],[-107.662233,36.015802]]],[[[-107.663441,35.942492],[-107.663125,35.9286],[-107.645099,35.928413],[-107.64485,35.942428],[-107.663441,35.942492]]],[[[-107.664627,35.871448],[-107.645992,35.870853],[-107.645615,35.885602],[-107.664139,35.885675],[-107.664627,35.871448]]],[[[-107.665255,35.842869],[-107.645738,35.840655],[-107.626541,35.871148],[-107.645992,35.870853],[-107.665255,35.842869]]],[[[-107.672678,35.911257],[-107.663562,35.900166],[-107.645281,35.900018],[-107.645172,35.914003],[-107.672678,35.911257]]],[[[-107.678591,36.1322],[-107.678514,36.124857],[-107.661075,36.125188],[-107.660764,36.132398],[-107.678591,36.1322]]],[[[-107.67882,36.292548],[-107.660645,36.263216],[-107.642767,36.263307],[-107.642427,36.284755],[-107.67882,36.292548]]],[[[-107.68082,36.05702],[-107.680131,36.045073],[-107.635003,36.052017],[-107.616845,36.088441],[-107.6436,36.088334],[-107.644006,36.066536],[-107.68082,36.05702]]],[[[-107.681293,35.943315],[-107.663441,35.942492],[-107.663715,35.956694],[-107.681182,35.956881],[-107.681293,35.943315]]],[[[-107.681484,35.978269],[-107.645575,35.956502],[-107.64507,35.978154],[-107.663127,35.971256],[-107.663038,35.9859],[-107.644569,35.985825],[-107.64473,36.000393],[-107.670971,36.007932],[-107.662999,35.99266],[-107.681484,35.978269]]],[[[-107.682779,35.827614],[-107.665091,35.826471],[-107.66529,35.840428],[-107.682734,35.840691],[-107.682779,35.827614]]],[[[-107.683017,35.897353],[-107.682863,35.88575],[-107.664139,35.885675],[-107.663562,35.900166],[-107.683017,35.897353]]],[[[-107.683091,35.870849],[-107.682683,35.855379],[-107.665185,35.855671],[-107.664649,35.870778],[-107.683091,35.870849]]],[[[-107.687464,36.219769],[-107.687115,36.212574],[-107.678156,36.212616],[-107.67847,36.219923],[-107.687464,36.219769]]],[[[-107.696146,36.295333],[-107.67882,36.292548],[-107.679013,36.306861],[-107.686862,36.306859],[-107.696146,36.295333]]],[[[-107.699932,35.987751],[-107.681347,35.985893],[-107.681485,36.000597],[-107.699848,36.000738],[-107.699932,35.987751]]],[[[-107.700973,35.879326],[-107.691636,35.878824],[-107.691672,35.885793],[-107.700946,35.885866],[-107.700973,35.879326]]],[[[-107.701027,35.842012],[-107.682734,35.840691],[-107.682683,35.855379],[-107.700896,35.855799],[-107.701027,35.842012]]],[[[-107.704234,36.234336],[-107.704163,36.219846],[-107.695678,36.219849],[-107.695366,36.234359],[-107.704234,36.234336]]],[[[-107.705047,36.095401],[-107.705182,36.088954],[-107.696658,36.088894],[-107.696762,36.095926],[-107.705047,36.095401]]],[[[-107.710313,35.856457],[-107.700896,35.855799],[-107.700857,35.863293],[-107.710258,35.863342],[-107.710313,35.856457]]],[[[-107.71415,35.832839],[-107.704463,35.830743],[-107.704398,35.83515],[-107.714037,35.835045],[-107.71415,35.832839]]],[[[-107.718933,35.651711],[-107.7012,35.651849],[-107.701391,35.66702],[-107.718648,35.671022],[-107.718933,35.651711]]],[[[-107.725795,36.512111],[-107.725727,36.511962],[-107.725591,36.512012],[-107.725574,36.512115],[-107.725795,36.512111]]],[[[-107.731404,36.147654],[-107.722796,36.146994],[-107.722655,36.153878],[-107.731371,36.153858],[-107.731404,36.147654]]],[[[-107.735248,35.82631],[-107.718758,35.797383],[-107.690559,35.812434],[-107.683023,35.79696],[-107.663941,35.797027],[-107.663936,35.812218],[-107.627402,35.797574],[-107.60883,35.81423],[-107.618119,35.826753],[-107.665091,35.826471],[-107.664518,35.812225],[-107.682696,35.812353],[-107.682782,35.826863],[-107.700759,35.82685],[-107.718059,35.81205],[-107.708865,35.82663],[-107.735248,35.82631]]],[[[-107.735625,35.69637],[-107.700624,35.703988],[-107.70017,35.725538],[-107.717969,35.725049],[-107.735625,35.69637]]],[[[-107.735713,35.678441],[-107.718648,35.671022],[-107.700575,35.69654],[-107.717097,35.696214],[-107.735713,35.678441]]],[[[-107.735764,35.849682],[-107.735701,35.844403],[-107.726755,35.844404],[-107.726755,35.85193],[-107.735764,35.849682]]],[[[-107.736009,35.88586],[-107.73595,35.878374],[-107.718919,35.871212],[-107.7188,35.885874],[-107.736009,35.88586]]],[[[-107.739315,36.169013],[-107.6694,36.176272],[-107.678046,36.1905],[-107.624338,36.198129],[-107.660061,36.212035],[-107.695256,36.196913],[-107.695309,36.21199],[-107.71371,36.211873],[-107.731396,36.204749],[-107.739315,36.169013]],[[-107.695509,36.183046],[-107.721596,36.182728],[-107.721831,36.196616],[-107.695539,36.197001],[-107.695509,36.183046]]],[[[-107.740613,36.458438],[-107.723107,36.44432],[-107.723174,36.50944],[-107.73214,36.509597],[-107.740613,36.458438]]],[[[-107.744579,35.864514],[-107.735831,35.863354],[-107.735893,35.871179],[-107.744545,35.871162],[-107.744579,35.864514]]],[[[-107.749742,36.139665],[-107.749654,36.133062],[-107.740637,36.13295],[-107.740565,36.139511],[-107.749742,36.139665]]],[[[-107.749852,36.389328],[-107.72267,36.393559],[-107.722927,36.429397],[-107.686559,36.414935],[-107.686728,36.429987],[-107.731883,36.437169],[-107.731845,36.408153],[-107.749636,36.408412],[-107.749852,36.389328]]],[[[-107.752183,35.778785],[-107.752063,35.767877],[-107.734947,35.767783],[-107.734831,35.782786],[-107.752183,35.778785]]],[[[-107.754753,35.809555],[-107.752756,35.796996],[-107.727377,35.797068],[-107.735604,35.811552],[-107.754753,35.809555]]],[[[-107.757631,36.176197],[-107.749344,36.176155],[-107.749166,36.183077],[-107.75762,36.183021],[-107.757631,36.176197]]],[[[-107.770422,35.87805],[-107.770402,35.871289],[-107.762133,35.871239],[-107.762094,35.878448],[-107.770422,35.87805]]],[[[-107.770477,35.848166],[-107.770328,35.840607],[-107.7524,35.840427],[-107.752457,35.855265],[-107.770477,35.848166]]],[[[-107.770554,35.907266],[-107.770315,35.900526],[-107.753404,35.900299],[-107.753593,35.90689],[-107.770554,35.907266]]],[[[-107.771641,35.785285],[-107.752086,35.7828],[-107.752756,35.796996],[-107.771408,35.796942],[-107.771641,35.785285]]],[[[-107.772144,35.767966],[-107.772055,35.754008],[-107.752134,35.753649],[-107.752077,35.767893],[-107.772144,35.767966]]],[[[-107.780161,35.749133],[-107.771975,35.746874],[-107.772055,35.754008],[-107.780074,35.754145],[-107.780161,35.749133]]],[[[-107.785113,36.589461],[-107.749051,36.581987],[-107.749539,36.538686],[-107.731762,36.546501],[-107.740361,36.523924],[-107.72286,36.516618],[-107.730789,36.63921],[-107.739903,36.596993],[-107.785113,36.589461]]],[[[-107.786168,36.365939],[-107.777001,36.364849],[-107.777124,36.372084],[-107.786115,36.371881],[-107.786168,36.365939]]],[[[-107.788452,35.900582],[-107.788254,35.885619],[-107.770405,35.886235],[-107.770315,35.900526],[-107.788452,35.900582]]],[[[-107.788778,35.8494],[-107.770453,35.85527],[-107.770402,35.871289],[-107.787992,35.871682],[-107.788778,35.8494]]],[[[-107.788884,35.782877],[-107.788832,35.768153],[-107.772144,35.767966],[-107.771711,35.782849],[-107.788884,35.782877]]],[[[-107.78945,35.811096],[-107.789373,35.7965],[-107.771408,35.796942],[-107.771069,35.818189],[-107.752749,35.811624],[-107.753364,35.826239],[-107.78892,35.841465],[-107.78945,35.811096]]],[[[-107.796077,35.645796],[-107.795907,35.637894],[-107.787286,35.637865],[-107.786954,35.645755],[-107.796077,35.645796]]],[[[-107.803822,36.144709],[-107.749945,36.139631],[-107.739315,36.168994],[-107.785592,36.183201],[-107.767385,36.161659],[-107.803822,36.144709]]],[[[-107.804158,36.328546],[-107.803954,36.32142],[-107.795148,36.321481],[-107.795426,36.328722],[-107.804158,36.328546]]],[[[-107.804186,36.387591],[-107.804077,36.379766],[-107.79532,36.379901],[-107.795441,36.387588],[-107.804186,36.387591]]],[[[-107.82978,36.302527],[-107.821158,36.299523],[-107.82112,36.306362],[-107.829769,36.306344],[-107.82978,36.302527]]],[[[-107.830744,36.18942],[-107.793968,36.176454],[-107.803305,36.205083],[-107.767338,36.197959],[-107.730569,36.218708],[-107.730574,36.234514],[-107.704234,36.234336],[-107.70438,36.263456],[-107.731405,36.248784],[-107.750885,36.263157],[-107.758296,36.241054],[-107.785446,36.234021],[-107.776575,36.219872],[-107.812203,36.212697],[-107.812114,36.234342],[-107.742096,36.285458],[-107.758957,36.313953],[-107.705303,36.285121],[-107.721845,36.328435],[-107.758737,36.328314],[-107.723371,36.339484],[-107.767664,36.350423],[-107.749882,36.386672],[-107.76794,36.379666],[-107.777094,36.349596],[-107.794534,36.357399],[-107.794478,36.335849],[-107.768086,36.343256],[-107.76821,36.306936],[-107.78604,36.29225],[-107.768254,36.278023],[-107.7856,36.263001],[-107.830172,36.262924],[-107.821407,36.207885],[-107.830744,36.18942]]],[[[-107.840196,36.146906],[-107.840187,36.139208],[-107.829482,36.139188],[-107.829365,36.146881],[-107.840196,36.146906]]],[[[-107.840513,35.378525],[-107.822288,35.37743],[-107.822435,35.391797],[-107.840417,35.391637],[-107.840513,35.378525]]],[[[-107.847716,36.23401],[-107.839283,36.219415],[-107.830173,36.219545],[-107.830306,36.234016],[-107.847716,36.23401]]],[[[-107.84793,36.206441],[-107.839159,36.204847],[-107.839191,36.212357],[-107.847907,36.212281],[-107.84793,36.206441]]],[[[-107.852488,36.425726],[-107.829997,36.415786],[-107.838784,36.394093],[-107.825662,36.390425],[-107.796479,36.430177],[-107.852488,36.425726]]],[[[-107.85363,36.080946],[-107.828544,36.078714],[-107.812503,36.055215],[-107.731457,36.079887],[-107.750091,36.103721],[-107.686472,36.103031],[-107.68742,36.153982],[-107.713361,36.168431],[-107.713617,36.139434],[-107.731632,36.139605],[-107.731933,36.117854],[-107.758181,36.117998],[-107.768307,36.088914],[-107.85363,36.080946]],[[-107.695508,36.13225],[-107.695747,36.124734],[-107.714065,36.118018],[-107.713358,36.13944],[-107.695508,36.13225]]],[[[-107.856715,36.271026],[-107.847759,36.270327],[-107.84775,36.277505],[-107.85667,36.277545],[-107.856715,36.271026]]],[[[-107.858021,35.370055],[-107.850005,35.362826],[-107.840538,35.377626],[-107.857853,35.377316],[-107.858021,35.370055]]],[[[-107.864269,35.50754],[-107.863246,35.507158],[-107.861522,35.507609],[-107.863719,35.507553],[-107.864269,35.50754]]],[[[-107.865552,36.322727],[-107.857367,36.321063],[-107.857277,36.328383],[-107.8655,36.328441],[-107.865552,36.322727]]],[[[-107.865937,35.529005],[-107.865778,35.521454],[-107.857035,35.521509],[-107.857143,35.52917],[-107.865937,35.529005]]],[[[-107.874389,36.299388],[-107.874257,36.292228],[-107.865468,36.292148],[-107.865391,36.299452],[-107.874389,36.299388]]],[[[-107.874603,36.240556],[-107.8662,36.240149],[-107.86621,36.247908],[-107.874522,36.247854],[-107.874603,36.240556]]],[[[-107.874843,35.500865],[-107.865333,35.499651],[-107.865318,35.507545],[-107.874629,35.507588],[-107.874843,35.500865]]],[[[-107.875014,36.407102],[-107.856375,36.40825],[-107.856191,36.437388],[-107.874591,36.437507],[-107.875014,36.407102]]],[[[-107.875571,35.33372],[-107.875371,35.319728],[-107.858719,35.319744],[-107.859011,35.333692],[-107.875571,35.33372]]],[[[-107.878063,35.362882],[-107.877499,35.348088],[-107.865715,35.348102],[-107.868085,35.362897],[-107.878063,35.362882]]],[[[-107.878552,36.283987],[-107.871894,36.280365],[-107.870103,36.288736],[-107.878497,36.288762],[-107.878552,36.283987]]],[[[-107.883665,36.321617],[-107.874444,36.32091],[-107.874516,36.335266],[-107.883341,36.335461],[-107.883665,36.321617]]],[[[-107.894622,35.456566],[-107.885297,35.456554],[-107.885278,35.463565],[-107.894594,35.463586],[-107.894622,35.456566]]],[[[-107.895227,36.016133],[-107.895191,36.009],[-107.881815,36.009147],[-107.882059,36.01606],[-107.895227,36.016133]]],[[[-107.895484,35.348276],[-107.895467,35.341302],[-107.877524,35.341353],[-107.877499,35.348088],[-107.895484,35.348276]]],[[[-107.896128,35.405881],[-107.895974,35.392121],[-107.878221,35.3923],[-107.877867,35.406119],[-107.896128,35.405881]]],[[[-107.901899,36.191563],[-107.87621,36.190215],[-107.885504,36.146966],[-107.859153,36.154313],[-107.848083,36.219125],[-107.875863,36.21921],[-107.901899,36.191563]]],[[[-107.909979,35.510138],[-107.874629,35.507588],[-107.865928,35.536505],[-107.909749,35.52253],[-107.909979,35.510138]]],[[[-107.910525,36.294633],[-107.890598,36.284576],[-107.888161,36.298865],[-107.910409,36.298678],[-107.910525,36.294633]]],[[[-107.911092,36.262813],[-107.910988,36.240792],[-107.883507,36.225942],[-107.892427,36.255753],[-107.874362,36.255583],[-107.874454,36.269864],[-107.911092,36.262813]]],[[[-107.911243,36.379864],[-107.892542,36.379195],[-107.883667,36.357635],[-107.839033,36.379017],[-107.838784,36.394093],[-107.865466,36.393977],[-107.865894,36.379371],[-107.893215,36.415554],[-107.893818,36.386452],[-107.911243,36.379864]],[[-107.874961,36.386693],[-107.874952,36.379095],[-107.883929,36.379272],[-107.883836,36.386767],[-107.874961,36.386693]]],[[[-107.912319,35.470575],[-107.912314,35.463519],[-107.894594,35.463586],[-107.899403,35.478591],[-107.912319,35.470575]]],[[[-107.912828,36.104105],[-107.87696,36.109894],[-107.876921,36.081564],[-107.859208,36.08842],[-107.859089,36.117222],[-107.912593,36.124551],[-107.912828,36.104105]]],[[[-107.913463,35.408921],[-107.896128,35.405881],[-107.896306,35.419806],[-107.913439,35.419802],[-107.913463,35.408921]]],[[[-107.913538,35.333992],[-107.913332,35.319505],[-107.891737,35.319757],[-107.893033,35.333986],[-107.913538,35.333992]]],[[[-107.913804,35.392125],[-107.896307,35.362748],[-107.878063,35.362882],[-107.895974,35.392121],[-107.913804,35.392125]]],[[[-107.928175,35.636227],[-107.92802,35.622803],[-107.909372,35.622786],[-107.909534,35.637619],[-107.928175,35.636227]]],[[[-107.928573,36.291258],[-107.928505,36.284317],[-107.919044,36.284303],[-107.918926,36.291379],[-107.928573,36.291258]]],[[[-107.929017,36.240842],[-107.928875,36.233768],[-107.920037,36.233939],[-107.919998,36.240786],[-107.929017,36.240842]]],[[[-107.930503,35.427642],[-107.913423,35.426909],[-107.913404,35.434335],[-107.930488,35.434416],[-107.930503,35.427642]]],[[[-107.930513,35.449791],[-107.912232,35.449311],[-107.912314,35.463519],[-107.921376,35.463539],[-107.930513,35.449791]]],[[[-107.931191,35.348209],[-107.93084,35.33352],[-107.913538,35.333992],[-107.913744,35.348112],[-107.931191,35.348209]]],[[[-107.93173,35.37751],[-107.931484,35.361938],[-107.91442,35.362614],[-107.912975,35.377455],[-107.93173,35.37751]]],[[[-107.93171,35.772798],[-107.913846,35.768671],[-107.913612,35.783507],[-107.931519,35.783582],[-107.93171,35.772798]]],[[[-107.936838,35.59405],[-107.936661,35.580005],[-107.926752,35.580013],[-107.92704,35.594047],[-107.936838,35.59405]]],[[[-107.938534,36.437848],[-107.938419,36.430237],[-107.929374,36.430192],[-107.929224,36.437711],[-107.938534,36.437848]]],[[[-107.946806,35.543211],[-107.945489,35.521406],[-107.909749,35.52253],[-107.891612,35.565483],[-107.945943,35.565562],[-107.94674,35.550354],[-107.927451,35.543619],[-107.946806,35.543211]]],[[[-107.946931,35.48018],[-107.910475,35.478235],[-107.910653,35.493493],[-107.94692,35.500886],[-107.946931,35.48018]]],[[[-107.948167,35.333448],[-107.948001,35.326909],[-107.930746,35.326935],[-107.93084,35.33352],[-107.948167,35.333448]]],[[[-107.948397,35.412921],[-107.931583,35.405898],[-107.931093,35.419943],[-107.939277,35.4205],[-107.948397,35.412921]]],[[[-107.948627,35.784197],[-107.930662,35.790396],[-107.930719,35.797986],[-107.948491,35.798042],[-107.948627,35.784197]]],[[[-107.954088,36.328447],[-107.946093,36.327661],[-107.946051,36.334752],[-107.954057,36.33485],[-107.954088,36.328447]]],[[[-107.954122,36.262467],[-107.954106,36.255585],[-107.945787,36.255679],[-107.945532,36.262455],[-107.954122,36.262467]]],[[[-107.954309,36.281008],[-107.954326,36.277117],[-107.928427,36.27724],[-107.940828,36.28797],[-107.954309,36.281008]]],[[[-107.954996,36.480201],[-107.954941,36.473328],[-107.946542,36.473465],[-107.946767,36.480235],[-107.954996,36.480201]]],[[[-107.955124,36.35014],[-107.937808,36.334987],[-107.938364,36.31361],[-107.910759,36.313558],[-107.901135,36.328392],[-107.901927,36.350095],[-107.955124,36.35014]]],[[[-107.955146,35.576807],[-107.955102,35.572643],[-107.945689,35.572278],[-107.945621,35.579999],[-107.955146,35.576807]]],[[[-107.955476,35.521294],[-107.95526,35.507344],[-107.945808,35.507605],[-107.945489,35.521406],[-107.955476,35.521294]]],[[[-107.956395,36.197896],[-107.947196,36.197428],[-107.947064,36.204723],[-107.956293,36.20464],[-107.956395,36.197896]]],[[[-107.964163,36.238215],[-107.964185,36.233876],[-107.954831,36.234115],[-107.954797,36.240908],[-107.964163,36.238215]]],[[[-107.964241,36.490231],[-107.955311,36.488124],[-107.955549,36.495141],[-107.964238,36.494989],[-107.964241,36.490231]]],[[[-107.965185,36.211566],[-107.965142,36.20462],[-107.956293,36.20464],[-107.956373,36.211661],[-107.965185,36.211566]]],[[[-107.96616,36.11771],[-107.930075,36.102855],[-107.91241,36.132069],[-107.948503,36.118318],[-107.948566,36.132069],[-107.958265,36.132172],[-107.96616,36.11771]]],[[[-107.972283,36.311154],[-107.954233,36.299364],[-107.945981,36.321027],[-107.954188,36.313629],[-107.972283,36.311154]]],[[[-107.972368,36.32151],[-107.963513,36.320527],[-107.96372,36.334833],[-107.972339,36.334838],[-107.972368,36.32151]]],[[[-107.973374,36.350232],[-107.973163,36.342802],[-107.963696,36.342893],[-107.964031,36.350438],[-107.973374,36.350232]]],[[[-107.977479,36.226969],[-107.968582,36.22671],[-107.96852,36.233294],[-107.977443,36.233462],[-107.977479,36.226969]]],[[[-107.981805,36.291721],[-107.981586,36.284262],[-107.963555,36.284456],[-107.963327,36.291861],[-107.981805,36.291721]]],[[[-107.982902,35.348177],[-107.931191,35.348209],[-107.931484,35.361938],[-107.949067,35.358507],[-107.931818,35.392007],[-107.96528,35.391666],[-107.965408,35.362608],[-107.982803,35.362522],[-107.982902,35.348177]]],[[[-107.985139,36.140218],[-107.975325,36.140167],[-107.966673,36.118756],[-107.965938,36.147238],[-107.985139,36.140218]]],[[[-107.985215,36.114081],[-107.975705,36.110521],[-107.975609,36.117521],[-107.98516,36.117634],[-107.985215,36.114081]]],[[[-107.998389,35.507665],[-107.963264,35.506999],[-107.981284,35.551243],[-107.99832,35.551231],[-107.998389,35.507665]]],[[[-108.000177,35.405887],[-108.000044,35.39118],[-107.982133,35.388184],[-107.982331,35.406028],[-108.000177,35.405887]]],[[[-108.000394,35.362568],[-107.982803,35.362522],[-107.982386,35.377143],[-108.000349,35.377019],[-108.000394,35.362568]]],[[[-108.000568,35.42896],[-107.99039,35.428047],[-107.990734,35.436233],[-108.000253,35.436173],[-108.000568,35.42896]]],[[[-108.002007,36.103201],[-108.001996,36.08926],[-107.985652,36.096147],[-107.985672,36.10332],[-108.002007,36.103201]]],[[[-108.003356,36.161761],[-108.003211,36.147115],[-107.985723,36.153725],[-107.985539,36.161272],[-108.003356,36.161761]]],[[[-108.012174,36.086152],[-108.012157,36.081881],[-108.001978,36.081828],[-108.001996,36.08926],[-108.012174,36.086152]]],[[[-108.01376,36.000189],[-108.013814,35.994526],[-108.003679,35.994552],[-108.003714,36.002241],[-108.01376,36.000189]]],[[[-108.016552,36.313847],[-108.016349,36.300281],[-107.981283,36.30642],[-107.981454,36.313217],[-108.016552,36.313847]]],[[[-108.019104,36.415474],[-108.019139,36.408153],[-108.010449,36.408142],[-108.010346,36.41587],[-108.019104,36.415474]]],[[[-108.033671,35.558307],[-107.99832,35.551231],[-107.998115,35.566574],[-108.033356,35.566161],[-108.033671,35.558307]]],[[[-108.034174,36.299777],[-108.034052,36.293335],[-108.025762,36.293158],[-108.026032,36.299636],[-108.034174,36.299777]]],[[[-108.034994,36.262499],[-108.034614,36.241336],[-108.018385,36.241291],[-108.017185,36.262851],[-108.034994,36.262499]]],[[[-108.035016,36.277662],[-108.034944,36.270569],[-108.025409,36.270484],[-108.025298,36.277966],[-108.035016,36.277662]]],[[[-108.053482,36.33179],[-108.035138,36.32145],[-108.008543,36.321276],[-108.017481,36.336052],[-108.053482,36.33179]]],[[[-108.054402,36.235137],[-108.036952,36.234527],[-108.034858,36.241266],[-108.053796,36.241401],[-108.054402,36.235137]]],[[[-108.058432,36.105667],[-108.04063,36.103346],[-108.05804,36.075839],[-108.022272,36.075266],[-108.021763,36.103855],[-108.002022,36.103701],[-108.022589,36.136927],[-108.003031,36.176026],[-108.040814,36.169336],[-108.040607,36.118655],[-108.058412,36.118679],[-108.058432,36.105667]],[[-108.040635,36.089059],[-108.031137,36.089017],[-108.031193,36.08223],[-108.040638,36.08223],[-108.040635,36.089059]]],[[[-108.063023,36.366858],[-108.054362,36.3651],[-108.054399,36.372276],[-108.063004,36.372279],[-108.063023,36.366858]]],[[[-108.065383,35.292581],[-108.047342,35.291542],[-108.047482,35.305814],[-108.065351,35.306015],[-108.065383,35.292581]]],[[[-108.069889,35.356648],[-108.069585,35.349229],[-108.052255,35.349107],[-108.052159,35.356996],[-108.069889,35.356648]]],[[[-108.070225,35.324561],[-108.052602,35.321763],[-108.052361,35.334626],[-108.070169,35.334577],[-108.070225,35.324561]]],[[[-108.070403,35.369783],[-108.070383,35.364125],[-108.052676,35.36414],[-108.052726,35.371996],[-108.070403,35.369783]]],[[[-108.071245,36.322922],[-108.063236,36.321601],[-108.063118,36.335516],[-108.071216,36.335361],[-108.071245,36.322922]]],[[[-108.071791,36.357749],[-108.071755,36.350221],[-108.06301,36.350643],[-108.063418,36.35776],[-108.071791,36.357749]]],[[[-108.074569,35.945902],[-108.056397,35.943945],[-108.056489,35.958778],[-108.074233,35.958813],[-108.074569,35.945902]]],[[[-108.076537,36.121766],[-108.058412,36.118679],[-108.058366,36.133551],[-108.07643,36.133688],[-108.076537,36.121766]]],[[[-108.076709,36.068261],[-108.058175,36.060818],[-108.05804,36.075839],[-108.067599,36.075882],[-108.076709,36.068261]]],[[[-108.08033,36.37182],[-108.080227,36.36484],[-108.072025,36.364866],[-108.072059,36.371862],[-108.08033,36.37182]]],[[[-108.083347,35.27016],[-108.08331,35.262698],[-108.06508,35.262694],[-108.065117,35.270114],[-108.083347,35.27016]]],[[[-108.083384,35.291657],[-108.08327,35.277321],[-108.065348,35.284306],[-108.065387,35.291617],[-108.083384,35.291657]]],[[[-108.087277,35.608933],[-108.08719,35.594862],[-108.069272,35.594758],[-108.069314,35.608931],[-108.087277,35.608933]]],[[[-108.092675,35.784918],[-108.074591,35.783632],[-108.074527,35.790638],[-108.092591,35.790548],[-108.092675,35.784918]]],[[[-108.094399,36.048186],[-108.076254,36.046776],[-108.076285,36.054644],[-108.094349,36.054605],[-108.094399,36.048186]]],[[[-108.094725,36.03246],[-108.093738,36.017537],[-108.057799,36.016931],[-108.058066,36.046038],[-108.094725,36.03246]]],[[[-108.094908,36.0961],[-108.094792,36.076006],[-108.077022,36.075892],[-108.076321,36.089199],[-108.094908,36.0961]]],[[[-108.094912,36.104873],[-108.077262,36.104058],[-108.076564,36.118786],[-108.094695,36.118897],[-108.094912,36.104873]]],[[[-108.09503,36.14834],[-108.094556,36.133798],[-108.07643,36.133688],[-108.076336,36.148335],[-108.059593,36.148335],[-108.059718,36.177095],[-108.076931,36.177163],[-108.076683,36.148322],[-108.09503,36.14834]]],[[[-108.096336,35.352361],[-108.087762,35.334952],[-108.070169,35.334577],[-108.069585,35.349229],[-108.096336,35.352361]]],[[[-108.098357,36.376033],[-108.0895,36.350271],[-108.080338,36.350299],[-108.089603,36.379132],[-108.098357,36.376033]]],[[[-108.108366,36.385829],[-108.108353,36.379075],[-108.098351,36.379114],[-108.098353,36.38586],[-108.108366,36.385829]]],[[[-108.109838,35.950933],[-108.10974,35.943361],[-108.101168,35.943403],[-108.101316,35.950914],[-108.109838,35.950933]]],[[[-108.110176,36.249323],[-108.100917,36.249088],[-108.10065,36.256503],[-108.109998,36.256463],[-108.110176,36.249323]]],[[[-108.110293,35.812609],[-108.11015,35.797977],[-108.092326,35.797844],[-108.092418,35.81262],[-108.110293,35.812609]]],[[[-108.110773,35.870464],[-108.110768,35.855716],[-108.091852,35.85535],[-108.055791,35.899792],[-108.110773,35.870464]]],[[[-108.111377,36.229868],[-108.073542,36.227576],[-108.071954,36.256089],[-108.100917,36.249088],[-108.111377,36.229868]]],[[[-108.117876,35.284971],[-108.117848,35.277888],[-108.100196,35.277709],[-108.100121,35.291705],[-108.117876,35.284971]]],[[[-108.122185,36.162616],[-108.122114,36.155],[-108.113621,36.155071],[-108.11368,36.162817],[-108.122185,36.162616]]],[[[-108.123417,35.875282],[-108.115945,35.873216],[-108.115344,35.881168],[-108.12337,35.880981],[-108.123417,35.875282]]],[[[-108.123707,35.3216],[-108.123557,35.306179],[-108.087519,35.309484],[-108.100121,35.291705],[-108.070186,35.306068],[-108.087762,35.334952],[-108.123707,35.3216]]],[[[-108.123832,35.350224],[-108.123777,35.335644],[-108.104608,35.335066],[-108.105093,35.349432],[-108.123832,35.350224]]],[[[-108.124253,35.364656],[-108.087982,35.363228],[-108.087922,35.378485],[-108.124113,35.386539],[-108.124253,35.364656]]],[[[-108.139902,35.426557],[-108.122375,35.423848],[-108.122576,35.430557],[-108.139839,35.430459],[-108.139902,35.426557]]],[[[-108.141149,35.458108],[-108.140903,35.451096],[-108.131397,35.451225],[-108.131696,35.458126],[-108.141149,35.458108]]],[[[-108.145973,35.856701],[-108.12805,35.855918],[-108.128161,35.87129],[-108.145786,35.871339],[-108.145973,35.856701]]],[[[-108.146037,35.812417],[-108.145925,35.798236],[-108.127972,35.798329],[-108.128263,35.812759],[-108.146037,35.812417]]],[[[-108.146015,35.777559],[-108.145919,35.768801],[-108.127848,35.768872],[-108.128235,35.78339],[-108.146015,35.777559]]],[[[-108.146085,35.899772],[-108.145938,35.884392],[-108.128053,35.884064],[-108.128074,35.899151],[-108.146085,35.899772]]],[[[-108.146271,35.914707],[-108.128377,35.914632],[-108.109962,35.884344],[-108.091625,35.884419],[-108.109542,35.907376],[-108.092827,35.928906],[-108.1096,35.928929],[-108.10974,35.943361],[-108.127895,35.943613],[-108.146271,35.914707]]],[[[-108.146769,35.827342],[-108.110293,35.812609],[-108.101558,35.826935],[-108.074836,35.826883],[-108.074771,35.841317],[-108.055608,35.841371],[-108.055454,35.871094],[-108.073942,35.870759],[-108.092368,35.841581],[-108.12805,35.855918],[-108.146769,35.827342]],[[-108.110766,35.841087],[-108.110533,35.827091],[-108.120686,35.827145],[-108.120259,35.841292],[-108.110766,35.841087]]],[[[-108.148664,36.177133],[-108.148585,36.162634],[-108.130239,36.162611],[-108.130221,36.177068],[-108.148664,36.177133]]],[[[-108.157345,36.140321],[-108.15735,36.133577],[-108.148765,36.133524],[-108.148724,36.140145],[-108.157345,36.140321]]],[[[-108.157922,35.39555],[-108.157328,35.379817],[-108.140092,35.379748],[-108.139405,35.39555],[-108.157922,35.39555]]],[[[-108.163517,35.681128],[-108.145865,35.681193],[-108.145287,35.696303],[-108.161652,35.69639],[-108.163517,35.681128]]],[[[-108.164431,35.841903],[-108.155003,35.840897],[-108.154708,35.85623],[-108.164386,35.856344],[-108.164431,35.841903]]],[[[-108.165341,35.90039],[-108.146085,35.899772],[-108.146285,35.914602],[-108.164839,35.91435],[-108.165341,35.90039]]],[[[-108.165423,35.936865],[-108.146764,35.928721],[-108.128033,35.958419],[-108.164997,35.958615],[-108.165423,35.936865]]],[[[-108.165552,35.874065],[-108.145786,35.871339],[-108.145938,35.884392],[-108.165452,35.884749],[-108.165552,35.874065]]]]},"properties":{"GEOID":"2430T","TRIBE_NAME":"NavajoNation,Arizona,NewMexico,&Utah"}},{"type":"Feature","id":9,"geometry":{"type":"MultiPolygon","coordinates":[[[[-119.700939,37.21555],[-119.699851,37.213704],[-119.698841,37.213696],[-119.699991,37.215968],[-119.700939,37.21555]]],[[[-119.710288,37.210593],[-119.704505,37.207161],[-119.699798,37.207108],[-119.700416,37.2144],[-119.710288,37.210593]]]]},"properties":{"GEOID":"2775T","TRIBE_NAME":"PicayuneRancheriaofChukchansiIndiansofCalifornia"}},{"type":"Feature","id":10,"geometry":{"type":"Polygon","coordinates":[[[-118.884595,36.091209],[-118.881619,36.088588],[-118.877034,36.09109],[-118.879454,36.09345],[-118.884595,36.091209]]]},"properties":{"GEOID":"4300T","TRIBE_NAME":"TuleRiverIndianTribeoftheTuleRiverReservation,California"}},{"type":"Feature","id":11,"geometry":{"type":"MultiPolygon","coordinates":[[[[-106.814281,35.479945],[-106.778252,35.49374],[-106.778666,35.519303],[-106.814019,35.502126],[-106.814281,35.479945]]],[[[-106.82028,35.468866],[-106.815616,35.468181],[-106.814375,35.47913],[-106.819957,35.479093],[-106.82028,35.468866]]]]},"properties":{"GEOID":"4770T","TRIBE_NAME":"PuebloofZia,NewMexico"}},{"type":"Feature","id":12,"geometry":{"type":"MultiPolygon","coordinates":[[[[-92.497304,47.704652],[-92.497008,47.702089],[-92.48745,47.705143],[-92.497303,47.704987],[-92.497304,47.704652]]],[[[-92.561637,47.610427],[-92.561614,47.606307],[-92.561623,47.593193],[-92.559181,47.604288],[-92.561637,47.610427]]],[[[-94.040269,46.991082],[-94.040156,46.984034],[-94.030638,46.984061],[-94.03054,46.991022],[-94.040269,46.991082]]],[[[-95.422915,46.95873],[-95.422912,46.957701],[-95.413965,46.955764],[-95.413881,46.958752],[-95.422915,46.95873]]],[[[-95.83498,46.506078],[-95.834947,46.503185],[-95.832937,46.503494],[-95.832977,46.506055],[-95.83498,46.506078]]]]},"properties":{"GEOID":"2285T","TRIBE_NAME":"MinnesotaChippewaTribe,Minnesota(Sixcomponentreservations:BoisForteBand(NettLake);FondduLacBand;GrandPortageBand;LeechLakeBand;MilleLacsBand;WhiteEarthBand)"}},{"type":"Feature","id":13,"geometry":{"type":"MultiPolygon","coordinates":[[[[-105.992095,35.855784],[-105.991569,35.854992],[-105.990422,35.854975],[-105.990412,35.855813],[-105.992095,35.855784]]],[[[-105.992823,35.84844],[-105.98848,35.845729],[-105.983152,35.845726],[-105.983134,35.848884],[-105.992823,35.84844]],[[-105.988115,35.846297],[-105.987161,35.846897],[-105.983296,35.846973],[-105.983352,35.845901],[-105.988115,35.846297]],[[-105.984732,35.847162],[-105.984734,35.847507],[-105.983374,35.847493],[-105.983368,35.847118],[-105.984732,35.847162]]],[[[-105.995427,35.850957],[-105.995052,35.850077],[-105.994162,35.85036],[-105.994638,35.851216],[-105.995427,35.850957]]],[[[-106.001376,35.851414],[-105.997271,35.841703],[-105.995468,35.843932],[-105.992555,35.841265],[-105.991642,35.841154],[-105.989999,35.841352],[-106.001376,35.851414]],[[-105.99572,35.844957],[-105.995873,35.845513],[-105.995182,35.845501],[-105.995014,35.844947],[-105.99572,35.844957]],[[-105.994962,35.844438],[-105.994108,35.844838],[-105.993611,35.844122],[-105.994705,35.844078],[-105.994962,35.844438]]],[[[-106.085204,35.591443],[-106.085203,35.587836],[-106.076978,35.581974],[-106.06691,35.588159],[-106.085204,35.591443]],[[-106.082867,35.588609],[-106.084081,35.589006],[-106.082663,35.590136],[-106.081768,35.589427],[-106.082867,35.588609]]]]},"properties":{"GEOID":"2990T","TRIBE_NAME":"PuebloofPojoaque,NewMexico"}},{"type":"Feature","id":14,"geometry":{"type":"MultiPolygon","coordinates":[[[[-98.070167,48.895322],[-98.070155,48.887673],[-98.059327,48.891349],[-98.059327,48.895429],[-98.070167,48.895322]]],[[[-98.080749,48.836989],[-98.080737,48.83352],[-98.070396,48.833485],[-98.070257,48.837478],[-98.080749,48.836989]]],[[[-99.679278,48.736309],[-99.657306,48.733],[-99.657288,48.740342],[-99.669581,48.740175],[-99.679278,48.736309]]],[[[-99.679643,48.935709],[-99.67973,48.928431],[-99.668852,48.928449],[-99.66856,48.935621],[-99.679643,48.935709]]],[[[-99.679765,48.893556],[-99.67372,48.892292],[-99.668083,48.896332],[-99.679731,48.896401],[-99.679765,48.893556]]],[[[-99.711005,48.942887],[-99.710054,48.941813],[-99.708886,48.942308],[-99.709912,48.943356],[-99.711005,48.942887]]],[[[-99.712287,48.744057],[-99.712322,48.740443],[-99.70112,48.740365],[-99.701139,48.744019],[-99.712287,48.744057]]],[[[-99.722969,48.994028],[-99.722969,48.986258],[-99.711105,48.986263],[-99.711003,48.993986],[-99.722969,48.994028]]],[[[-99.723022,48.964623],[-99.722964,48.957411],[-99.711399,48.957321],[-99.711308,48.96446],[-99.723022,48.964623]]],[[[-99.723049,48.941257],[-99.723028,48.93564],[-99.707454,48.93562],[-99.717258,48.94294],[-99.723049,48.941257]]],[[[-99.755907,48.935963],[-99.744996,48.935574],[-99.745003,48.94333],[-99.755952,48.943278],[-99.755907,48.935963]]],[[[-99.76708,48.798768],[-99.755785,48.798094],[-99.755979,48.805407],[-99.766956,48.805442],[-99.76708,48.798768]]],[[[-99.810588,48.740769],[-99.799155,48.740435],[-99.799518,48.747692],[-99.810505,48.747559],[-99.810588,48.740769]]],[[[-99.821166,48.990223],[-99.821229,48.986122],[-99.810583,48.986047],[-99.810605,48.990137],[-99.821166,48.990223]]],[[[-99.821372,48.769249],[-99.820957,48.76461],[-99.810525,48.764763],[-99.810618,48.769177],[-99.821372,48.769249]]],[[[-99.825516,48.783914],[-99.825613,48.776548],[-99.821436,48.776529],[-99.821415,48.78394],[-99.825516,48.783914]]],[[[-99.832545,48.734972],[-99.821412,48.733502],[-99.821358,48.74065],[-99.832539,48.740684],[-99.832545,48.734972]]],[[[-99.833128,48.999204],[-99.832452,48.993432],[-99.821473,48.993383],[-99.821471,48.999205],[-99.833128,48.999204]]],[[[-99.838001,48.805349],[-99.837768,48.79119],[-99.821783,48.791162],[-99.821794,48.797902],[-99.838001,48.805349]]],[[[-99.854366,48.79054],[-99.854257,48.788695],[-99.843476,48.788641],[-99.84336,48.791158],[-99.854366,48.79054]]],[[[-99.85441,48.772599],[-99.844148,48.769238],[-99.844149,48.776594],[-99.85439,48.776587],[-99.85441,48.772599]]],[[[-99.876312,48.791621],[-99.859419,48.791094],[-99.859193,48.805607],[-99.876292,48.798977],[-99.876312,48.791621]]],[[[-99.876356,48.727564],[-99.864661,48.726103],[-99.864585,48.733531],[-99.876014,48.73357],[-99.876356,48.727564]]],[[[-99.932248,48.939016],[-99.913502,48.935224],[-99.91475,48.892432],[-99.810294,48.892204],[-99.821327,48.914106],[-99.788412,48.906419],[-99.788838,48.892132],[-99.690757,48.892245],[-99.657046,48.906733],[-99.712176,48.913823],[-99.701064,48.928475],[-99.744996,48.935574],[-99.723182,48.913755],[-99.755936,48.905815],[-99.745033,48.921314],[-99.767118,48.920905],[-99.767067,48.943003],[-99.783573,48.9503],[-99.8431,48.943719],[-99.849341,48.963152],[-99.854385,48.93561],[-99.833188,48.93192],[-99.848977,48.918034],[-99.865276,48.935559],[-99.886877,48.928193],[-99.876527,48.950477],[-99.9069,48.950156],[-99.898521,48.957675],[-99.920533,48.957481],[-99.932248,48.939016]],[[-99.909206,48.928323],[-99.908948,48.94255],[-99.898817,48.949366],[-99.898247,48.928157],[-99.909206,48.928323]],[[-99.827685,48.92148],[-99.821976,48.93229],[-99.810482,48.925123],[-99.822632,48.91475],[-99.827685,48.92148]],[[-99.822661,48.9357],[-99.788613,48.942821],[-99.788934,48.923898],[-99.79439,48.930965],[-99.822661,48.9357]],[[-99.804971,48.92167],[-99.804832,48.924305],[-99.799654,48.924416],[-99.799613,48.921636],[-99.804971,48.92167]],[[-99.794675,48.916868],[-99.794286,48.92161],[-99.788554,48.921579],[-99.78866,48.917695],[-99.794675,48.916868]],[[-99.701426,48.899634],[-99.701165,48.906576],[-99.690572,48.906629],[-99.690673,48.899479],[-99.701426,48.899634]]],[[[-99.939657,48.718707],[-99.939613,48.714819],[-99.928124,48.714725],[-99.928131,48.718689],[-99.939657,48.718707]]],[[[-99.985957,48.813668],[-99.974819,48.813032],[-99.974887,48.820275],[-99.985945,48.820281],[-99.985957,48.813668]]],[[[-99.997216,48.805842],[-99.985953,48.805747],[-99.98596,48.813065],[-99.99717,48.813103],[-99.997216,48.805842]]],[[[-100.040713,48.807569],[-100.012535,48.805686],[-100.007672,48.820258],[-100.0242,48.820278],[-100.040713,48.807569]]],[[[-100.045884,48.821338],[-100.034912,48.820263],[-100.035114,48.824024],[-100.041776,48.824177],[-100.045884,48.821338]]],[[[-100.073234,48.83825],[-100.073214,48.827627],[-100.029682,48.842394],[-100.029896,48.827639],[-100.002482,48.834479],[-100.002683,48.820257],[-99.958297,48.823436],[-99.964026,48.798151],[-99.953207,48.798165],[-99.942043,48.805733],[-99.951825,48.834867],[-99.920023,48.834641],[-99.931138,48.878472],[-99.919921,48.885414],[-99.941935,48.90358],[-99.975418,48.885322],[-100.003821,48.892257],[-99.981255,48.870656],[-100.007828,48.849249],[-100.018822,48.874935],[-99.997026,48.870588],[-100.007318,48.892229],[-100.040024,48.887864],[-100.029317,48.903169],[-100.051668,48.907237],[-100.062687,48.888276],[-100.051492,48.856297],[-100.067957,48.856366],[-100.062589,48.838251],[-100.073234,48.83825]],[[-100.040641,48.852877],[-100.040688,48.856419],[-100.0297,48.856435],[-100.029752,48.852967],[-100.040641,48.852877]],[[-99.980519,48.827602],[-99.980644,48.830739],[-99.974862,48.830921],[-99.975026,48.827015],[-99.980519,48.827602]],[[-99.951825,48.834867],[-99.958315,48.830694],[-99.970128,48.830451],[-99.969442,48.838609],[-99.951825,48.834867]],[[-99.975418,48.885322],[-99.94187,48.871398],[-99.969527,48.863269],[-99.941879,48.849226],[-99.985877,48.849253],[-99.975418,48.885322]],[[-100.002482,48.834479],[-100.00264,48.837953],[-99.996886,48.837953],[-99.996887,48.834318],[-100.002482,48.834479]]],[[[-100.084779,48.847701],[-100.084887,48.842045],[-100.071831,48.842261],[-100.0734,48.849083],[-100.084779,48.847701]]],[[[-100.089959,48.851913],[-100.089995,48.849062],[-100.084789,48.849073],[-100.084956,48.852857],[-100.089959,48.851913]]],[[[-100.09549,48.834727],[-100.084977,48.83468],[-100.084887,48.842045],[-100.095258,48.842046],[-100.09549,48.834727]]],[[[-100.626248,48.23973],[-100.626244,48.232258],[-100.615385,48.232242],[-100.615376,48.23969],[-100.626248,48.23973]]],[[[-101.089226,47.688839],[-101.08907,47.677905],[-101.083251,47.677934],[-101.078879,47.688808],[-101.089226,47.688839]]],[[[-101.330388,47.703006],[-101.330293,47.695746],[-101.319102,47.69581],[-101.319197,47.70307],[-101.330388,47.703006]]],[[[-101.367887,47.72184],[-101.357136,47.717678],[-101.35706,47.732052],[-101.367703,47.731988],[-101.367887,47.72184]]],[[[-101.389304,47.811908],[-101.38921,47.804799],[-101.378757,47.804897],[-101.378777,47.811968],[-101.389304,47.811908]]],[[[-102.146865,48.408704],[-102.146852,48.401727],[-102.125168,48.401751],[-102.125072,48.408728],[-102.146865,48.408704]]],[[[-102.149675,48.298852],[-102.149614,48.291573],[-102.138375,48.291611],[-102.138389,48.298905],[-102.149675,48.298852]]],[[[-102.150765,45.382589],[-102.150754,45.37473],[-102.119558,45.378358],[-102.11957,45.382614],[-102.150765,45.382589]]],[[[-102.158507,48.423929],[-102.158614,48.416101],[-102.146888,48.416022],[-102.146768,48.42385],[-102.158507,48.423929]]],[[[-102.192417,48.312703],[-102.192081,48.298353],[-102.181267,48.298508],[-102.181077,48.312812],[-102.192417,48.312703]]],[[[-102.320584,48.411932],[-102.309874,48.408753],[-102.309949,48.415867],[-102.320478,48.415867],[-102.320584,48.411932]]],[[[-102.734091,48.6844],[-102.734356,48.676882],[-102.712449,48.676872],[-102.712393,48.68439],[-102.734091,48.6844]]],[[[-102.805152,45.150898],[-102.805036,45.143632],[-102.794773,45.143681],[-102.794775,45.150935],[-102.805152,45.150898]]],[[[-103.442209,48.176274],[-103.44215,48.168909],[-103.43133,48.168946],[-103.43139,48.176311],[-103.442209,48.176274]]],[[[-103.848077,48.843812],[-103.84803,48.836935],[-103.83779,48.836808],[-103.837766,48.843799],[-103.848077,48.843812]]],[[[-103.852166,48.136752],[-103.841717,48.132899],[-103.841553,48.140298],[-103.852159,48.140305],[-103.852166,48.136752]]],[[[-103.863216,48.052569],[-103.86303,48.049821],[-103.852186,48.049797],[-103.857086,48.057284],[-103.863216,48.052569]]],[[[-103.916919,48.118417],[-103.916895,48.111163],[-103.90647,48.111228],[-103.90647,48.118416],[-103.916919,48.118417]]],[[[-103.937862,48.053993],[-103.92686,48.053554],[-103.926856,48.060931],[-103.937857,48.060812],[-103.937862,48.053993]]],[[[-103.939199,48.484163],[-103.928265,48.481592],[-103.928223,48.488868],[-103.939183,48.488874],[-103.939199,48.484163]]],[[[-103.939276,48.118541],[-103.939209,48.110805],[-103.927919,48.111181],[-103.927919,48.11854],[-103.939276,48.118541]]],[[[-103.947359,47.992216],[-103.936854,47.989139],[-103.936813,47.996682],[-103.947358,47.996746],[-103.947359,47.992216]]],[[[-103.957966,48.756981],[-103.958338,48.749575],[-103.947094,48.749708],[-103.947108,48.75698],[-103.957966,48.756981]]],[[[-103.971174,48.111265],[-103.949562,48.107601],[-103.949334,48.115041],[-103.971033,48.115043],[-103.971174,48.111265]]],[[[-103.971789,48.598676],[-103.96053,48.59746],[-103.960494,48.605082],[-103.971738,48.605138],[-103.971789,48.598676]]],[[[-103.971694,48.539011],[-103.971889,48.532201],[-103.960479,48.532375],[-103.96044,48.539035],[-103.971694,48.539011]]],[[[-103.980001,48.728091],[-103.968385,48.72805],[-103.968384,48.735027],[-103.97999,48.735043],[-103.980001,48.728091]]],[[[-103.982536,48.532076],[-103.982452,48.525739],[-103.971843,48.524951],[-103.971889,48.532201],[-103.982536,48.532076]]],[[[-103.993939,48.397327],[-103.982954,48.394922],[-103.983071,48.402097],[-103.993827,48.402122],[-103.993939,48.397327]]],[[[-104.004443,48.537337],[-104.004439,48.532152],[-103.993713,48.532132],[-103.993577,48.539656],[-104.004443,48.537337]]],[[[-104.00447,48.568286],[-104.004502,48.561341],[-103.993543,48.561324],[-103.993732,48.568626],[-104.00447,48.568286]]],[[[-104.01562,48.402136],[-104.01566,48.394738],[-104.004083,48.394781],[-104.004177,48.40214],[-104.01562,48.402136]]],[[[-104.025545,48.230334],[-104.025497,48.226711],[-104.014267,48.226767],[-104.014393,48.230385],[-104.025545,48.230334]]],[[[-104.025617,48.205093],[-104.025545,48.198176],[-104.013954,48.198176],[-104.014027,48.20515],[-104.025617,48.205093]]],[[[-104.026387,48.526302],[-104.026108,48.525013],[-104.005844,48.525164],[-104.007575,48.531931],[-104.026387,48.526302]]],[[[-104.036481,48.141609],[-104.025335,48.140242],[-104.025288,48.147658],[-104.036467,48.14766],[-104.036481,48.141609]]],[[[-104.037122,48.358401],[-104.036933,48.342856],[-104.014172,48.342777],[-104.015378,48.358515],[-104.037122,48.358401]]],[[[-104.037204,48.524859],[-104.037191,48.51794],[-104.026123,48.517859],[-104.026108,48.525013],[-104.037204,48.524859]]],[[[-104.037749,48.431424],[-104.037782,48.423933],[-104.015538,48.42397],[-104.015514,48.431422],[-104.037749,48.431424]]],[[[-104.045588,48.140284],[-104.045542,48.133028],[-104.036487,48.133051],[-104.036479,48.140224],[-104.045588,48.140284]]],[[[-104.04617,48.263081],[-104.03591,48.234147],[-104.025581,48.234078],[-104.01433,48.273491],[-104.04617,48.263081]]],[[[-104.046361,48.287768],[-104.04634,48.284865],[-104.036,48.284862],[-104.025915,48.299383],[-104.046361,48.287768]]],[[[-104.046619,48.321073],[-104.04656,48.313858],[-104.035788,48.313933],[-104.035951,48.321178],[-104.046619,48.321073]]],[[[-104.047709,48.547098],[-104.037201,48.532465],[-104.015311,48.53893],[-104.015433,48.546885],[-104.047709,48.547098]]],[[[-104.047826,48.597537],[-104.047757,48.583114],[-104.038222,48.583072],[-104.038152,48.597605],[-104.047826,48.597537]]],[[[-104.0481,48.67715],[-104.048075,48.670137],[-104.037236,48.67032],[-104.037267,48.677168],[-104.0481,48.67715]]],[[[-104.052399,48.06355],[-104.046798,48.063251],[-104.046798,48.077777],[-104.05231,48.077777],[-104.052399,48.06355]]],[[[-104.064366,48.382422],[-104.037242,48.380607],[-104.037231,48.387687],[-104.064366,48.389299],[-104.064366,48.382422]]],[[[-104.069809,48.516469],[-104.064329,48.515951],[-104.064334,48.519487],[-104.069781,48.51946],[-104.069809,48.516469]]],[[[-104.073797,48.102768],[-104.063098,48.09937],[-104.063031,48.10667],[-104.07377,48.106678],[-104.073797,48.102768]]],[[[-104.086167,48.331535],[-104.075551,48.331392],[-104.075508,48.338677],[-104.086153,48.338713],[-104.086167,48.331535]]],[[[-104.096985,48.356743],[-104.075119,48.353182],[-104.07512,48.360379],[-104.096981,48.360379],[-104.096985,48.356743]]],[[[-104.102396,48.37851],[-104.102396,48.37487],[-104.096911,48.37487],[-104.096911,48.37851],[-104.102396,48.37851]]],[[[-104.107809,48.476132],[-104.107738,48.46895],[-104.096848,48.468955],[-104.096848,48.476126],[-104.107809,48.476132]]],[[[-104.107986,48.514789],[-104.086123,48.51235],[-104.086126,48.519527],[-104.10782,48.526732],[-104.107986,48.514789]]],[[[-104.133589,48.577672],[-104.123169,48.563227],[-104.112,48.563157],[-104.111757,48.584852],[-104.133589,48.577672]]],[[[-104.133725,48.586367],[-104.122139,48.584848],[-104.122262,48.592039],[-104.133645,48.592029],[-104.133725,48.586367]]],[[[-104.140418,48.43588],[-104.140418,48.432733],[-104.134818,48.432733],[-104.134818,48.436418],[-104.140418,48.43588]]],[[[-104.144336,48.570308],[-104.144336,48.562906],[-104.133474,48.562906],[-104.133568,48.570327],[-104.144336,48.570308]]],[[[-104.151414,48.474721],[-104.151402,48.468887],[-104.140417,48.468892],[-104.140328,48.476172],[-104.151414,48.474721]]],[[[-104.162232,48.345889],[-104.16223,48.338494],[-104.151336,48.338501],[-104.151334,48.345872],[-104.162232,48.345889]]],[[[-104.172966,48.404076],[-104.172966,48.396598],[-104.162079,48.396598],[-104.162079,48.404076],[-104.172966,48.404076]]],[[[-104.173065,48.433212],[-104.162095,48.432814],[-104.167782,48.443717],[-104.173068,48.44373],[-104.173065,48.433212]]],[[[-104.17314,48.483556],[-104.173118,48.476255],[-104.162137,48.47638],[-104.162187,48.483541],[-104.17314,48.483556]]],[[[-104.173144,48.367576],[-104.151416,48.367614],[-104.129515,48.382027],[-104.173092,48.389377],[-104.16226,48.375265],[-104.173144,48.367576]]],[[[-104.184236,48.54419],[-104.173417,48.541418],[-104.173333,48.548616],[-104.184218,48.548647],[-104.184236,48.54419]]],[[[-104.194857,48.467361],[-104.194833,48.461757],[-104.183923,48.462055],[-104.183905,48.469035],[-104.194857,48.467361]]],[[[-104.194929,48.562384],[-104.194918,48.55583],[-104.173337,48.555839],[-104.1733,48.563062],[-104.194929,48.562384]]],[[[-104.205519,48.381966],[-104.184305,48.375317],[-104.183829,48.389383],[-104.194719,48.38939],[-104.205519,48.381966]]],[[[-104.205608,48.411083],[-104.205608,48.403869],[-104.195018,48.403869],[-104.194965,48.411083],[-104.205608,48.411083]]],[[[-104.205754,48.361874],[-104.183963,48.360389],[-104.183978,48.367624],[-104.205706,48.367596],[-104.205754,48.361874]]],[[[-104.21686,48.534227],[-104.216798,48.519715],[-104.194947,48.526938],[-104.195008,48.534191],[-104.21686,48.534227]]],[[[-104.216952,48.548615],[-104.216863,48.54142],[-104.205872,48.541432],[-104.205867,48.548627],[-104.216952,48.548615]]],[[[-104.227316,48.345915],[-104.227312,48.338553],[-104.216467,48.338567],[-104.216463,48.345938],[-104.227316,48.345915]]],[[[-104.227509,48.470547],[-104.205608,48.469132],[-104.205651,48.476238],[-104.227509,48.476211],[-104.227509,48.470547]]],[[[-104.227531,48.432735],[-104.227466,48.425528],[-104.216563,48.42554],[-104.216569,48.432589],[-104.227531,48.432735]]],[[[-104.227668,48.557636],[-104.216588,48.555898],[-104.21658,48.563017],[-104.227663,48.56299],[-104.227668,48.557636]]],[[[-104.227821,48.402142],[-104.227923,48.396603],[-104.216565,48.396596],[-104.216574,48.403802],[-104.227821,48.402142]]],[[[-104.230547,48.195832],[-104.230547,48.186543],[-104.214185,48.19015],[-104.21972,48.201054],[-104.230547,48.195832]]],[[[-104.237094,48.54006],[-104.237043,48.534067],[-104.227147,48.534046],[-104.227147,48.541421],[-104.237094,48.54006]]],[[[-104.237666,48.466502],[-104.237666,48.447323],[-104.227509,48.447323],[-104.227509,48.469132],[-104.237666,48.466502]]],[[[-104.237819,48.35742],[-104.237711,48.345912],[-104.227316,48.345915],[-104.227312,48.360296],[-104.237819,48.35742]]],[[[-104.259583,48.367668],[-104.259519,48.360177],[-104.249037,48.360185],[-104.24906,48.367667],[-104.259583,48.367668]]],[[[-104.263306,48.081515],[-104.257463,48.081469],[-104.257463,48.08523],[-104.263306,48.08523],[-104.263306,48.081515]]],[[[-104.270351,48.471121],[-104.259345,48.468949],[-104.259348,48.476244],[-104.270349,48.476244],[-104.270351,48.471121]]],[[[-104.270355,48.526954],[-104.270355,48.519586],[-104.259498,48.519586],[-104.259498,48.526954],[-104.270355,48.526954]]],[[[-104.279336,48.097757],[-104.279304,48.085245],[-104.273777,48.085224],[-104.273788,48.099815],[-104.279336,48.097757]]],[[[-104.308215,48.722445],[-104.308101,48.715136],[-104.297087,48.715102],[-104.297117,48.722434],[-104.308215,48.722445]]],[[[-104.310848,48.201132],[-104.300163,48.186437],[-104.289478,48.186437],[-104.289478,48.201132],[-104.310848,48.201132]]],[[[-104.311106,48.180619],[-104.300163,48.179531],[-104.300163,48.186437],[-104.311106,48.186437],[-104.311106,48.180619]]],[[[-104.313887,48.486132],[-104.303105,48.48322],[-104.303104,48.490671],[-104.313883,48.490684],[-104.313887,48.486132]]],[[[-104.329426,48.737039],[-104.3294,48.729585],[-104.318608,48.729589],[-104.318574,48.737044],[-104.329426,48.737039]]],[[[-104.331608,48.178962],[-104.331166,48.164745],[-104.315998,48.168564],[-104.315998,48.186524],[-104.331608,48.178962]]],[[[-104.346478,48.302522],[-104.346445,48.295071],[-104.335495,48.295062],[-104.335497,48.302526],[-104.346478,48.302522]]],[[[-104.347331,48.164611],[-104.347281,48.157165],[-104.336338,48.157154],[-104.336399,48.164611],[-104.347331,48.164611]]],[[[-104.351573,48.859876],[-104.35158,48.85284],[-104.340612,48.852848],[-104.340612,48.859905],[-104.351573,48.859876]]],[[[-104.367458,48.505174],[-104.330158,48.4973],[-104.346538,48.483265],[-104.31388,48.475904],[-104.324839,48.505296],[-104.367458,48.505174]]],[[[-104.367554,48.472526],[-104.367419,48.465266],[-104.357373,48.468844],[-104.357373,48.476024],[-104.367554,48.472526]]],[[[-104.373878,48.10093],[-104.352234,48.099388],[-104.352234,48.106766],[-104.373878,48.106766],[-104.373878,48.10093]]],[[[-104.374176,48.166168],[-104.374025,48.157162],[-104.368523,48.157161],[-104.368558,48.171814],[-104.374176,48.166168]]],[[[-104.378173,48.526786],[-104.378173,48.519601],[-104.367556,48.519601],[-104.367556,48.526947],[-104.378173,48.526786]]],[[[-104.388357,48.519599],[-104.388411,48.51234],[-104.378173,48.512313],[-104.378173,48.519601],[-104.388357,48.519599]]],[[[-104.388764,48.497677],[-104.388764,48.490526],[-104.356965,48.491413],[-104.356996,48.494253],[-104.388764,48.497677]]],[[[-104.395247,48.726071],[-104.395247,48.722462],[-104.384385,48.722408],[-104.384403,48.729665],[-104.395247,48.726071]]],[[[-104.399743,48.481142],[-104.398812,48.47948],[-104.388761,48.484554],[-104.388764,48.490526],[-104.399743,48.481142]]],[[[-104.400047,48.474995],[-104.399352,48.474616],[-104.393372,48.475135],[-104.399488,48.477573],[-104.400047,48.474995]]],[[[-104.410656,48.508137],[-104.399432,48.505193],[-104.399442,48.519699],[-104.410633,48.519892],[-104.410656,48.508137]]],[[[-104.416657,48.1176],[-104.406646,48.113973],[-104.406602,48.12112],[-104.416653,48.121087],[-104.416657,48.1176]]],[[[-104.421382,48.492532],[-104.410381,48.490563],[-104.410381,48.497821],[-104.421382,48.497821],[-104.421382,48.492532]]],[[[-104.428181,48.686157],[-104.42815,48.678966],[-104.422707,48.678943],[-104.42264,48.686153],[-104.428181,48.686157]]],[[[-104.433078,48.325559],[-104.421737,48.324261],[-104.421613,48.331539],[-104.433069,48.331537],[-104.433078,48.325559]]],[[[-104.444192,48.482946],[-104.436626,48.477663],[-104.433439,48.477411],[-104.433439,48.483595],[-104.444192,48.482946]]],[[[-104.48235,48.794774],[-104.482376,48.787621],[-104.471414,48.787592],[-104.471394,48.794802],[-104.48235,48.794774]]],[[[-104.490388,48.477814],[-104.485098,48.475008],[-104.477684,48.476744],[-104.485407,48.479143],[-104.490388,48.477814]]],[[[-104.498787,48.707752],[-104.49878,48.696885],[-104.493193,48.696889],[-104.488044,48.707839],[-104.498787,48.707752]]],[[[-104.529887,45.513247],[-104.529543,45.50609],[-104.519582,45.506029],[-104.519492,45.51325],[-104.529887,45.513247]]],[[[-104.530549,48.464123],[-104.519556,48.461593],[-104.519557,48.468859],[-104.530462,48.468862],[-104.530549,48.464123]]],[[[-104.535228,45.477314],[-104.529984,45.477002],[-104.529984,45.480739],[-104.535228,45.480739],[-104.535228,45.477314]]],[[[-104.548416,45.572727],[-104.54838,45.565302],[-104.538013,45.565476],[-104.538023,45.572888],[-104.548416,45.572727]]],[[[-104.552204,48.410979],[-104.552229,48.403719],[-104.541241,48.403732],[-104.541232,48.410977],[-104.552204,48.410979]]],[[[-104.569039,48.975839],[-104.569039,48.972286],[-104.563516,48.972286],[-104.563516,48.975839],[-104.569039,48.975839]]],[[[-104.58047,48.386443],[-104.562345,48.386667],[-104.56229,48.389383],[-104.579052,48.389372],[-104.58047,48.386443]]],[[[-104.581529,45.513334],[-104.581414,45.506114],[-104.570986,45.506116],[-104.571078,45.513337],[-104.581529,45.513334]]],[[[-104.581624,45.48429],[-104.581624,45.477002],[-104.571225,45.477002],[-104.571225,45.48429],[-104.581624,45.48429]]],[[[-104.583941,48.119004],[-104.571448,48.117695],[-104.567594,48.124921],[-104.583941,48.121381],[-104.583941,48.119004]]],[[[-104.589527,45.580388],[-104.589504,45.57309],[-104.579113,45.57309],[-104.579113,45.580388],[-104.589527,45.580388]]],[[[-104.613168,48.673165],[-104.602163,48.671672],[-104.602163,48.678905],[-104.613168,48.678905],[-104.613168,48.673165]]],[[[-104.626394,48.700694],[-104.626394,48.686308],[-104.613113,48.686276],[-104.613113,48.70067],[-104.626394,48.700694]]],[[[-104.635041,48.783996],[-104.634861,48.780288],[-104.613084,48.780388],[-104.613124,48.783997],[-104.635041,48.783996]]],[[[-104.635152,48.671765],[-104.635111,48.664397],[-104.623874,48.664411],[-104.623879,48.671791],[-104.635152,48.671765]]],[[[-104.640868,48.71193],[-104.635244,48.711629],[-104.635244,48.715263],[-104.640868,48.715263],[-104.640868,48.71193]]],[[[-104.645919,48.700864],[-104.645906,48.693386],[-104.635179,48.693378],[-104.635177,48.700894],[-104.645919,48.700864]]],[[[-104.646368,48.726091],[-104.646295,48.721826],[-104.624147,48.722222],[-104.624147,48.726091],[-104.646368,48.726091]]],[[[-104.662304,48.777104],[-104.640539,48.773232],[-104.640461,48.780525],[-104.662268,48.780535],[-104.662304,48.777104]]],[[[-104.667931,48.882418],[-104.656871,48.881724],[-104.656869,48.889092],[-104.667847,48.889092],[-104.667931,48.882418]]],[[[-104.678803,48.701035],[-104.667941,48.700941],[-104.66794,48.704607],[-104.678802,48.704605],[-104.678803,48.701035]]],[[[-104.684332,48.715381],[-104.667938,48.711639],[-104.668101,48.722151],[-104.678934,48.722333],[-104.684332,48.715381]]],[[[-104.700621,48.665174],[-104.6896,48.664543],[-104.6896,48.671846],[-104.700621,48.671846],[-104.700621,48.665174]]],[[[-104.717419,48.975811],[-104.717384,48.968672],[-104.706353,48.968633],[-104.706382,48.975975],[-104.717419,48.975811]]],[[[-104.972611,48.861913],[-104.951239,48.860021],[-104.951161,48.874577],[-104.96241,48.874567],[-104.972611,48.861913]]],[[[-105.295089,48.843417],[-105.295063,48.838577],[-105.278427,48.838561],[-105.289348,48.852985],[-105.295089,48.843417]]],[[[-105.409511,48.657479],[-105.393052,48.657266],[-105.393041,48.661178],[-105.409407,48.664839],[-105.409511,48.657479]]],[[[-105.42034,48.657257],[-105.420323,48.650241],[-105.409404,48.650237],[-105.409519,48.657261],[-105.42034,48.657257]]],[[[-105.431191,48.665625],[-105.420236,48.664833],[-105.420236,48.67214],[-105.431191,48.67214],[-105.431191,48.665625]]],[[[-105.431548,48.755403],[-105.42062,48.751834],[-105.42062,48.759006],[-105.431517,48.759009],[-105.431548,48.755403]]],[[[-105.442484,48.743027],[-105.442451,48.73724],[-105.431378,48.736919],[-105.431407,48.744565],[-105.442484,48.743027]]],[[[-105.45859,48.708308],[-105.458576,48.693824],[-105.453051,48.693834],[-105.453054,48.708322],[-105.45859,48.708308]]],[[[-105.464215,48.733024],[-105.453218,48.730023],[-105.453223,48.737348],[-105.464209,48.737327],[-105.464215,48.733024]]],[[[-105.464638,48.795181],[-105.464578,48.787988],[-105.453514,48.787986],[-105.453512,48.795285],[-105.464638,48.795181]]],[[[-105.475074,48.740552],[-105.475078,48.737325],[-105.464209,48.737327],[-105.464204,48.740922],[-105.475074,48.740552]]],[[[-105.938707,47.888707],[-105.927912,47.88293],[-105.927843,47.897477],[-105.938606,47.89745],[-105.938707,47.888707]]],[[[-105.949399,47.911871],[-105.948098,47.901558],[-105.937334,47.906184],[-105.938563,47.911871],[-105.949399,47.911871]]],[[[-105.960199,47.875784],[-105.94944,47.875661],[-105.94944,47.88304],[-105.960199,47.88304],[-105.960199,47.875784]]],[[[-105.970842,47.892145],[-105.960199,47.890262],[-105.960199,47.897406],[-105.970842,47.897406],[-105.970842,47.892145]]],[[[-106.003296,47.870752],[-105.992266,47.868536],[-105.991993,47.875659],[-106.003151,47.87571],[-106.003296,47.870752]]],[[[-106.035687,47.898377],[-106.024856,47.897684],[-106.024931,47.904669],[-106.035639,47.904676],[-106.035687,47.898377]]],[[[-106.046258,47.876122],[-106.035495,47.875791],[-106.035462,47.883112],[-106.046259,47.88312],[-106.046258,47.876122]]],[[[-107.200796,48.729387],[-107.200812,48.727409],[-107.195319,48.727409],[-107.195319,48.731085],[-107.200796,48.729387]]],[[[-107.271705,48.762359],[-107.271705,48.756419],[-107.260905,48.756419],[-107.260905,48.763625],[-107.271705,48.762359]]],[[[-107.359465,48.69211],[-107.359449,48.684576],[-107.348712,48.6846],[-107.348745,48.699011],[-107.359465,48.69211]]],[[[-107.381239,48.669967],[-107.381315,48.662704],[-107.359423,48.662704],[-107.359426,48.669966],[-107.381239,48.669967]]],[[[-107.552975,47.755652],[-107.552954,47.75201],[-107.54222,47.75201],[-107.54222,47.755652],[-107.552975,47.755652]]],[[[-107.572384,48.633443],[-107.566928,48.622673],[-107.561472,48.62259],[-107.561409,48.633443],[-107.572384,48.633443]]],[[[-107.572447,48.64438],[-107.572447,48.637047],[-107.561409,48.640693],[-107.561409,48.647942],[-107.572447,48.64438]]],[[[-107.583461,48.692748],[-107.561444,48.691614],[-107.561527,48.695126],[-107.583461,48.695126],[-107.583461,48.692748]]],[[[-107.583485,48.718173],[-107.583485,48.713039],[-107.577948,48.713039],[-107.577948,48.720337],[-107.583485,48.718173]]],[[[-107.594158,48.670225],[-107.588424,48.662384],[-107.577573,48.66238],[-107.583272,48.676911],[-107.594158,48.670225]]],[[[-107.611139,48.695219],[-107.610914,48.684141],[-107.600087,48.684164],[-107.6058,48.695259],[-107.611139,48.695219]]],[[[-107.621816,48.671386],[-107.610943,48.669729],[-107.610944,48.676975],[-107.621815,48.676976],[-107.621816,48.671386]]],[[[-107.621724,48.818717],[-107.62187,48.814431],[-107.61087,48.814443],[-107.610872,48.821773],[-107.621724,48.818717]]],[[[-107.622097,48.799983],[-107.622045,48.792667],[-107.610876,48.792661],[-107.610935,48.79993],[-107.622097,48.799983]]],[[[-107.627106,48.600265],[-107.623268,48.600166],[-107.62371,48.603876],[-107.627088,48.604593],[-107.627106,48.600265]]],[[[-107.62738,48.771654],[-107.62202,48.771005],[-107.622187,48.774627],[-107.627389,48.77461],[-107.62738,48.771654]]],[[[-107.63281,48.822973],[-107.6218,48.821767],[-107.621733,48.828871],[-107.632796,48.828871],[-107.63281,48.822973]]],[[[-107.638038,48.599654],[-107.638038,48.59717],[-107.627088,48.59717],[-107.631775,48.604369],[-107.638038,48.599654]]],[[[-107.63804,48.615047],[-107.638038,48.608146],[-107.627136,48.608146],[-107.627181,48.615434],[-107.63804,48.615047]]],[[[-107.638228,48.666065],[-107.632701,48.655266],[-107.621704,48.655263],[-107.621815,48.66973],[-107.638228,48.666065]]],[[[-107.643387,48.607256],[-107.643322,48.604403],[-107.638038,48.604403],[-107.638041,48.606001],[-107.643387,48.607256]]],[[[-107.644062,48.810225],[-107.633013,48.807227],[-107.633033,48.814419],[-107.64406,48.814421],[-107.644062,48.810225]]],[[[-107.644104,48.710921],[-107.644104,48.705854],[-107.621924,48.705854],[-107.621924,48.713131],[-107.644104,48.710921]]],[[[-107.649513,48.799251],[-107.644086,48.78913],[-107.638517,48.789126],[-107.638511,48.799959],[-107.649513,48.799251]]],[[[-107.654688,48.698621],[-107.654674,48.691225],[-107.621866,48.691225],[-107.621866,48.698616],[-107.654688,48.698621]]],[[[-107.665937,48.792707],[-107.665945,48.785511],[-107.654678,48.7855],[-107.654671,48.79287],[-107.665937,48.792707]]],[[[-107.681477,48.611608],[-107.681477,48.608195],[-107.665054,48.604565],[-107.665054,48.611752],[-107.681477,48.611608]]],[[[-107.693385,48.808711],[-107.687851,48.803663],[-107.660507,48.803664],[-107.687944,48.814519],[-107.693385,48.808711]]],[[[-107.708226,47.748538],[-107.708214,47.741225],[-107.697528,47.737735],[-107.697499,47.744967],[-107.708226,47.748538]]],[[[-107.709553,48.708158],[-107.698629,48.698652],[-107.687499,48.698652],[-107.687499,48.713154],[-107.709553,48.708158]]],[[[-107.74137,48.626173],[-107.74137,48.611743],[-107.730461,48.611724],[-107.730512,48.626507],[-107.74137,48.626173]]],[[[-107.741574,48.655157],[-107.73584,48.637077],[-107.730548,48.637076],[-107.730644,48.655034],[-107.741574,48.655157]]],[[[-107.741823,48.684171],[-107.741823,48.676895],[-107.730747,48.676895],[-107.730747,48.684171],[-107.741823,48.684171]]],[[[-107.752623,48.713159],[-107.752623,48.705807],[-107.741784,48.705807],[-107.741784,48.713159],[-107.752623,48.713159]]],[[[-107.763703,48.742128],[-107.763603,48.727546],[-107.752601,48.727546],[-107.752609,48.742095],[-107.763703,48.742128]]],[[[-107.768897,48.69136],[-107.768888,48.684115],[-107.75271,48.68416],[-107.758147,48.691411],[-107.768897,48.69136]]],[[[-107.779826,48.481551],[-107.774855,48.474193],[-107.762485,48.481548],[-107.772017,48.481556],[-107.779826,48.481551]]],[[[-107.785432,48.66427],[-107.763262,48.64064],[-107.746944,48.640718],[-107.752357,48.676859],[-107.785432,48.66427]]],[[[-107.796187,48.633366],[-107.796187,48.626157],[-107.785243,48.626157],[-107.785243,48.633366],[-107.796187,48.633366]]],[[[-107.796307,48.684147],[-107.796285,48.676925],[-107.774634,48.676862],[-107.774634,48.684127],[-107.796307,48.684147]]],[[[-107.796512,48.74214],[-107.796511,48.734818],[-107.77462,48.727454],[-107.774618,48.74213],[-107.796512,48.74214]]],[[[-107.796683,48.771179],[-107.796683,48.763903],[-107.785691,48.763886],[-107.785691,48.771179],[-107.796683,48.771179]]],[[[-107.807162,48.662419],[-107.807044,48.655185],[-107.796259,48.655173],[-107.796259,48.662422],[-107.807162,48.662419]]],[[[-107.807197,48.676914],[-107.807161,48.669687],[-107.796354,48.669706],[-107.796285,48.676925],[-107.807197,48.676914]]],[[[-107.807483,48.71412],[-107.796472,48.713217],[-107.796471,48.720528],[-107.807484,48.720571],[-107.807483,48.71412]]],[[[-107.818414,48.692753],[-107.807471,48.691465],[-107.807471,48.698763],[-107.818398,48.698763],[-107.818414,48.692753]]],[[[-107.823276,48.483915],[-107.82327,48.477826],[-107.81235,48.477826],[-107.817808,48.485058],[-107.823276,48.483915]]],[[[-107.829034,48.665725],[-107.818024,48.662375],[-107.818087,48.669663],[-107.829034,48.66973],[-107.829034,48.665725]]],[[[-107.829089,48.706027],[-107.829077,48.698763],[-107.818398,48.698763],[-107.818381,48.706027],[-107.829089,48.706027]]],[[[-107.829351,48.691465],[-107.829305,48.684161],[-107.818436,48.684104],[-107.818415,48.691465],[-107.829351,48.691465]]],[[[-107.840662,48.769844],[-107.840662,48.76403],[-107.82957,48.76403],[-107.82957,48.771308],[-107.840662,48.769844]]],[[[-107.850819,48.669724],[-107.850815,48.662433],[-107.839857,48.662381],[-107.839926,48.669728],[-107.850819,48.669724]]],[[[-107.861283,48.662341],[-107.861234,48.65511],[-107.850815,48.65511],[-107.850815,48.662433],[-107.861283,48.662341]]],[[[-107.861446,48.684078],[-107.86139,48.677067],[-107.850148,48.676771],[-107.850142,48.684165],[-107.861446,48.684078]]],[[[-107.861651,48.720408],[-107.86142,48.70581],[-107.851168,48.706083],[-107.851089,48.720407],[-107.861651,48.720408]]],[[[-107.867296,48.277527],[-107.834719,48.276731],[-107.834551,48.284353],[-107.867173,48.284247],[-107.867296,48.277527]]],[[[-107.8724,48.673002],[-107.861313,48.669673],[-107.86139,48.677067],[-107.87238,48.676839],[-107.8724,48.673002]]],[[[-107.8726,48.731153],[-107.851467,48.727651],[-107.851461,48.742152],[-107.861842,48.74223],[-107.8726,48.731153]]],[[[-107.872889,48.861422],[-107.872885,48.850916],[-107.861918,48.850915],[-107.861908,48.865409],[-107.872889,48.861422]]],[[[-107.877824,48.296739],[-107.877824,48.291641],[-107.866815,48.291519],[-107.866838,48.298752],[-107.877824,48.296739]]],[[[-107.883618,48.742193],[-107.883593,48.734664],[-107.872591,48.734765],[-107.87259,48.742201],[-107.883618,48.742193]]],[[[-107.889979,48.945053],[-107.884444,48.942227],[-107.884444,48.949389],[-107.889979,48.949389],[-107.889979,48.945053]]],[[[-107.894672,48.727652],[-107.883441,48.684132],[-107.861446,48.684078],[-107.872493,48.698598],[-107.86142,48.70581],[-107.894672,48.727652]]],[[[-107.895423,48.999771],[-107.89542,48.992768],[-107.884392,48.992769],[-107.884344,48.999775],[-107.895423,48.999771]]],[[[-107.907695,48.935067],[-107.907655,48.928057],[-107.895431,48.92774],[-107.895431,48.93501],[-107.907695,48.935067]]],[[[-107.917403,48.949389],[-107.917403,48.942172],[-107.907148,48.942172],[-107.907108,48.949389],[-107.917403,48.949389]]],[[[-107.917418,48.990754],[-107.906392,48.985602],[-107.906393,48.999767],[-107.917418,48.999764],[-107.917418,48.990754]]],[[[-107.917569,48.92774],[-107.917569,48.920524],[-107.906978,48.920516],[-107.906899,48.92774],[-107.917569,48.92774]]],[[[-107.949713,48.858189],[-107.949713,48.850797],[-107.927579,48.843637],[-107.927588,48.858189],[-107.949713,48.858189]]],[[[-107.970902,48.720164],[-107.970752,48.705654],[-107.949127,48.71289],[-107.949252,48.720154],[-107.970902,48.720164]]],[[[-107.971647,48.913377],[-107.971647,48.908752],[-107.960497,48.908752],[-107.96057,48.913333],[-107.971647,48.913377]]],[[[-107.971792,48.893855],[-107.971791,48.886951],[-107.960712,48.886949],[-107.960743,48.894142],[-107.971792,48.893855]]],[[[-107.992142,48.691144],[-107.992142,48.683902],[-107.981577,48.683902],[-107.981577,48.691144],[-107.992142,48.691144]]],[[[-108.049348,48.956813],[-108.049274,48.94231],[-108.04388,48.942347],[-108.043809,48.956813],[-108.049348,48.956813]]],[[[-108.229263,48.076365],[-108.218433,48.074303],[-108.218433,48.081626],[-108.229263,48.081626],[-108.229263,48.076365]]],[[[-108.270278,48.905169],[-108.270275,48.901398],[-108.25936,48.901426],[-108.259366,48.908689],[-108.270278,48.905169]]],[[[-108.558976,48.661114],[-108.558945,48.655233],[-108.5535,48.655268],[-108.553508,48.66263],[-108.558976,48.661114]]],[[[-108.608656,47.848802],[-108.608656,47.841524],[-108.597883,47.841524],[-108.597883,47.848802],[-108.608656,47.848802]]],[[[-108.641936,47.873916],[-108.630937,47.870483],[-108.630917,47.877864],[-108.641914,47.877854],[-108.641936,47.873916]]],[[[-108.643172,48.956129],[-108.643187,48.950165],[-108.632012,48.950169],[-108.632082,48.957403],[-108.643172,48.956129]]],[[[-108.66326,47.904798],[-108.663042,47.892241],[-108.652271,47.892241],[-108.65237,47.906684],[-108.66326,47.904798]]],[[[-108.665224,48.979214],[-108.653548,48.979122],[-108.653784,48.98641],[-108.665007,48.986452],[-108.665224,48.979214]]],[[[-108.687136,48.971946],[-108.687107,48.96462],[-108.654183,48.964775],[-108.665224,48.979083],[-108.687136,48.971946]]],[[[-108.689114,47.920328],[-108.684275,47.917908],[-108.683404,47.921936],[-108.68892,47.921366],[-108.689114,47.920328]]],[[[-108.698116,48.935606],[-108.698141,48.932074],[-108.676124,48.932046],[-108.676128,48.935648],[-108.698116,48.935606]]],[[[-108.731237,48.973526],[-108.720167,48.971836],[-108.720169,48.979078],[-108.731237,48.979078],[-108.731237,48.973526]]],[[[-108.736523,48.964633],[-108.736523,48.961043],[-108.731112,48.961012],[-108.731112,48.964633],[-108.736523,48.964633]]],[[[-108.742063,48.948667],[-108.742029,48.942842],[-108.731281,48.942905],[-108.731281,48.950202],[-108.742063,48.948667]]],[[[-108.750157,48.790575],[-108.744449,48.782155],[-108.733569,48.782175],[-108.739071,48.793125],[-108.750157,48.790575]]],[[[-108.753287,48.979168],[-108.742133,48.979022],[-108.742133,48.986401],[-108.753287,48.986401],[-108.753287,48.979168]]],[[[-108.763926,48.972052],[-108.753287,48.971868],[-108.753287,48.979022],[-108.763926,48.979022],[-108.763926,48.972052]]],[[[-108.764188,48.943047],[-108.764186,48.935756],[-108.747556,48.93936],[-108.747556,48.943066],[-108.764188,48.943047]]],[[[-108.786141,48.993572],[-108.786147,48.986293],[-108.774994,48.986345],[-108.774994,48.993667],[-108.786141,48.993572]]],[[[-108.786166,48.961021],[-108.764051,48.957541],[-108.764051,48.964747],[-108.786166,48.964747],[-108.786166,48.961021]]],[[[-108.79364,48.888116],[-108.782721,48.886899],[-108.78272,48.89416],[-108.793641,48.894196],[-108.79364,48.888116]]],[[[-108.797072,48.916699],[-108.786072,48.913951],[-108.786499,48.928438],[-108.797072,48.928438],[-108.797072,48.916699]]],[[[-108.797121,48.951699],[-108.786166,48.950284],[-108.786166,48.957503],[-108.797121,48.957446],[-108.797121,48.951699]]],[[[-108.815488,48.814716],[-108.815471,48.800247],[-108.793402,48.800241],[-108.793396,48.807405],[-108.815488,48.814716]]],[[[-108.819127,48.950263],[-108.818998,48.942995],[-108.797121,48.942995],[-108.797121,48.950263],[-108.819127,48.950263]]],[[[-108.826116,48.760239],[-108.826103,48.756891],[-108.820719,48.756831],[-108.820738,48.760364],[-108.826116,48.760239]]],[[[-108.830193,48.967395],[-108.797121,48.957446],[-108.797124,48.972035],[-108.818876,48.972087],[-108.797127,48.986538],[-108.830162,48.986418],[-108.830193,48.967395]]],[[[-108.836994,48.742303],[-108.836949,48.731444],[-108.83152,48.731444],[-108.826072,48.742323],[-108.836994,48.742303]]],[[[-108.842718,48.792943],[-108.842704,48.789322],[-108.837256,48.789322],[-108.837256,48.792943],[-108.842718,48.792943]]],[[[-108.848085,48.785542],[-108.848045,48.771069],[-108.8371,48.771078],[-108.837146,48.785545],[-108.848085,48.785542]]],[[[-108.848299,48.843506],[-108.84822,48.829167],[-108.837331,48.829203],[-108.83733,48.84351],[-108.848299,48.843506]]],[[[-108.848596,48.892904],[-108.826523,48.886663],[-108.837241,48.901383],[-108.810094,48.908501],[-108.819,48.928528],[-108.841064,48.928528],[-108.841064,48.914097],[-108.820803,48.912284],[-108.842868,48.908659],[-108.848596,48.892904]]],[[[-108.852072,48.995694],[-108.852072,48.99353],[-108.830195,48.99353],[-108.830195,48.997248],[-108.852072,48.995694]]],[[[-108.85379,48.828441],[-108.85379,48.825499],[-108.848218,48.825502],[-108.84822,48.829167],[-108.85379,48.828441]]],[[[-108.858988,48.728831],[-108.847948,48.727926],[-108.842715,48.742292],[-108.853414,48.742388],[-108.858988,48.728831]]],[[[-108.859441,48.858104],[-108.831833,48.850911],[-108.842953,48.861729],[-108.826427,48.865262],[-108.848438,48.879749],[-108.859441,48.858104]]],[[[-108.86314,48.986347],[-108.852072,48.971896],[-108.841005,48.971896],[-108.841005,48.986347],[-108.86314,48.986347]]],[[[-108.870039,48.778319],[-108.870058,48.771166],[-108.859072,48.771219],[-108.859125,48.778377],[-108.870039,48.778319]]],[[[-108.874039,48.964676],[-108.862861,48.94327],[-108.873839,48.935665],[-108.851981,48.93567],[-108.841011,48.957518],[-108.874039,48.964676]]],[[[-108.875614,48.789248],[-108.870103,48.789166],[-108.870103,48.792833],[-108.875609,48.792833],[-108.875614,48.789248]]],[[[-108.881296,48.850521],[-108.881296,48.847214],[-108.875759,48.847214],[-108.875759,48.850842],[-108.881296,48.850521]]],[[[-108.891679,48.740211],[-108.891675,48.727727],[-108.880741,48.727764],[-108.880656,48.742195],[-108.891679,48.740211]]],[[[-108.892194,48.815622],[-108.886602,48.81449],[-108.886707,48.818143],[-108.892194,48.818143],[-108.892194,48.815622]]],[[[-108.892249,48.860803],[-108.892303,48.850743],[-108.886772,48.850737],[-108.881286,48.86161],[-108.892249,48.860803]]],[[[-108.897398,48.774795],[-108.897374,48.771183],[-108.891869,48.771198],[-108.891869,48.774795],[-108.897398,48.774795]]],[[[-108.902416,48.725889],[-108.902483,48.720441],[-108.891659,48.720534],[-108.891675,48.727727],[-108.902416,48.725889]]],[[[-108.91318,48.800069],[-108.91313,48.792828],[-108.903026,48.792812],[-108.903026,48.80007],[-108.91318,48.800069]]],[[[-108.91864,48.792829],[-108.918622,48.789221],[-108.913087,48.789227],[-108.91313,48.792828],[-108.91864,48.792829]]],[[[-108.935037,48.914144],[-108.935037,48.912266],[-108.924332,48.912283],[-108.924332,48.914144],[-108.935037,48.914144]]],[[[-108.957058,48.843473],[-108.957017,48.836292],[-108.940674,48.839966],[-108.940674,48.843473],[-108.957058,48.843473]]],[[[-108.957134,48.849921],[-108.935161,48.847055],[-108.935161,48.854236],[-108.951673,48.85432],[-108.957134,48.849921]]],[[[-108.957313,48.872443],[-108.957291,48.868865],[-108.934909,48.865142],[-108.934903,48.876171],[-108.957313,48.872443]]],[[[-108.962723,48.883211],[-108.962599,48.879691],[-108.957165,48.879704],[-108.957134,48.883212],[-108.962723,48.883211]]],[[[-108.968203,48.867373],[-108.968199,48.858018],[-108.957014,48.858008],[-108.957007,48.865178],[-108.968203,48.867373]]],[[[-108.984685,48.850861],[-108.984575,48.836015],[-108.978982,48.836205],[-108.973392,48.854403],[-108.984685,48.850861]]],[[[-108.989834,48.865139],[-108.984569,48.854403],[-108.979108,48.854403],[-108.979004,48.865115],[-108.989834,48.865139]]],[[[-109.123706,48.331937],[-109.12374,48.322162],[-109.118323,48.322162],[-109.118323,48.336591],[-109.123706,48.331937]]],[[[-109.237903,48.307446],[-109.237895,48.300165],[-109.22694,48.30019],[-109.227027,48.307493],[-109.237903,48.307446]]],[[[-109.248636,48.300165],[-109.248636,48.2929],[-109.237895,48.2929],[-109.237895,48.300165],[-109.248636,48.300165]]],[[[-109.281069,48.329257],[-109.281069,48.322044],[-109.270258,48.322044],[-109.270258,48.329267],[-109.281069,48.329257]]],[[[-110.475537,48.299528],[-110.475537,48.291922],[-110.464277,48.291922],[-110.464277,48.299421],[-110.475537,48.299528]]],[[[-110.47555,48.268399],[-110.475552,48.263277],[-110.464286,48.263237],[-110.464288,48.27043],[-110.47555,48.268399]]]]},"properties":{"GEOID":"4345T","TRIBE_NAME":"TurtleMountainBandofChippewaIndiansofNorthDakota"}},{"type":"Feature","id":15,"geometry":{"type":"MultiPolygon","coordinates":[[[[-122.178147,48.539781],[-122.178158,48.536094],[-122.172786,48.536197],[-122.172812,48.541079],[-122.178147,48.539781]]],[[[-122.183493,48.5406],[-122.1835,48.539633],[-122.180678,48.539591],[-122.181136,48.540975],[-122.183493,48.5406]]],[[[-122.194401,48.543104],[-122.194413,48.539482],[-122.192542,48.539498],[-122.191169,48.543154],[-122.194401,48.543104]]],[[[-122.348634,48.558334],[-122.345219,48.556586],[-122.340418,48.557326],[-122.332905,48.563921],[-122.348634,48.558334]]],[[[-122.361897,48.579614],[-122.356596,48.551802],[-122.349906,48.550352],[-122.346533,48.580626],[-122.361897,48.579614]]]]},"properties":{"GEOID":"4455T","TRIBE_NAME":"UpperSkagitIndianTribe"}},{"type":"Feature","id":16,"geometry":{"type":"MultiPolygon","coordinates":[[[[-88.771673,44.884942],[-88.771683,44.881364],[-88.766691,44.881378],[-88.766684,44.884948],[-88.771673,44.884942]]],[[[-88.791776,44.899543],[-88.786625,44.888631],[-88.776714,44.892155],[-88.776742,44.899382],[-88.791776,44.899543]]],[[[-88.796668,44.935821],[-88.786511,44.930388],[-88.763371,44.93253],[-88.771207,44.943312],[-88.796668,44.935821]]],[[[-88.837559,44.935986],[-88.827748,44.932371],[-88.827417,44.939567],[-88.832414,44.93598],[-88.837559,44.935986]]],[[[-88.8488,44.906818],[-88.848768,44.903211],[-88.843357,44.903295],[-88.843388,44.906906],[-88.8488,44.906818]]],[[[-88.873582,44.87752],[-88.873568,44.870313],[-88.869598,44.870367],[-88.869511,44.877558],[-88.873582,44.87752]]],[[[-88.880223,44.917325],[-88.875128,44.913691],[-88.875047,44.920939],[-88.880218,44.920906],[-88.880223,44.917325]]],[[[-88.884878,44.884578],[-88.883763,44.880995],[-88.879864,44.881037],[-88.879829,44.884609],[-88.884878,44.884578]]],[[[-88.899908,44.857911],[-88.899871,44.855581],[-88.889681,44.855721],[-88.889775,44.859301],[-88.899908,44.857911]]],[[[-88.910115,44.877308],[-88.910077,44.8628],[-88.889899,44.870096],[-88.905021,44.868699],[-88.910115,44.877308]]],[[[-88.920271,44.864925],[-88.919109,44.862833],[-88.915387,44.863448],[-88.915445,44.864567],[-88.920271,44.864925]]],[[[-88.929136,44.870762],[-88.929119,44.870112],[-88.927381,44.87018],[-88.927398,44.870761],[-88.929136,44.870762]]],[[[-88.930543,44.902597],[-88.930496,44.899124],[-88.92873,44.899121],[-88.927293,44.902585],[-88.930543,44.902597]]],[[[-88.940577,44.866484],[-88.940568,44.86632],[-88.93729,44.866493],[-88.937755,44.866492],[-88.940577,44.866484]]],[[[-88.94571,44.865792],[-88.945709,44.862889],[-88.935495,44.86286],[-88.935477,44.866297],[-88.94571,44.865792]]],[[[-88.950882,44.86666],[-88.940582,44.866561],[-88.940558,44.870096],[-88.950883,44.870231],[-88.950882,44.86666]]],[[[-88.961037,44.927939],[-88.961089,44.917124],[-88.956135,44.917092],[-88.956051,44.927911],[-88.961037,44.927939]]],[[[-88.971303,44.862948],[-88.971242,44.855702],[-88.966136,44.855722],[-88.966226,44.862946],[-88.971303,44.862948]]],[[[-88.981188,44.924373],[-88.981199,44.920878],[-88.976198,44.920836],[-88.976224,44.924435],[-88.981188,44.924373]]]]},"properties":{"GEOID":"4015T","TRIBE_NAME":"StockbridgeMunseeCommunity,Wisconsin"}},{"type":"Feature","id":17,"geometry":{"type":"MultiPolygon","coordinates":[[[[-116.46141,33.780328],[-116.461354,33.778987],[-116.458026,33.777966],[-116.458023,33.780411],[-116.46141,33.780328]]],[[[-116.486373,33.791081],[-116.484274,33.790016],[-116.484859,33.794088],[-116.485328,33.793458],[-116.486373,33.791081]]],[[[-116.53026,33.712444],[-116.530263,33.710461],[-116.528081,33.710476],[-116.528089,33.714002],[-116.53026,33.712444]]],[[[-116.535348,33.744417],[-116.53026,33.728627],[-116.512883,33.728747],[-116.512915,33.743425],[-116.535348,33.744417]]],[[[-116.547406,33.750981],[-116.547559,33.744048],[-116.53887,33.743932],[-116.538261,33.744178],[-116.547406,33.750981]]],[[[-116.547861,33.728727],[-116.547737,33.714079],[-116.52994,33.713999],[-116.53026,33.728627],[-116.547861,33.728727]]],[[[-116.552067,33.82286],[-116.551881,33.822308],[-116.551287,33.822983],[-116.551944,33.822973],[-116.552067,33.82286]]],[[[-116.564846,33.742251],[-116.564787,33.728385],[-116.547861,33.728727],[-116.547666,33.743109],[-116.564846,33.742251]]],[[[-116.567422,33.81217],[-116.567421,33.811268],[-116.563103,33.811279],[-116.563097,33.812205],[-116.567422,33.81217]]],[[[-116.571718,33.803123],[-116.571723,33.801362],[-116.567379,33.801382],[-116.567375,33.803147],[-116.571718,33.803123]]],[[[-116.576064,33.814809],[-116.576062,33.813922],[-116.573918,33.813933],[-116.573922,33.814811],[-116.576064,33.814809]]],[[[-116.580304,33.808503],[-116.580359,33.806685],[-116.579428,33.806685],[-116.579446,33.808497],[-116.580304,33.808503]]],[[[-116.584705,33.823764],[-116.58471,33.82323],[-116.580398,33.823212],[-116.580394,33.824171],[-116.584705,33.823764]]],[[[-116.584722,33.820541],[-116.584727,33.819592],[-116.580412,33.81957],[-116.580408,33.820558],[-116.584722,33.820541]]],[[[-116.589027,33.822412],[-116.589032,33.821403],[-116.584718,33.821429],[-116.58471,33.82323],[-116.589027,33.822412]]],[[[-116.59138,33.81958],[-116.591362,33.815977],[-116.590307,33.815981],[-116.590335,33.819587],[-116.59138,33.81958]]],[[[-116.593475,33.797853],[-116.593405,33.790236],[-116.589163,33.790266],[-116.589126,33.79784],[-116.593475,33.797853]]],[[[-116.597852,33.790248],[-116.597883,33.786769],[-116.59336,33.786801],[-116.593405,33.790236],[-116.597852,33.790248]]],[[[-116.599446,33.743209],[-116.599407,33.728521],[-116.582214,33.728619],[-116.582115,33.742915],[-116.599446,33.743209]]],[[[-116.614462,33.726826],[-116.614362,33.714127],[-116.599487,33.714104],[-116.599407,33.728521],[-116.614462,33.726826]]],[[[-116.67662,33.921618],[-116.667835,33.914279],[-116.658642,33.918154],[-116.658622,33.921591],[-116.67662,33.921618]]]]},"properties":{"GEOID":"0020T","TRIBE_NAME":"AguaCalienteBandofCahuillaIndiansoftheAguaCalienteIndianReservation,California"}},{"type":"Feature","id":18,"geometry":{"type":"MultiPolygon","coordinates":[[[[-107.606724,34.454819],[-107.606576,34.451211],[-107.601974,34.451189],[-107.602055,34.454844],[-107.606724,34.454819]]],[[[-107.647792,35.131563],[-107.647782,35.117254],[-107.643368,35.117255],[-107.643452,35.131561],[-107.647792,35.131563]]],[[[-107.679042,35.106353],[-107.661122,35.102783],[-107.672115,35.129737],[-107.657199,35.133841],[-107.652075,35.153159],[-107.678489,35.131532],[-107.679042,35.106353]],[[-107.672524,35.131512],[-107.66967,35.131493],[-107.672685,35.130789],[-107.672524,35.131512]]],[[[-107.695578,35.146186],[-107.696018,35.131465],[-107.674101,35.135138],[-107.678559,35.145964],[-107.695578,35.146186]]],[[[-107.766018,35.175291],[-107.766008,35.160882],[-107.718082,35.160448],[-107.731113,35.131335],[-107.695578,35.146186],[-107.713411,35.160425],[-107.678027,35.160448],[-107.6784,35.174603],[-107.766018,35.175291]]],[[[-107.777815,34.507827],[-107.77771,34.478015],[-107.672142,34.48982],[-107.66376,34.463827],[-107.585516,34.463499],[-107.589726,34.476264],[-107.569435,34.476212],[-107.56337,34.46167],[-107.563065,34.477931],[-107.537811,34.477902],[-107.533773,34.535879],[-107.55092,34.564918],[-107.515063,34.579557],[-107.536384,34.680265],[-107.56312,34.680294],[-107.563116,34.696795],[-107.729553,34.696134],[-107.729725,34.609218],[-107.707842,34.609627],[-107.709319,34.563244],[-107.759802,34.564017],[-107.760064,34.549684],[-107.777417,34.549857],[-107.777815,34.507827]],[[-107.699628,34.52607],[-107.699303,34.533199],[-107.694578,34.533235],[-107.694929,34.526114],[-107.699628,34.52607]],[[-107.615556,34.596481],[-107.606882,34.600261],[-107.602559,34.593339],[-107.611173,34.593318],[-107.615556,34.596481]],[[-107.603031,34.492659],[-107.602981,34.507142],[-107.594809,34.506892],[-107.594894,34.492556],[-107.603031,34.492659]],[[-107.585528,34.536112],[-107.585431,34.550782],[-107.567972,34.550616],[-107.567963,34.53624],[-107.585528,34.536112]],[[-107.567963,34.53624],[-107.558889,34.536247],[-107.55911,34.521476],[-107.567979,34.521551],[-107.567963,34.53624]],[[-107.567979,34.521551],[-107.568055,34.506895],[-107.585414,34.513871],[-107.585447,34.521528],[-107.567979,34.521551]]]]},"properties":{"GEOID":"0010T","TRIBE_NAME":"PuebloofAcoma,NewMexico"}},{"type":"Feature","id":19,"geometry":{"type":"MultiPolygon","coordinates":[[[[-111.916325,32.987898],[-111.916354,32.984169],[-111.912195,32.984113],[-111.912128,32.987854],[-111.916325,32.987898]]],[[[-111.937458,32.991959],[-111.920634,32.984196],[-111.912052,32.999077],[-111.937447,32.999223],[-111.937458,32.991959]]],[[[-112.095727,33.087065],[-112.095686,33.07966],[-112.082802,33.076479],[-112.082747,33.087087],[-112.095727,33.087065]]]]},"properties":{"GEOID":"2130T","TRIBE_NAME":"Ak-ChinIndianCommunity"}},{"type":"Feature","id":20,"geometry":{"type":"Polygon","coordinates":[[[-123.31324,39.403114],[-123.313041,39.399559],[-123.299544,39.399012],[-123.301085,39.405599],[-123.31324,39.403114]]]},"properties":{"GEOID":"3735T","TRIBE_NAME":"SherwoodValleyRancheriaofPomoIndiansofCalifornia"}},{"type":"Feature","id":21,"geometry":{"type":"Polygon","coordinates":[[[-85.079395,42.298625],[-85.079312,42.296283],[-85.071159,42.292286],[-85.071345,42.298348],[-85.079395,42.298625]]]},"properties":{"GEOID":"1550T","TRIBE_NAME":"NottawaseppiHuronBandofthePotawatomi,Michigan"}},{"type":"Feature","id":22,"geometry":{"type":"Polygon","coordinates":[[[-116.1816,33.714885],[-116.181588,33.709698],[-116.179825,33.709198],[-116.177959,33.714948],[-116.1816,33.714885]]]},"properties":{"GEOID":"4375T","TRIBE_NAME":"Twenty-NinePalmsBandofMissionIndiansofCalifornia"}},{"type":"Feature","id":23,"geometry":{"type":"MultiPolygon","coordinates":[[[[-119.222165,38.265068],[-119.218083,38.264617],[-119.21799,38.268384],[-119.220714,38.268418],[-119.222165,38.265068]]],[[[-119.456278,38.529801],[-119.45627,38.528384],[-119.454287,38.528345],[-119.454301,38.529768],[-119.456278,38.529801]]]]},"properties":{"GEOID":"0350T","TRIBE_NAME":"BridgeportIndianColony"}},{"type":"Feature","id":24,"geometry":{"type":"MultiPolygon","coordinates":[[[[-71.960827,41.476311],[-71.959772,41.475349],[-71.957013,41.475773],[-71.958689,41.477366],[-71.960827,41.476311]]],[[[-71.974241,41.472225],[-71.972139,41.471333],[-71.968783,41.472185],[-71.969605,41.473378],[-71.974241,41.472225]]],[[[-71.974784,41.487055],[-71.97391,41.48499],[-71.968491,41.482044],[-71.971411,41.486503],[-71.974784,41.487055]]],[[[-71.975669,41.449664],[-71.969298,41.446012],[-71.964221,41.452251],[-71.965316,41.454501],[-71.975669,41.449664]]],[[[-71.986134,41.461169],[-71.986032,41.460651],[-71.985207,41.460554],[-71.985309,41.461072],[-71.986134,41.461169]]],[[[-71.987232,41.455548],[-71.984065,41.450723],[-71.975824,41.450624],[-71.977624,41.453858],[-71.987232,41.455548]]],[[[-71.989402,41.467458],[-71.988491,41.467334],[-71.98781,41.468334],[-71.989079,41.468404],[-71.989402,41.467458]]],[[[-71.989553,41.472086],[-71.989499,41.471908],[-71.986984,41.471735],[-71.986787,41.472463],[-71.989553,41.472086]]],[[[-71.995361,41.465859],[-71.99413,41.464418],[-71.990194,41.464864],[-71.990219,41.46583],[-71.995361,41.465859]]],[[[-71.997049,41.472895],[-71.996773,41.472225],[-71.996049,41.472258],[-71.996339,41.473045],[-71.997049,41.472895]]],[[[-71.998583,41.467678],[-71.998164,41.467141],[-71.997594,41.467232],[-71.997981,41.467942],[-71.998583,41.467678]]]]},"properties":{"GEOID":"2145T","TRIBE_NAME":"MashantucketPequotIndianTribe"}},{"type":"Feature","id":25,"geometry":{"type":"Polygon","coordinates":[[[-120.917508,38.677458],[-120.912819,38.674444],[-120.90639,38.688023],[-120.906917,38.688046],[-120.917508,38.677458]]]},"properties":{"GEOID":"3750T","TRIBE_NAME":"ShingleSpringsBandofMiwokIndians,ShingleSpringsRancheria(VeronaTract),California"}},{"type":"Feature","id":26,"geometry":{"type":"MultiPolygon","coordinates":[[[[-119.476865,37.223377],[-119.476795,37.219773],[-119.468129,37.219743],[-119.468109,37.223496],[-119.476865,37.223377]]],[[[-120.128696,37.010979],[-120.122941,37.000174],[-120.110536,37.001785],[-120.119719,37.010746],[-120.128696,37.010979]]]]},"properties":{"GEOID":"2495T","TRIBE_NAME":"NorthforkRancheriaofMonoIndiansofCalifornia"}},{"type":"Feature","id":27,"geometry":{"type":"MultiPolygon","coordinates":[[[[-122.004035,47.224769],[-122.004119,47.222416],[-122.001509,47.221018],[-122.000314,47.224766],[-122.004035,47.224769]]],[[[-122.061754,47.305703],[-122.061655,47.304927],[-122.059242,47.304927],[-122.059242,47.305703],[-122.061754,47.305703]]],[[[-122.137037,47.364245],[-122.137026,47.364133],[-122.132288,47.364141],[-122.13317,47.364871],[-122.137037,47.364245]]],[[[-122.139449,47.264751],[-122.139515,47.262774],[-122.132457,47.261407],[-122.132508,47.264725],[-122.139449,47.264751]]],[[[-122.333742,47.542805],[-122.333091,47.542484],[-122.332049,47.542795],[-122.332346,47.543498],[-122.333742,47.542805]]]]},"properties":{"GEOID":"2375T","TRIBE_NAME":"MuckleshootIndianTribe"}},{"type":"Feature","id":28,"geometry":{"type":"Polygon","coordinates":[[[-121.528842,39.469831],[-121.514096,39.467769],[-121.511989,39.464021],[-121.511883,39.474658],[-121.528842,39.469831]]]},"properties":{"GEOID":"2340T","TRIBE_NAME":"MooretownRancheriaofMaiduIndiansofCalifornia"}},{"type":"Feature","id":29,"geometry":{"type":"MultiPolygon","coordinates":[[[[-67.87415,46.93031],[-67.874102,46.924513],[-67.860028,46.927001],[-67.861783,46.930367],[-67.87415,46.93031]]],[[[-67.900598,46.424447],[-67.900553,46.419516],[-67.898603,46.419519],[-67.898651,46.424477],[-67.900598,46.424447]]],[[[-67.911501,46.921838],[-67.885309,46.918543],[-67.876221,46.924416],[-67.892452,46.929704],[-67.911501,46.921838]]],[[[-68.009594,46.782135],[-68.009457,46.776849],[-67.989211,46.777317],[-67.988934,46.782141],[-68.009594,46.782135]]],[[[-68.015982,46.791821],[-68.015841,46.787019],[-68.00338,46.787412],[-68.003562,46.792084],[-68.015982,46.791821]]],[[[-68.020848,47.01052],[-68.021186,47.010078],[-68.018278,47.008784],[-68.018504,47.012777],[-68.020848,47.01052]]],[[[-68.034609,46.697913],[-68.032308,46.694343],[-68.029001,46.695965],[-68.030734,46.69829],[-68.034609,46.697913]]]]},"properties":{"GEOID":"0115T","TRIBE_NAME":"Mi'kmaqNation"}},{"type":"Feature","id":30,"geometry":{"type":"MultiPolygon","coordinates":[[[[-103.418157,44.466976],[-103.397898,44.463505],[-103.397701,44.473955],[-103.40799,44.4745],[-103.418157,44.466976]]],[[[-103.418371,44.488654],[-103.418359,44.481814],[-103.408475,44.481857],[-103.408464,44.488932],[-103.418371,44.488654]]],[[[-103.439143,44.467425],[-103.43343,44.464159],[-103.428041,44.464178],[-103.428019,44.470533],[-103.439143,44.467425]]],[[[-106.287963,45.603179],[-106.287821,45.597755],[-106.283535,45.597787],[-106.28322,45.603994],[-106.287963,45.603179]]],[[[-106.29098,45.564627],[-106.290842,45.560567],[-106.28542,45.560566],[-106.2888,45.566712],[-106.29098,45.564627]]],[[[-106.291415,45.661984],[-106.291061,45.6585],[-106.289631,45.6568],[-106.289606,45.66373],[-106.291415,45.661984]]],[[[-106.29542,45.554552],[-106.29118,45.553632],[-106.291148,45.55593],[-106.293388,45.555539],[-106.29542,45.554552]]],[[[-106.297381,45.586436],[-106.295628,45.584958],[-106.294823,45.588535],[-106.297201,45.586963],[-106.297381,45.586436]]],[[[-106.305087,45.549878],[-106.302573,45.549105],[-106.301508,45.547974],[-106.30146,45.549719],[-106.305087,45.549878]]],[[[-106.318136,45.531987],[-106.314614,45.532015],[-106.314516,45.532902],[-106.316927,45.533939],[-106.318136,45.531987]]],[[[-106.323622,45.540426],[-106.323236,45.538193],[-106.321167,45.536201],[-106.321041,45.543175],[-106.323622,45.540426]]],[[[-106.33018,45.531117],[-106.329632,45.529528],[-106.325446,45.52808],[-106.325341,45.531599],[-106.33018,45.531117]]],[[[-106.607157,45.390243],[-106.591702,45.380733],[-106.545609,45.384358],[-106.590109,45.398154],[-106.607157,45.390243]]],[[[-106.693612,45.35673],[-106.647284,45.35171],[-106.626791,45.380889],[-106.668361,45.395108],[-106.693612,45.35673]]],[[[-106.798068,45.122026],[-106.798073,45.115109],[-106.781898,45.11509],[-106.782132,45.119131],[-106.798068,45.122026]]],[[[-106.818182,45.099831],[-106.803017,45.096176],[-106.792673,45.107154],[-106.813097,45.107306],[-106.818182,45.099831]]]]},"properties":{"GEOID":"2490T","TRIBE_NAME":"NorthernCheyenneTribeoftheNorthernCheyenneIndianReservation,Montana"}},{"type":"Feature","id":31,"geometry":{"type":"MultiPolygon","coordinates":[[[[-92.362688,46.048337],[-92.36268,46.041908],[-92.357132,46.041906],[-92.357136,46.04902],[-92.362688,46.048337]]],[[[-92.467348,46.055058],[-92.464132,46.054987],[-92.464132,46.055967],[-92.467128,46.055828],[-92.467348,46.055058]]],[[[-92.467375,46.066012],[-92.467388,46.062981],[-92.446345,46.062671],[-92.446389,46.066303],[-92.467375,46.066012]]],[[[-92.477823,46.060892],[-92.4674,46.059352],[-92.467388,46.062981],[-92.477787,46.062904],[-92.477823,46.060892]]],[[[-92.49379,46.063018],[-92.486023,46.062679],[-92.477787,46.062904],[-92.484951,46.068445],[-92.49379,46.063018]]],[[[-92.519255,46.048869],[-92.513888,46.048118],[-92.513623,46.05547],[-92.519102,46.055454],[-92.519255,46.048869]]],[[[-92.540136,46.008512],[-92.540082,45.997816],[-92.529634,45.997801],[-92.529329,46.012249],[-92.540136,46.008512]]],[[[-92.547978,46.063117],[-92.542665,46.062835],[-92.542541,46.070228],[-92.547975,46.070215],[-92.547978,46.063117]]],[[[-92.553424,46.038518],[-92.54731,46.027867],[-92.541571,46.026454],[-92.541774,46.04098],[-92.553424,46.038518]]],[[[-92.800415,45.915313],[-92.784867,45.917515],[-92.784867,45.921157],[-92.800415,45.924799],[-92.800415,45.915313]]],[[[-93.283937,46.546529],[-93.283597,46.541271],[-93.273345,46.541309],[-93.278414,46.548426],[-93.283937,46.546529]]]]},"properties":{"GEOID":"2270T","TRIBE_NAME":"MinnesotaChippewaTribe,Minnesota(MilleLacsBand)"}},{"type":"Feature","id":32,"geometry":{"type":"MultiPolygon","coordinates":[[[[-118.758694,39.482167],[-118.758079,39.481462],[-118.755818,39.481916],[-118.75612,39.482303],[-118.758694,39.482167]]],[[[-118.77278,39.476873],[-118.767778,39.474899],[-118.767666,39.478762],[-118.771809,39.478514],[-118.77278,39.476873]]],[[[-118.812442,39.479216],[-118.812997,39.477837],[-118.812299,39.477651],[-118.811823,39.479058],[-118.812442,39.479216]]],[[[-119.197529,39.598134],[-119.197668,39.597541],[-119.196108,39.597311],[-119.195957,39.598108],[-119.197529,39.598134]]]]},"properties":{"GEOID":"1070T","TRIBE_NAME":"Paiute-ShoshoneTribeoftheFallonReservationandColony,Nevada"}},{"type":"Feature","id":33,"geometry":{"type":"MultiPolygon","coordinates":[[[[-96.8375,45.944901],[-96.837302,45.940532],[-96.825721,45.93924],[-96.825661,45.944906],[-96.8375,45.944901]]],[[[-97.148536,45.002949],[-97.146904,45.001525],[-97.146878,45.006042],[-97.148536,45.002949]]]]},"properties":{"GEOID":"1860T","TRIBE_NAME":"Sisseton-WahpetonOyateoftheLakeTraverseReservation,SouthDakota"}},{"type":"Feature","id":34,"geometry":{"type":"Polygon","coordinates":[[[-123.33676,38.658366],[-123.335557,38.647255],[-123.315886,38.647182],[-123.322329,38.657618],[-123.33676,38.658366]]]},"properties":{"GEOID":"3985T","TRIBE_NAME":"KashiaBandofPomoIndiansoftheStewartsPointRancheria,California"}},{"type":"Feature","id":35,"geometry":{"type":"Polygon","coordinates":[[[-120.139998,47.886023],[-120.139961,47.878734],[-120.129525,47.879168],[-120.129649,47.885859],[-120.139998,47.886023]]]},"properties":{"GEOID":"0760T","TRIBE_NAME":"ConfederatedTribesoftheColvilleReservation"}},{"type":"Feature","id":36,"geometry":{"type":"MultiPolygon","coordinates":[[[[-91.384078,45.984209],[-91.373379,45.982735],[-91.362997,45.997213],[-91.383816,46.000587],[-91.384078,45.984209]]],[[[-92.000423,45.886421],[-91.999706,45.884178],[-91.994883,45.884139],[-91.994983,45.88699],[-92.000423,45.886421]]],[[[-92.092636,45.86959],[-92.089713,45.862608],[-92.079635,45.862794],[-92.080663,45.869583],[-92.092636,45.86959]]]]},"properties":{"GEOID":"1815T","TRIBE_NAME":"LacCourteOreillesBandofLakeSuperiorChippewaIndiansofWisconsin"}},{"type":"Feature","id":37,"geometry":{"type":"MultiPolygon","coordinates":[[[[-123.162999,39.835874],[-123.158019,39.834569],[-123.158018,39.84265],[-123.162986,39.842655],[-123.162999,39.835874]]],[[[-123.191111,39.82363],[-123.191101,39.819863],[-123.185634,39.819874],[-123.185646,39.823641],[-123.191111,39.82363]]],[[[-123.200922,39.821566],[-123.200918,39.819901],[-123.19832,39.8199],[-123.198334,39.821566],[-123.200922,39.821566]]],[[[-123.20314,39.81316],[-123.202958,39.811202],[-123.200919,39.811211],[-123.200923,39.814841],[-123.20314,39.81316]]],[[[-123.203214,39.802888],[-123.198313,39.801912],[-123.195863,39.803981],[-123.195882,39.81029],[-123.203214,39.802888]]],[[[-123.205627,39.819903],[-123.200923,39.814841],[-123.195911,39.816549],[-123.195881,39.818213],[-123.205627,39.819903]]],[[[-123.206727,39.823531],[-123.20674,39.82229],[-123.205637,39.822224],[-123.205538,39.823568],[-123.206727,39.823531]]],[[[-123.207885,39.814002],[-123.207885,39.813175],[-123.205608,39.813175],[-123.205609,39.814002],[-123.207885,39.814002]]],[[[-123.215115,39.82408],[-123.215114,39.823129],[-123.212645,39.823129],[-123.212645,39.82409],[-123.215115,39.82408]]],[[[-123.224703,39.816804],[-123.224654,39.814699],[-123.22206,39.814689],[-123.222041,39.81677],[-123.224703,39.816804]]],[[[-123.231826,39.818914],[-123.231839,39.816879],[-123.230633,39.816859],[-123.230646,39.818909],[-123.231826,39.818914]]],[[[-123.234212,39.822307],[-123.23417,39.820689],[-123.231822,39.820695],[-123.231822,39.822349],[-123.234212,39.822307]]],[[[-123.236568,39.818466],[-123.236591,39.816921],[-123.235437,39.816902],[-123.235419,39.818882],[-123.236568,39.818466]]],[[[-123.243526,39.809688],[-123.243374,39.806903],[-123.241215,39.806911],[-123.241282,39.809678],[-123.243526,39.809688]]],[[[-123.244613,39.800338],[-123.244577,39.798459],[-123.238066,39.798328],[-123.23811,39.802317],[-123.244613,39.800338]]],[[[-123.248092,39.810535],[-123.245844,39.80976],[-123.245855,39.811468],[-123.248095,39.811508],[-123.248092,39.810535]]],[[[-123.248737,39.814777],[-123.248754,39.813387],[-123.248103,39.813385],[-123.248121,39.815076],[-123.248737,39.814777]]],[[[-123.25048,39.824321],[-123.250479,39.822648],[-123.248128,39.822644],[-123.248148,39.824305],[-123.25048,39.824321]]],[[[-123.251657,39.817082],[-123.251664,39.815645],[-123.25056,39.815641],[-123.250567,39.817076],[-123.251657,39.817082]]],[[[-123.252864,39.837156],[-123.25046,39.837017],[-123.250462,39.838659],[-123.252838,39.838659],[-123.252864,39.837156]]],[[[-123.252902,39.831022],[-123.250456,39.830689],[-123.250377,39.833174],[-123.252889,39.833191],[-123.252902,39.831022]]],[[[-123.252914,39.822007],[-123.250479,39.82184],[-123.250479,39.822648],[-123.252879,39.822651],[-123.252914,39.822007]]],[[[-123.254999,39.8283],[-123.252898,39.827964],[-123.252893,39.829957],[-123.254999,39.829956],[-123.254999,39.8283]]],[[[-123.25525,39.823514],[-123.255226,39.822651],[-123.252879,39.822651],[-123.252862,39.823505],[-123.25525,39.823514]]],[[[-123.257629,39.801443],[-123.257592,39.798125],[-123.248101,39.798058],[-123.248099,39.802507],[-123.257629,39.801443]]],[[[-123.259355,39.844619],[-123.259329,39.843799],[-123.257224,39.843812],[-123.257316,39.844624],[-123.259355,39.844619]]],[[[-123.261381,39.869623],[-123.261396,39.864782],[-123.252685,39.865536],[-123.252649,39.870208],[-123.261381,39.869623]]],[[[-123.262269,39.790689],[-123.262273,39.79006],[-123.259439,39.790042],[-123.25989,39.791751],[-123.262269,39.790689]]],[[[-123.262381,39.826234],[-123.262333,39.824396],[-123.257741,39.824416],[-123.257564,39.826219],[-123.262381,39.826234]]],[[[-123.264673,39.805978],[-123.264673,39.805064],[-123.262317,39.805064],[-123.26232,39.805978],[-123.264673,39.805978]]],[[[-123.266308,39.882933],[-123.266309,39.881991],[-123.263544,39.881991],[-123.263544,39.882933],[-123.266308,39.882933]]],[[[-123.267086,39.809902],[-123.267011,39.807965],[-123.264719,39.807978],[-123.264751,39.809857],[-123.267086,39.809902]]],[[[-123.267201,39.817954],[-123.264653,39.814025],[-123.259329,39.814016],[-123.264654,39.818939],[-123.267201,39.817954]]],[[[-123.27109,39.865652],[-123.266314,39.865636],[-123.266319,39.871261],[-123.270939,39.871264],[-123.27109,39.865652]]],[[[-123.271501,39.805938],[-123.271501,39.805064],[-123.269173,39.805064],[-123.269173,39.805938],[-123.271501,39.805938]]],[[[-123.271787,39.827645],[-123.27179,39.826234],[-123.269252,39.826234],[-123.269252,39.828084],[-123.271787,39.827645]]],[[[-123.271794,39.818845],[-123.271799,39.818056],[-123.269524,39.818055],[-123.269524,39.818933],[-123.271794,39.818845]]],[[[-123.275513,39.851236],[-123.275512,39.844479],[-123.270966,39.844479],[-123.270973,39.851236],[-123.275513,39.851236]]],[[[-123.276056,39.791818],[-123.276032,39.790921],[-123.273719,39.790918],[-123.273719,39.791817],[-123.276056,39.791818]]],[[[-123.276294,39.801637],[-123.276089,39.793491],[-123.262262,39.791966],[-123.271495,39.795102],[-123.276294,39.801637]]],[[[-123.276482,39.829967],[-123.276478,39.828085],[-123.274031,39.828085],[-123.274033,39.829965],[-123.276482,39.829967]]],[[[-123.278821,39.817156],[-123.278819,39.815599],[-123.276607,39.815598],[-123.276523,39.81715],[-123.278821,39.817156]]],[[[-123.280226,39.882922],[-123.280233,39.878389],[-123.273154,39.871272],[-123.270964,39.879125],[-123.280226,39.882922]]],[[[-123.280781,39.831919],[-123.254999,39.829956],[-123.254999,39.837044],[-123.266336,39.846303],[-123.280781,39.831919]]],[[[-123.280926,39.813535],[-123.280837,39.80852],[-123.273704,39.808519],[-123.276519,39.813511],[-123.280926,39.813535]]],[[[-123.28488,39.874099],[-123.280248,39.873907],[-123.280233,39.878389],[-123.284881,39.878389],[-123.28488,39.874099]]],[[[-123.28954,39.882931],[-123.289538,39.878389],[-123.284881,39.878389],[-123.284879,39.882928],[-123.28954,39.882931]]],[[[-123.314848,39.858545],[-123.306649,39.857034],[-123.306642,39.860965],[-123.31484,39.860963],[-123.314848,39.858545]]],[[[-123.323354,39.824355],[-123.308539,39.80238],[-123.296935,39.809822],[-123.313454,39.831935],[-123.289451,39.823236],[-123.284985,39.826991],[-123.298534,39.84614],[-123.323345,39.838659],[-123.323354,39.824355]]],[[[-123.332285,39.805415],[-123.332286,39.80299],[-123.323376,39.802764],[-123.323367,39.806441],[-123.332285,39.805415]]],[[[-123.332368,39.846109],[-123.332367,39.841612],[-123.328307,39.841642],[-123.328332,39.846111],[-123.332368,39.846109]]],[[[-123.340932,39.87655],[-123.340932,39.871267],[-123.333408,39.871267],[-123.333408,39.875343],[-123.340932,39.87655]]],[[[-123.340962,39.837398],[-123.336647,39.835113],[-123.336619,39.841595],[-123.340961,39.841595],[-123.340962,39.837398]]],[[[-123.340976,39.831925],[-123.340924,39.817118],[-123.328329,39.817108],[-123.328107,39.834104],[-123.340976,39.831925]]],[[[-123.350824,39.870746],[-123.343194,39.871266],[-123.343159,39.875563],[-123.350819,39.875567],[-123.350824,39.870746]]],[[[-123.355494,39.864366],[-123.35187,39.861427],[-123.350812,39.867569],[-123.35546,39.867567],[-123.355494,39.864366]]],[[[-123.396859,39.843894],[-123.391991,39.838651],[-123.387522,39.84963],[-123.396858,39.84963],[-123.396859,39.843894]]],[[[-123.41996,39.888684],[-123.419982,39.879887],[-123.410679,39.876518],[-123.407485,39.888567],[-123.41996,39.888684]]],[[[-123.475117,39.929196],[-123.44898,39.88896],[-123.435454,39.913474],[-123.391705,39.920067],[-123.379334,39.916068],[-123.387345,39.888395],[-123.323059,39.888788],[-123.328221,39.906385],[-123.350194,39.903431],[-123.342124,39.931787],[-123.37004,39.916517],[-123.374492,39.934839],[-123.404186,39.943752],[-123.434967,39.942009],[-123.439967,39.954888],[-123.475117,39.929196]],[[-123.434928,39.91708],[-123.434919,39.923705],[-123.426186,39.923734],[-123.426171,39.920129],[-123.434928,39.91708]],[[-123.40096,39.932193],[-123.400931,39.939092],[-123.396427,39.93912],[-123.396432,39.932193],[-123.40096,39.932193]]]]},"properties":{"GEOID":"3250T","TRIBE_NAME":"RoundValleyIndianTribes,RoundValleyReservation,California"}},{"type":"Feature","id":38,"geometry":{"type":"Polygon","coordinates":[[[-116.378361,32.749991],[-116.378334,32.748644],[-116.3775,32.748654],[-116.37751,32.750005],[-116.378361,32.749991]]]},"properties":{"GEOID":"2115T","TRIBE_NAME":"ManzanitaBandofDieguenoMissionIndiansoftheManzanitaReservation,California"}},{"type":"Feature","id":39,"geometry":{"type":"Polygon","coordinates":[[[-120.184636,41.846746],[-120.170427,41.845177],[-120.167962,41.848218],[-120.184625,41.848166],[-120.184636,41.846746]]]},"properties":{"GEOID":"1170T","TRIBE_NAME":"FortBidwellIndianCommunityoftheFortBidwellReservationofCalifornia"}},{"type":"Feature","id":40,"geometry":{"type":"Polygon","coordinates":[[[-121.515117,39.052616],[-121.515097,39.048797],[-121.510487,39.048866],[-121.510486,39.052564],[-121.515117,39.052616]]]},"properties":{"GEOID":"1055T","TRIBE_NAME":"EnterpriseRancheriaofMaiduIndiansofCalifornia"}},{"type":"Feature","id":41,"geometry":{"type":"MultiPolygon","coordinates":[[[[-122.967101,48.050566],[-122.961572,48.050306],[-122.961534,48.053934],[-122.967037,48.055756],[-122.967101,48.050566]]],[[[-122.983577,48.043026],[-122.981641,48.043859],[-122.980653,48.046209],[-122.97258,48.049147],[-122.981179,48.046393],[-122.983577,48.043026]]],[[[-122.993539,48.030165],[-122.983333,48.031511],[-122.984258,48.039359],[-122.988898,48.03936],[-122.993539,48.030165]]],[[[-122.994026,48.027129],[-122.991151,48.02562],[-122.988768,48.028645],[-122.992868,48.028578],[-122.994026,48.027129]]],[[[-122.99417,48.021311],[-122.993102,48.020425],[-122.98455,48.021039],[-122.98818,48.024909],[-122.99417,48.021311]]],[[[-122.99575,48.023842],[-122.995462,48.023436],[-122.994556,48.023575],[-122.995332,48.024302],[-122.99575,48.023842]]],[[[-122.996211,48.02258],[-122.995437,48.021351],[-122.994167,48.021924],[-122.994486,48.023443],[-122.996211,48.02258]]],[[[-123.001037,48.027847],[-122.999323,48.022329],[-122.995705,48.024424],[-122.994479,48.028559],[-123.001037,48.027847]]],[[[-123.015775,48.015852],[-123.005942,48.013936],[-123.002473,48.020821],[-123.015711,48.022529],[-123.015775,48.015852]],[[-123.010127,48.019274],[-123.00679,48.020676],[-123.00681,48.017612],[-123.00976,48.017624],[-123.010127,48.019274]]],[[[-123.040198,48.05029],[-123.035702,48.04722],[-123.035393,48.047507],[-123.037834,48.049612],[-123.040198,48.05029]]],[[[-123.093675,48.123413],[-123.09235,48.123177],[-123.091075,48.125204],[-123.092943,48.123984],[-123.093675,48.123413]]],[[[-123.148416,48.112182],[-123.1484,48.108859],[-123.145538,48.10888],[-123.14559,48.114356],[-123.148416,48.112182]]],[[[-123.151014,48.088613],[-123.147881,48.085776],[-123.145309,48.086901],[-123.145918,48.090682],[-123.151014,48.088613]]],[[[-123.151296,48.07016],[-123.14856,48.06976],[-123.148551,48.070682],[-123.151295,48.07069],[-123.151296,48.07016]]],[[[-123.158628,48.087004],[-123.156898,48.085803],[-123.155201,48.085303],[-123.147528,48.085187],[-123.14724,48.083402],[-123.140306,48.085236],[-123.144021,48.087019],[-123.145749,48.085479],[-123.158628,48.087004]]],[[[-123.183641,48.124101],[-123.18363,48.121092],[-123.178266,48.119721],[-123.178235,48.1161],[-123.167395,48.116059],[-123.171341,48.123359],[-123.183641,48.124101]],[[-123.181719,48.120742],[-123.178014,48.121169],[-123.174777,48.119901],[-123.176349,48.118022],[-123.178136,48.120719],[-123.181719,48.120742]]]]},"properties":{"GEOID":"1655T","TRIBE_NAME":"JamestownS'KlallamTribe"}},{"type":"Feature","id":42,"geometry":{"type":"MultiPolygon","coordinates":[[[[-67.808482,46.180287],[-67.808427,46.178048],[-67.805882,46.180229],[-67.808482,46.180287]]],[[[-67.813838,46.166136],[-67.808472,46.165426],[-67.806255,46.174225],[-67.810093,46.174258],[-67.813838,46.166136]]],[[[-67.817656,46.372516],[-67.817466,46.365207],[-67.810982,46.365035],[-67.811092,46.372586],[-67.817656,46.372516]]],[[[-67.843486,46.158867],[-67.843406,46.158221],[-67.842038,46.158331],[-67.842118,46.158923],[-67.843486,46.158867]]],[[[-67.847419,46.147104],[-67.842214,46.146439],[-67.840478,46.150528],[-67.846466,46.151914],[-67.847419,46.147104]]],[[[-67.884728,46.296666],[-67.884549,46.289389],[-67.873995,46.291194],[-67.874199,46.296749],[-67.884728,46.296666]]],[[[-67.80735,46.200455],[-67.80366,46.198594],[-67.803404,46.202],[-67.807229,46.202105],[-67.80735,46.200455]]],[[[-67.808014,46.188789],[-67.807323,46.18632],[-67.802731,46.182366],[-67.802051,46.189083],[-67.808014,46.188789]]]]},"properties":{"GEOID":"1530T","TRIBE_NAME":"HoultonBandofMaliseetIndians"}},{"type":"Feature","id":43,"geometry":{"type":"MultiPolygon","coordinates":[[[[-106.942915,35.038617],[-106.941426,35.03426],[-106.92159,35.038387],[-106.937356,35.038492],[-106.942915,35.038617]]],[[[-106.972709,35.044492],[-106.972493,35.032603],[-106.956916,35.030112],[-106.95704,35.044451],[-106.972709,35.044492]]],[[[-106.973017,35.058255],[-106.956983,35.05535],[-106.946471,35.044436],[-106.952177,35.058421],[-106.973017,35.058255]]],[[[-106.981907,35.069011],[-106.981779,35.058138],[-106.973017,35.058255],[-106.973403,35.069128],[-106.981907,35.069011]]],[[[-107.4861,35.273808],[-107.4861,35.261247],[-107.468527,35.261247],[-107.468214,35.199595],[-107.439815,35.169858],[-107.439658,35.236253],[-107.417849,35.236253],[-107.422713,35.266502],[-107.4861,35.273808]]]]},"properties":{"GEOID":"1840T","TRIBE_NAME":"PuebloofLaguna,NewMexico"}},{"type":"Feature","id":44,"geometry":{"type":"MultiPolygon","coordinates":[[[[-109.082151,37.450508],[-109.076649,37.4426],[-109.053973,37.457206],[-109.068148,37.45727],[-109.082151,37.450508]]],[[[-109.11219,37.443345],[-109.112357,37.43948],[-109.098138,37.439436],[-109.102307,37.447262],[-109.11219,37.443345]]],[[[-109.117139,37.452808],[-109.107393,37.452169],[-109.107199,37.460055],[-109.117064,37.46015],[-109.117139,37.452808]]],[[[-109.493218,37.598112],[-109.492638,37.588678],[-109.478354,37.588542],[-109.480434,37.602863],[-109.493218,37.598112]]],[[[-109.62055,37.641002],[-109.615546,37.635443],[-109.610896,37.635235],[-109.610878,37.640851],[-109.62055,37.641002]]],[[[-109.635451,37.654553],[-109.631448,37.641238],[-109.62055,37.641002],[-109.620591,37.657491],[-109.635451,37.654553]]],[[[-109.655011,37.693309],[-109.640972,37.666567],[-109.624816,37.74274],[-109.634011,37.7424],[-109.655011,37.693309]]],[[[-109.656184,37.638619],[-109.656018,37.630704],[-109.638534,37.630566],[-109.638191,37.638847],[-109.656184,37.638619]]],[[[-109.656213,37.621037],[-109.637935,37.615364],[-109.655929,37.608099],[-109.628634,37.607645],[-109.6351,37.627806],[-109.656213,37.621037]]],[[[-109.674863,37.531187],[-109.674741,37.517322],[-109.655109,37.517335],[-109.65853,37.543723],[-109.674863,37.531187]]],[[[-109.674948,37.732585],[-109.662143,37.6945],[-109.654955,37.694096],[-109.654214,37.720545],[-109.674948,37.732585]]],[[[-109.683914,37.739731],[-109.683638,37.735495],[-109.674948,37.732585],[-109.674954,37.742467],[-109.683914,37.739731]]],[[[-109.702677,37.701417],[-109.693415,37.698944],[-109.689843,37.690981],[-109.691278,37.702779],[-109.702677,37.701417]]]]},"properties":{"GEOID":"4470T","TRIBE_NAME":"UteMountainUteTribe"}},{"type":"Feature","id":45,"geometry":{"type":"MultiPolygon","coordinates":[[[[-116.972886,33.197299],[-116.971508,33.196477],[-116.971478,33.198209],[-116.972106,33.198189],[-116.972886,33.197299]]],[[[-116.975837,33.208453],[-116.975848,33.20562],[-116.971461,33.205668],[-116.971448,33.208559],[-116.975837,33.208453]]],[[[-116.979426,33.228212],[-116.979419,33.227174],[-116.975724,33.227167],[-116.975702,33.228174],[-116.979426,33.228212]]],[[[-116.990951,33.177776],[-116.990852,33.177634],[-116.990591,33.177635],[-116.99069,33.177778],[-116.990951,33.177776]]],[[[-117.007455,33.182686],[-116.993597,33.176206],[-116.980607,33.179651],[-116.993528,33.186855],[-117.007455,33.182686]]],[[[-117.015633,33.196637],[-117.016299,33.188935],[-117.007287,33.185966],[-117.006892,33.193339],[-117.015633,33.196637]]]]},"properties":{"GEOID":"3460T","TRIBE_NAME":"SanPasqualBandofDieguenoMissionIndiansofCalifornia"}},{"type":"Feature","id":46,"geometry":{"type":"MultiPolygon","coordinates":[[[[-119.462824,38.90201],[-119.463317,38.900644],[-119.459771,38.899864],[-119.45976,38.903073],[-119.462824,38.90201]]],[[[-119.468021,39.009926],[-119.463246,39.009496],[-119.463246,39.013397],[-119.468021,39.013397],[-119.468021,39.009926]]],[[[-119.468492,38.904257],[-119.464002,38.903083],[-119.464002,38.906602],[-119.468479,38.906602],[-119.468492,38.904257]]],[[[-119.473051,38.998422],[-119.468233,38.997942],[-119.468233,39.001964],[-119.473051,39.001957],[-119.473051,38.998422]]],[[[-119.473101,38.870155],[-119.455793,38.867528],[-119.455342,38.896493],[-119.473099,38.896501],[-119.473101,38.870155]]],[[[-119.477329,39.013397],[-119.477329,39.009517],[-119.472528,39.009522],[-119.472528,39.013397],[-119.477329,39.013397]]],[[[-119.479894,38.835908],[-119.465785,38.834718],[-119.465807,38.838419],[-119.479896,38.838417],[-119.479894,38.835908]]],[[[-119.48045,38.872479],[-119.478004,38.871144],[-119.478004,38.876607],[-119.48045,38.876607],[-119.48045,38.872479]]],[[[-119.486952,38.998123],[-119.482203,38.997945],[-119.482203,39.001945],[-119.486952,39.001939],[-119.486952,38.998123]]],[[[-119.487403,38.681138],[-119.459786,38.679299],[-119.464512,38.70121],[-119.483089,38.693847],[-119.487403,38.681138]]],[[[-119.491007,39.078658],[-119.48657,39.067415],[-119.481748,39.067376],[-119.481651,39.078626],[-119.491007,39.078658]]],[[[-119.505203,39.078245],[-119.500339,39.07517],[-119.49577,39.082349],[-119.505195,39.085911],[-119.505203,39.078245]]],[[[-119.505239,39.064411],[-119.500335,39.060435],[-119.49557,39.071625],[-119.5052,39.071625],[-119.505239,39.064411]]],[[[-119.507454,38.773028],[-119.507374,38.771253],[-119.503327,38.771277],[-119.503325,38.773029],[-119.507454,38.773028]]],[[[-119.514549,39.100235],[-119.514524,39.096504],[-119.505082,39.096506],[-119.505066,39.100249],[-119.514549,39.100235]]],[[[-119.517102,38.791043],[-119.517102,38.787388],[-119.503306,38.787386],[-119.507945,38.79468],[-119.517102,38.791043]]],[[[-119.517144,38.80877],[-119.517144,38.805512],[-119.512619,38.805512],[-119.512619,38.809132],[-119.517144,38.80877]]],[[[-119.519203,39.075345],[-119.51436,39.075162],[-119.514349,39.078717],[-119.519203,39.078724],[-119.519203,39.075345]]],[[[-119.547725,39.086384],[-119.542511,39.060741],[-119.518802,39.064441],[-119.52384,39.082268],[-119.547725,39.086384]]],[[[-119.556888,38.695145],[-119.540877,38.682326],[-119.533828,38.693831],[-119.528347,38.679042],[-119.50122,38.69014],[-119.547649,38.703698],[-119.556888,38.695145]]],[[[-119.568956,38.728434],[-119.568948,38.71869],[-119.564152,38.718705],[-119.563681,38.724327],[-119.568956,38.728434]]],[[[-119.590218,38.897361],[-119.585286,38.892331],[-119.580913,38.892329],[-119.580913,38.899562],[-119.590218,38.897361]]],[[[-119.595181,38.90587],[-119.595223,38.90316],[-119.58997,38.903159],[-119.589953,38.906892],[-119.595181,38.90587]]],[[[-119.596173,38.874553],[-119.596173,38.870829],[-119.582201,38.870829],[-119.586833,38.878158],[-119.596173,38.874553]]],[[[-119.600805,38.881763],[-119.600805,38.878158],[-119.596173,38.878158],[-119.596173,38.881763],[-119.600805,38.881763]]],[[[-119.610014,38.859497],[-119.600477,38.852557],[-119.591299,38.852546],[-119.591404,38.863657],[-119.610014,38.859497]]],[[[-119.61383,38.831573],[-119.612449,38.828554],[-119.610241,38.82916],[-119.611639,38.83218],[-119.61383,38.831573]]],[[[-119.62303,38.903417],[-119.618043,38.903307],[-119.618043,38.910681],[-119.622893,38.910681],[-119.62303,38.903417]]],[[[-119.63506,38.74736],[-119.634252,38.746734],[-119.63077,38.744287],[-119.630799,38.747368],[-119.63506,38.74736]]],[[[-119.659751,38.933411],[-119.627512,38.915233],[-119.585071,38.910436],[-119.638026,38.929058],[-119.631804,38.940042],[-119.659751,38.933411]]],[[[-119.677265,39.018385],[-119.640399,39.004919],[-119.630919,39.027407],[-119.677161,39.027363],[-119.677265,39.018385]]],[[[-119.677266,38.998905],[-119.672656,38.997613],[-119.672652,39.00126],[-119.677221,39.001266],[-119.677266,38.998905]]],[[[-119.67729,38.870501],[-119.67729,38.866889],[-119.672853,38.866889],[-119.672853,38.870501],[-119.67729,38.870501]]],[[[-119.691047,38.80197],[-119.677248,38.765601],[-119.625861,38.751135],[-119.619615,38.736591],[-119.561147,38.744175],[-119.561184,38.719169],[-119.460042,38.708183],[-119.460027,38.765689],[-119.497027,38.744377],[-119.515304,38.751362],[-119.507374,38.771253],[-119.544668,38.76939],[-119.538536,38.740706],[-119.552103,38.740706],[-119.549263,38.78002],[-119.530753,38.78002],[-119.530683,38.80911],[-119.55853,38.80911],[-119.55853,38.816274],[-119.530802,38.816321],[-119.540355,38.834748],[-119.502171,38.852802],[-119.538542,38.903402],[-119.509996,38.914455],[-119.519489,38.896324],[-119.473099,38.896501],[-119.49114,38.917887],[-119.490901,38.954621],[-119.472516,38.946854],[-119.472568,38.987238],[-119.546699,38.979534],[-119.546654,38.997557],[-119.49153,38.990309],[-119.509639,39.009464],[-119.491121,39.013402],[-119.491102,39.02806],[-119.509897,39.028059],[-119.509949,39.053471],[-119.547453,39.057077],[-119.547122,39.005811],[-119.564917,39.005767],[-119.564943,38.986863],[-119.593555,38.984023],[-119.592929,39.01315],[-119.612086,39.020293],[-119.622068,38.983079],[-119.622076,38.968953],[-119.566221,38.961811],[-119.556975,38.914561],[-119.566554,38.888884],[-119.580905,38.888847],[-119.568299,38.859893],[-119.577547,38.849122],[-119.558785,38.838558],[-119.586398,38.831082],[-119.586413,38.849099],[-119.619137,38.85256],[-119.600297,38.82016],[-119.641498,38.823895],[-119.641373,38.852046],[-119.605483,38.871126],[-119.605473,38.885319],[-119.595256,38.888885],[-119.604469,38.896042],[-119.677283,38.852428],[-119.677262,38.801969],[-119.691047,38.80197]],[[-119.664768,38.824319],[-119.664791,38.827898],[-119.659958,38.827869],[-119.65997,38.824337],[-119.664768,38.824319]],[[-119.66439,38.802039],[-119.66439,38.809513],[-119.659924,38.809513],[-119.659924,38.802039],[-119.66439,38.802039]],[[-119.623195,38.772923],[-119.623195,38.780332],[-119.613953,38.780332],[-119.613953,38.772923],[-119.623195,38.772923]],[[-119.614166,38.798315],[-119.605043,38.798701],[-119.604789,38.791403],[-119.609495,38.791403],[-119.614166,38.798315]],[[-119.586355,38.819957],[-119.586355,38.823654],[-119.581613,38.823654],[-119.581613,38.819957],[-119.586355,38.819957]],[[-119.579403,38.747696],[-119.579403,38.751436],[-119.574644,38.751436],[-119.574644,38.747696],[-119.579403,38.747696]],[[-119.572987,38.878528],[-119.572987,38.881781],[-119.568273,38.881781],[-119.568273,38.878074],[-119.572987,38.878528]],[[-119.572418,38.783762],[-119.572418,38.791099],[-119.567762,38.791099],[-119.567762,38.783762],[-119.572418,38.783762]],[[-119.565594,38.754922],[-119.565594,38.75855],[-119.561087,38.75855],[-119.561087,38.754922],[-119.565594,38.754922]],[[-119.565558,38.747724],[-119.565558,38.751492],[-119.561088,38.751492],[-119.561087,38.747701],[-119.565558,38.747724]],[[-119.554026,38.881142],[-119.544172,38.88173],[-119.544175,38.874357],[-119.553847,38.874357],[-119.554026,38.881142]],[[-119.552263,38.733588],[-119.552263,38.737264],[-119.543047,38.737264],[-119.543047,38.733588],[-119.552263,38.733588]],[[-119.544305,38.868763],[-119.544309,38.870851],[-119.534396,38.870859],[-119.539282,38.863584],[-119.544305,38.868763]],[[-119.53926,38.878094],[-119.539256,38.881734],[-119.53422,38.881739],[-119.534222,38.878094],[-119.53926,38.878094]],[[-119.538056,39.035335],[-119.538056,39.04263],[-119.528593,39.04263],[-119.528593,39.035335],[-119.538056,39.035335]],[[-119.537821,39.008148],[-119.537816,39.0136],[-119.519142,39.013599],[-119.523659,39.005572],[-119.537821,39.008148]],[[-119.535379,38.849409],[-119.535378,38.852868],[-119.530429,38.852868],[-119.53042,38.849229],[-119.535379,38.849409]],[[-119.524406,38.947447],[-119.524379,38.950663],[-119.519554,38.950663],[-119.519554,38.947018],[-119.524406,38.947447]],[[-119.523727,38.968767],[-119.523725,38.975998],[-119.514428,38.97601],[-119.514433,38.96878],[-119.523727,38.968767]],[[-119.509926,38.96878],[-119.509922,38.976111],[-119.505235,38.976084],[-119.505238,38.968787],[-119.509926,38.96878]],[[-119.491154,38.899998],[-119.491154,38.903585],[-119.486583,38.903604],[-119.486582,38.900033],[-119.491154,38.899998]],[[-119.48316,38.979717],[-119.482981,38.982672],[-119.478631,38.982548],[-119.47876,38.979555],[-119.48316,38.979717]],[[-119.482115,38.965599],[-119.482129,38.968972],[-119.477354,38.968972],[-119.477354,38.965309],[-119.482115,38.965599]],[[-119.604789,38.791403],[-119.600142,38.791403],[-119.600142,38.787647],[-119.604789,38.787647],[-119.604789,38.791403]]],[[[-119.695926,39.108238],[-119.630619,39.107257],[-119.631091,39.079078],[-119.569993,39.096604],[-119.621664,39.100472],[-119.620764,39.114566],[-119.695926,39.108238]]],[[[-119.714388,38.823559],[-119.714385,38.808961],[-119.704902,38.808962],[-119.704905,38.823557],[-119.714388,38.823559]]],[[[-119.714635,39.124876],[-119.705257,39.113788],[-119.695918,39.113768],[-119.695918,39.124907],[-119.714635,39.124876]]]]},"properties":{"GEOID":"4560T","TRIBE_NAME":"WashoeTribeofNevada&California(CarsonColony,DresslervilleColony,WoodfordsCommunity,StewartCommunity,&WashoeRanches)"}},{"type":"Feature","id":47,"geometry":{"type":"Polygon","coordinates":[[[-121.512937,39.504451],[-121.510468,39.499121],[-121.501337,39.49977],[-121.504311,39.5053],[-121.512937,39.504451]]]},"properties":{"GEOID":"0200T","TRIBE_NAME":"BerryCreekRancheriaofMaiduIndiansofCalifornia"}},{"type":"Feature","id":48,"geometry":{"type":"MultiPolygon","coordinates":[[[[-86.141492,32.427014],[-86.139752,32.425334],[-86.138481,32.425497],[-86.140286,32.427957],[-86.141492,32.427014]]],[[[-87.433936,31.364616],[-87.433512,31.3642],[-87.433321,31.364618],[-87.433936,31.364616]]],[[[-87.483104,31.10445],[-87.480737,31.102599],[-87.479123,31.103802],[-87.480445,31.105005],[-87.483104,31.10445]]],[[[-87.485696,31.072034],[-87.486186,31.071099],[-87.484089,31.071073],[-87.484036,31.072065],[-87.485696,31.072034]]],[[[-87.564786,31.095823],[-87.556231,31.096619],[-87.56105,31.10402],[-87.564539,31.10277],[-87.564786,31.095823]]],[[[-87.566363,30.983981],[-87.566367,30.983221],[-87.565448,30.983206],[-87.565452,30.983962],[-87.566363,30.983981]]]]},"properties":{"GEOID":"2865T","TRIBE_NAME":"PoarchBandofCreekIndians"}},{"type":"Feature","id":49,"geometry":{"type":"MultiPolygon","coordinates":[[[[-124.08319,43.977154],[-124.081992,43.977051],[-124.082189,43.980916],[-124.082304,43.978813],[-124.08319,43.977154]]],[[[-124.088915,43.983991],[-124.088733,43.976844],[-124.084233,43.976726],[-124.083237,43.983973],[-124.088915,43.983991]]],[[[-124.2204,43.380717],[-124.220212,43.379664],[-124.219433,43.380004],[-124.220083,43.380848],[-124.2204,43.380717]]],[[[-124.248777,43.407972],[-124.247016,43.407209],[-124.247,43.409471],[-124.248759,43.409475],[-124.248777,43.407972]]],[[[-124.264133,43.389858],[-124.263855,43.389535],[-124.263586,43.389857],[-124.263857,43.390058],[-124.264133,43.389858]]],[[[-124.265317,43.382615],[-124.265324,43.380458],[-124.262805,43.381162],[-124.263516,43.383283],[-124.265317,43.382615]]],[[[-124.266353,43.38808],[-124.266308,43.387718],[-124.263396,43.387677],[-124.265006,43.389212],[-124.266353,43.38808]]],[[[-124.268912,43.401542],[-124.268903,43.400878],[-124.268556,43.401025],[-124.268912,43.401542]]],[[[-124.309863,43.359022],[-124.308586,43.358009],[-124.308246,43.358319],[-124.308887,43.359184],[-124.309863,43.359022]]]]},"properties":{"GEOID":"0770T","TRIBE_NAME":"ConfederatedTribesoftheCoos,LowerUmpquaandSiuslawIndians"}},{"type":"Feature","id":50,"geometry":{"type":"MultiPolygon","coordinates":[[[[-91.690038,46.164179],[-91.690006,46.160977],[-91.684835,46.160993],[-91.684835,46.164651],[-91.690038,46.164179]]],[[[-91.721315,46.200939],[-91.721315,46.197277],[-91.716123,46.197277],[-91.716123,46.200939],[-91.721315,46.200939]]],[[[-91.748154,46.323481],[-91.748154,46.319823],[-91.742768,46.319823],[-91.742768,46.323481],[-91.748154,46.323481]]],[[[-91.800765,46.353963],[-91.790032,46.352768],[-91.790032,46.35638],[-91.797342,46.356513],[-91.800765,46.353963]]],[[[-92.055753,46.2483],[-92.055753,46.244609],[-92.050454,46.244598],[-92.050358,46.2483],[-92.055753,46.2483]]],[[[-92.096334,46.789112],[-92.096602,46.788908],[-92.095919,46.788856],[-92.096334,46.789112]]],[[[-92.096649,46.789306],[-92.096849,46.789154],[-92.096594,46.788996],[-92.096394,46.789149],[-92.096649,46.789306]]],[[[-92.113096,46.332171],[-92.107784,46.331771],[-92.107784,46.335435],[-92.113096,46.335435],[-92.113096,46.332171]]],[[[-92.279932,46.425275],[-92.279932,46.421801],[-92.274555,46.421801],[-92.274555,46.425275],[-92.279932,46.425275]]],[[[-92.288743,46.291057],[-92.288672,46.287945],[-92.283376,46.287864],[-92.28338,46.291317],[-92.288743,46.291057]]]]},"properties":{"GEOID":"1125T","TRIBE_NAME":"MinnesotaChippewaTribe,Minnesota(FondduLacBand)"}},{"type":"Feature","id":51,"geometry":{"type":"MultiPolygon","coordinates":[[[[-109.713729,48.307912],[-109.713718,48.284877],[-109.670353,48.279458],[-109.681209,48.297552],[-109.713729,48.307912]]],[[[-109.757088,48.384031],[-109.740698,48.380361],[-109.740649,48.387843],[-109.751666,48.387806],[-109.757088,48.384031]]],[[[-109.822263,48.384258],[-109.805929,48.384102],[-109.805929,48.387676],[-109.822263,48.39129],[-109.822263,48.384258]]],[[[-109.93304,48.382597],[-109.927503,48.382314],[-109.927548,48.385732],[-109.933037,48.38569],[-109.93304,48.382597]]],[[[-109.943588,48.363962],[-109.943547,48.349548],[-109.932794,48.349518],[-109.932855,48.363931],[-109.943588,48.363962]]],[[[-109.948692,48.232978],[-109.921388,48.200917],[-109.899516,48.197585],[-109.873036,48.219595],[-109.833857,48.201074],[-109.847283,48.244894],[-109.856369,48.218906],[-109.948692,48.232978]]],[[[-110.019486,48.378788],[-110.013888,48.367486],[-109.997591,48.371325],[-109.997605,48.378552],[-110.019486,48.378788]]],[[[-110.063228,48.309506],[-110.006994,48.309898],[-110.008761,48.276976],[-109.932503,48.291462],[-109.937976,48.273367],[-109.976319,48.269749],[-109.976007,48.248086],[-109.938269,48.237317],[-109.960244,48.266218],[-109.910986,48.276984],[-109.889412,48.269661],[-109.889015,48.251913],[-109.84834,48.248332],[-109.866059,48.305941],[-109.713729,48.308132],[-109.713672,48.337031],[-109.735358,48.337068],[-109.735413,48.315365],[-109.789555,48.315492],[-109.800498,48.366011],[-109.822207,48.358779],[-109.822236,48.380465],[-109.845789,48.380433],[-109.845776,48.394734],[-109.908482,48.40926],[-109.886879,48.438294],[-109.952055,48.438106],[-109.951965,48.394709],[-109.935853,48.401929],[-109.921963,48.385776],[-109.932855,48.363931],[-109.893702,48.371279],[-109.911023,48.385633],[-109.867432,48.39281],[-109.88374,48.349435],[-109.911001,48.34934],[-109.910994,48.33488],[-109.992281,48.335068],[-109.992178,48.320471],[-110.01937,48.313335],[-110.030337,48.321075],[-110.019774,48.349686],[-109.986623,48.349561],[-109.938383,48.371369],[-109.938163,48.393169],[-109.975742,48.393156],[-110.002907,48.351112],[-110.019433,48.356365],[-110.057556,48.346079],[-110.047199,48.317076],[-110.063228,48.309506]],[[-109.946583,48.425868],[-109.941357,48.427012],[-109.941345,48.423532],[-109.946566,48.423493],[-109.946583,48.425868]],[[-109.932787,48.318804],[-109.889149,48.320333],[-109.881472,48.305973],[-109.932785,48.306036],[-109.932787,48.318804]],[[-109.930494,48.423577],[-109.919415,48.423665],[-109.919381,48.416379],[-109.930397,48.416357],[-109.930494,48.423577]],[[-109.884111,48.338569],[-109.876793,48.341917],[-109.87155,48.334849],[-109.878651,48.334894],[-109.884111,48.338569]],[[-109.851184,48.344095],[-109.845841,48.344338],[-109.845861,48.334886],[-109.851172,48.334821],[-109.851184,48.344095]]],[[[-110.084509,48.319003],[-110.084335,48.317291],[-110.078958,48.317301],[-110.078978,48.320558],[-110.084509,48.319003]]],[[[-110.085094,48.255389],[-110.085048,48.251749],[-110.073824,48.251771],[-110.073867,48.25534],[-110.085094,48.255389]]],[[[-110.377889,48.329186],[-110.366176,48.326086],[-110.366023,48.333535],[-110.377889,48.333496],[-110.377889,48.329186]]],[[[-110.443119,48.391637],[-110.443132,48.38446],[-110.432414,48.384448],[-110.432486,48.391698],[-110.443119,48.391637]]]]},"properties":{"GEOID":"3205T","TRIBE_NAME":"ChippewaCreeIndiansoftheRockyBoy'sReservation,Montana"}},{"type":"Feature","id":52,"geometry":{"type":"MultiPolygon","coordinates":[[[[-92.615948,41.980966],[-92.610895,41.978308],[-92.610844,41.985494],[-92.615695,41.985567],[-92.615948,41.980966]]],[[[-92.625479,41.984808],[-92.625468,41.982073],[-92.620648,41.982014],[-92.620563,41.984721],[-92.625479,41.984808]]],[[[-92.630075,42.002293],[-92.625044,41.998535],[-92.622771,42.003821],[-92.62527,42.002146],[-92.630075,42.002293]]],[[[-92.631759,41.986594],[-92.625475,41.985894],[-92.625414,41.989366],[-92.631759,41.989397],[-92.631759,41.986594]]],[[[-92.644553,41.949246],[-92.644357,41.942025],[-92.634664,41.941706],[-92.635017,41.949254],[-92.644553,41.949246]]],[[[-92.672071,42.003874],[-92.672083,42.002738],[-92.668856,42.002726],[-92.668839,42.004581],[-92.672071,42.003874]]]]},"properties":{"GEOID":"3280T","TRIBE_NAME":"Sac&FoxTribeoftheMississippiinIowa"}},{"type":"Feature","id":53,"geometry":{"type":"MultiPolygon","coordinates":[[[[-117.091796,33.449407],[-117.087342,33.448561],[-117.087355,33.450334],[-117.08834,33.449097],[-117.091796,33.449407]]],[[[-117.138837,33.430775],[-117.130206,33.427899],[-117.117928,33.431327],[-117.117948,33.438777],[-117.106916,33.430623],[-117.091472,33.430385],[-117.08298,33.444301],[-117.121469,33.462719],[-117.138837,33.430775]],[[-117.104715,33.432459],[-117.104715,33.434289],[-117.100236,33.433951],[-117.100302,33.432235],[-117.104715,33.432459]]],[[[-117.151304,33.447146],[-117.151326,33.446293],[-117.149175,33.446287],[-117.149151,33.44719],[-117.151304,33.447146]]],[[[-117.153743,33.434543],[-117.144678,33.433254],[-117.140333,33.439155],[-117.136767,33.447163],[-117.153743,33.434543]]],[[[-117.28306,33.720946],[-117.283572,33.719353],[-117.278316,33.720365],[-117.280963,33.720669],[-117.28306,33.720946]]]]},"properties":{"GEOID":"2745T","TRIBE_NAME":"PechangaBandofIndians"}},{"type":"Feature","id":54,"geometry":{"type":"MultiPolygon","coordinates":[[[[-117.261206,48.331193],[-117.261264,48.327642],[-117.255678,48.327626],[-117.255643,48.331266],[-117.261206,48.331193]]],[[[-117.266492,48.338971],[-117.261139,48.334874],[-117.250137,48.334968],[-117.255471,48.345838],[-117.266492,48.338971]]],[[[-117.271848,48.379305],[-117.266346,48.378506],[-117.266162,48.389567],[-117.271797,48.389514],[-117.271848,48.379305]]],[[[-117.286829,48.309546],[-117.284799,48.306518],[-117.284367,48.305878],[-117.284381,48.309578],[-117.286829,48.309546]]],[[[-117.297559,48.454717],[-117.287807,48.425779],[-117.271391,48.429371],[-117.283083,48.449778],[-117.297559,48.454717]]],[[[-117.312072,48.387382],[-117.30029,48.368213],[-117.290755,48.368477],[-117.291543,48.390011],[-117.312072,48.387382]]],[[[-117.320122,48.396531],[-117.29413,48.396645],[-117.294616,48.40737],[-117.315894,48.411341],[-117.320122,48.396531]],[[-117.310728,48.39658],[-117.310671,48.400426],[-117.305597,48.400355],[-117.305566,48.3966],[-117.310728,48.39658]]],[[[-117.579798,47.649946],[-117.560876,47.644859],[-117.560966,47.657597],[-117.57135,47.657498],[-117.579798,47.649946]]],[[[-117.579856,47.647131],[-117.579875,47.646632],[-117.577034,47.64666],[-117.577179,47.647138],[-117.579856,47.647131]]]]},"properties":{"GEOID":"1735T","TRIBE_NAME":"KalispelIndianCommunityoftheKalispelReservation"}},{"type":"Feature","id":55,"geometry":{"type":"Polygon","coordinates":[[[-121.844475,47.523099],[-121.844509,47.521392],[-121.842248,47.521405],[-121.842338,47.523086],[-121.844475,47.523099]]]},"properties":{"GEOID":"3860T","TRIBE_NAME":"SnoqualmieIndianTribe"}},{"type":"Feature","id":56,"geometry":{"type":"Polygon","coordinates":[[[-96.376928,41.69041],[-96.371758,41.683351],[-96.367055,41.683326],[-96.367021,41.69036],[-96.376928,41.69041]]]},"properties":{"GEOID":"4625T","TRIBE_NAME":"WinnebagoTribeofNebraska"}},{"type":"Feature","id":57,"geometry":{"type":"MultiPolygon","coordinates":[[[[-84.734774,45.767737],[-84.732595,45.764635],[-84.732543,45.770915],[-84.734231,45.77091],[-84.734774,45.767737]]],[[[-84.742485,45.776288],[-84.737406,45.774478],[-84.733839,45.779285],[-84.741672,45.779481],[-84.742485,45.776288]]],[[[-84.781773,45.551559],[-84.781782,45.551012],[-84.781405,45.551013],[-84.781387,45.551555],[-84.781773,45.551559]]],[[[-84.789739,45.558076],[-84.789727,45.557574],[-84.789511,45.557578],[-84.789527,45.558076],[-84.789739,45.558076]]],[[[-84.802947,45.615694],[-84.80287,45.608516],[-84.79769,45.608578],[-84.797726,45.615778],[-84.802947,45.615694]]],[[[-84.817809,45.70192],[-84.817738,45.694503],[-84.797256,45.695198],[-84.797338,45.701872],[-84.817809,45.70192]]],[[[-84.908053,45.395303],[-84.908069,45.39497],[-84.905849,45.394845],[-84.906522,45.395313],[-84.908053,45.395303]]],[[[-84.957825,45.369123],[-84.957825,45.36891],[-84.957436,45.368909],[-84.95743,45.369124],[-84.957825,45.369123]]],[[[-84.958842,45.368904],[-84.958843,45.368748],[-84.958217,45.36875],[-84.958215,45.368904],[-84.958842,45.368904]]],[[[-84.965828,45.349914],[-84.963695,45.348533],[-84.955829,45.351976],[-84.965795,45.352079],[-84.965828,45.349914]]],[[[-84.96674,45.373011],[-84.966736,45.37262],[-84.966355,45.372624],[-84.966351,45.373019],[-84.96674,45.373011]]],[[[-84.971655,45.349056],[-84.971846,45.348548],[-84.967695,45.348458],[-84.967658,45.348854],[-84.971655,45.349056]]],[[[-84.983016,45.356259],[-84.975423,45.355659],[-84.975407,45.357183],[-84.982977,45.359364],[-84.983016,45.356259]]],[[[-84.997576,45.428936],[-84.997563,45.428024],[-84.996378,45.42838],[-84.996465,45.428918],[-84.997576,45.428936]]],[[[-85.016123,45.650369],[-85.015488,45.649742],[-85.015173,45.650321],[-85.015567,45.650381],[-85.016123,45.650369]]],[[[-85.040888,45.643745],[-85.038819,45.642318],[-85.037793,45.644574],[-85.038666,45.64536],[-85.040888,45.643745]]],[[[-85.184893,45.355388],[-85.178445,45.353932],[-85.178401,45.361188],[-85.179222,45.355833],[-85.184893,45.355388]]],[[[-86.767855,45.508014],[-86.762509,45.501698],[-86.757287,45.501692],[-86.758106,45.504725],[-86.767855,45.508014]]]]},"properties":{"GEOID":"1963T","TRIBE_NAME":"LittleTraverseBayBandsofOdawaIndians,Michigan"}},{"type":"Feature","id":58,"geometry":{"type":"MultiPolygon","coordinates":[[[[-122.632675,41.707382],[-122.622156,41.698609],[-122.612709,41.698476],[-122.624262,41.713185],[-122.632675,41.707382]],[[-122.622821,41.705938],[-122.622813,41.706432],[-122.619742,41.706479],[-122.619727,41.706066],[-122.622821,41.705938]]],[[[-122.643133,41.718105],[-122.643156,41.716808],[-122.642465,41.716749],[-122.64193,41.718091],[-122.643133,41.718105]]],[[[-123.281065,41.274385],[-123.279399,41.272769],[-123.279248,41.276551],[-123.280455,41.275852],[-123.281065,41.274385]]],[[[-123.361947,41.292226],[-123.361049,41.29067],[-123.352266,41.293899],[-123.353289,41.294156],[-123.361947,41.292226]]],[[[-123.363673,41.803344],[-123.362641,41.798334],[-123.349062,41.798298],[-123.352766,41.809452],[-123.363673,41.803344]]],[[[-123.376127,41.797555],[-123.3752,41.797341],[-123.375084,41.797601],[-123.375921,41.797955],[-123.376127,41.797555]]],[[[-123.376666,41.804441],[-123.374603,41.79869],[-123.364217,41.809689],[-123.374785,41.809334],[-123.376666,41.804441]]],[[[-123.377762,41.80095],[-123.377284,41.799963],[-123.376543,41.801458],[-123.377322,41.801753],[-123.377762,41.80095]]],[[[-123.379233,41.801212],[-123.378361,41.800457],[-123.377762,41.80095],[-123.378236,41.801374],[-123.379233,41.801212]]],[[[-123.379113,41.317005],[-123.378018,41.315707],[-123.379399,41.313411],[-123.377241,41.314978],[-123.379113,41.317005]]],[[[-123.381333,41.790686],[-123.379538,41.790749],[-123.379633,41.792387],[-123.381004,41.792336],[-123.381333,41.790686]]],[[[-123.411315,41.33791],[-123.409462,41.336932],[-123.408089,41.339743],[-123.410201,41.33946],[-123.411315,41.33791]]],[[[-123.430463,41.672383],[-123.426447,41.671828],[-123.426455,41.674378],[-123.430337,41.674084],[-123.430463,41.672383]]],[[[-123.44335,41.687368],[-123.443336,41.681965],[-123.435888,41.681927],[-123.436011,41.687358],[-123.44335,41.687368]]],[[[-123.447406,41.374593],[-123.445311,41.373086],[-123.444778,41.374106],[-123.446068,41.374646],[-123.447406,41.374593]]],[[[-123.450653,41.71],[-123.445132,41.708434],[-123.445114,41.712282],[-123.449886,41.712308],[-123.450653,41.71]]],[[[-123.491376,41.449359],[-123.489917,41.447496],[-123.488477,41.450396],[-123.491341,41.450396],[-123.491376,41.449359]]],[[[-123.494308,41.386165],[-123.494511,41.385333],[-123.49397,41.385188],[-123.493709,41.386165],[-123.494308,41.386165]]],[[[-123.496374,41.38702],[-123.495869,41.386608],[-123.494597,41.386984],[-123.495409,41.387494],[-123.496374,41.38702]]],[[[-123.499416,41.38498],[-123.498715,41.383844],[-123.497801,41.385046],[-123.498139,41.385797],[-123.499416,41.38498]]],[[[-123.505935,41.463192],[-123.50506,41.462704],[-123.504149,41.463429],[-123.504633,41.463972],[-123.505935,41.463192]]],[[[-123.50669,41.407532],[-123.506371,41.406868],[-123.505137,41.407053],[-123.505326,41.407521],[-123.50669,41.407532]]],[[[-123.515888,41.585632],[-123.515222,41.585197],[-123.514839,41.586006],[-123.515155,41.586263],[-123.515888,41.585632]]],[[[-123.517658,41.475994],[-123.517626,41.472324],[-123.514,41.473237],[-123.513721,41.477869],[-123.517658,41.475994]]],[[[-123.527812,41.495179],[-123.527275,41.492792],[-123.523617,41.49337],[-123.525732,41.495405],[-123.527812,41.495179]]],[[[-123.528342,41.531267],[-123.528564,41.52943],[-123.527795,41.529419],[-123.52684,41.531228],[-123.528342,41.531267]]],[[[-123.529064,41.52496],[-123.528794,41.523623],[-123.527108,41.524905],[-123.529064,41.52496]]],[[[-123.550456,41.299779],[-123.543325,41.299631],[-123.541139,41.300639],[-123.545088,41.303139],[-123.550456,41.299779]]]]},"properties":{"GEOID":"1750T","TRIBE_NAME":"KarukTribe"}},{"type":"Feature","id":59,"geometry":{"type":"MultiPolygon","coordinates":[[[[-95.495664,44.74939],[-95.492921,44.748252],[-95.492494,44.749086],[-95.495084,44.750085],[-95.495664,44.74939]]],[[[-95.530403,44.768023],[-95.528837,44.767341],[-95.528798,44.768877],[-95.530403,44.768023]]],[[[-95.549263,44.769846],[-95.549277,44.767864],[-95.528904,44.76198],[-95.539059,44.771337],[-95.549263,44.769846]]]]},"properties":{"GEOID":"4445T","TRIBE_NAME":"UpperSiouxCommunity,Minnesota"}},{"type":"Feature","id":60,"geometry":{"type":"MultiPolygon","coordinates":[[[[-95.917063,41.281253],[-95.917063,41.280377],[-95.916542,41.28037],[-95.916542,41.281253],[-95.917063,41.281253]]],[[[-96.69669,40.803509],[-96.696699,40.803035],[-96.695914,40.803043],[-96.695915,40.8035],[-96.69669,40.803509]]],[[[-97.497123,42.728696],[-97.497055,42.728319],[-97.496795,42.72832],[-97.496793,42.728695],[-97.497123,42.728696]]],[[[-98.033098,42.750349],[-98.033098,42.750112],[-98.032848,42.750117],[-98.032848,42.750345],[-98.033098,42.750349]]],[[[-98.095381,42.716216],[-98.09538,42.71222],[-98.074186,42.713066],[-98.074205,42.716215],[-98.095381,42.716216]]]]},"properties":{"GEOID":"2900T","TRIBE_NAME":"PoncaTribeofNebraska"}},{"type":"Feature","id":61,"geometry":{"type":"MultiPolygon","coordinates":[[[[-124.094807,40.979539],[-124.08821,40.979263],[-124.088164,40.981521],[-124.091949,40.98151],[-124.094807,40.979539]]],[[[-124.126131,41.054997],[-124.125419,41.05417],[-124.123508,41.054952],[-124.12404,41.055737],[-124.126131,41.054997]]],[[[-124.128319,41.056563],[-124.128313,41.054869],[-124.126832,41.055521],[-124.127358,41.055962],[-124.128319,41.056563]]]]},"properties":{"GEOID":"4275T","TRIBE_NAME":"Cher-AeHeightsIndianCommunityoftheTrinidadRancheria,California"}},{"type":"Feature","id":62,"geometry":{"type":"MultiPolygon","coordinates":[[[[-116.86491,33.787375],[-116.860646,33.773912],[-116.842339,33.773745],[-116.842592,33.794561],[-116.86491,33.787375]]],[[[-116.942257,33.807216],[-116.932693,33.786891],[-116.924611,33.783962],[-116.919461,33.80211],[-116.942257,33.807216]]]]},"properties":{"GEOID":"3870T","TRIBE_NAME":"SobobaBandofLuisenoIndians,California"}},{"type":"Feature","id":63,"geometry":{"type":"MultiPolygon","coordinates":[[[[-106.576937,36.817301],[-106.569197,36.81732],[-106.569496,36.821474],[-106.57473,36.820753],[-106.576937,36.817301]]],[[[-106.583058,36.875815],[-106.566337,36.816024],[-106.459371,36.841071],[-106.422749,36.824019],[-106.412124,36.834248],[-106.42526,36.866589],[-106.351983,36.879802],[-106.373738,36.895073],[-106.458648,36.897993],[-106.483065,36.922302],[-106.536448,36.937555],[-106.57488,36.908885],[-106.583058,36.875815]]]]},"properties":{"GEOID":"1700T","TRIBE_NAME":"JicarillaApacheNation,NewMexico"}},{"type":"Feature","id":64,"geometry":{"type":"MultiPolygon","coordinates":[[[[-113.559649,35.494437],[-113.557385,35.487777],[-113.543559,35.494457],[-113.556848,35.494595],[-113.559649,35.494437]]],[[[-113.665767,35.364615],[-113.665711,35.361003],[-113.663477,35.361053],[-113.663543,35.364602],[-113.665767,35.364615]]],[[[-113.741433,35.578377],[-113.741446,35.574894],[-113.723672,35.574824],[-113.723717,35.581859],[-113.741433,35.578377]]],[[[-113.866329,35.678164],[-113.848839,35.676211],[-113.84907,35.691389],[-113.866304,35.691393],[-113.866329,35.678164]]],[[[-113.884887,35.676215],[-113.884815,35.66172],[-113.866396,35.661711],[-113.866334,35.676215],[-113.884887,35.676215]]],[[[-113.88507,35.70587],[-113.884981,35.691393],[-113.866304,35.691393],[-113.866275,35.705908],[-113.88507,35.70587]]],[[[-113.885245,35.734118],[-113.885173,35.720251],[-113.866248,35.720247],[-113.866222,35.734162],[-113.885245,35.734118]]],[[[-113.903676,35.707092],[-113.88507,35.70587],[-113.885173,35.720251],[-113.903682,35.720253],[-113.903676,35.707092]]],[[[-113.903691,35.682851],[-113.884887,35.676215],[-113.884981,35.691393],[-113.903682,35.691393],[-113.903691,35.682851]]],[[[-113.920845,35.721134],[-113.903682,35.720253],[-113.903677,35.73408],[-113.920838,35.734046],[-113.920845,35.721134]]],[[[-113.938606,35.687023],[-113.920852,35.676201],[-113.903682,35.70587],[-113.920849,35.70587],[-113.938606,35.687023]]],[[[-113.938631,35.710119],[-113.920849,35.70587],[-113.920849,35.720256],[-113.938557,35.720277],[-113.938631,35.710119]]]]},"properties":{"GEOID":"1545T","TRIBE_NAME":"HualapaiIndianTribeoftheHualapaiIndianReservation,Arizona"}},{"type":"Feature","id":65,"geometry":{"type":"MultiPolygon","coordinates":[[[[-88.918821,32.853037],[-88.918428,32.849848],[-88.914316,32.849826],[-88.914243,32.853027],[-88.918821,32.853037]]],[[[-88.926603,32.919997],[-88.922485,32.919371],[-88.920367,32.923019],[-88.923511,32.924537],[-88.926603,32.919997]]],[[[-88.93943,32.849991],[-88.926816,32.84969],[-88.926802,32.853394],[-88.939258,32.8535],[-88.93943,32.849991]]],[[[-88.947844,32.915614],[-88.945853,32.909543],[-88.93697,32.910637],[-88.94355,32.91568],[-88.947844,32.915614]]],[[[-88.948761,32.831289],[-88.948761,32.824432],[-88.944356,32.824431],[-88.944283,32.831608],[-88.948761,32.831289]]],[[[-88.949437,32.922958],[-88.948977,32.919173],[-88.943713,32.919194],[-88.943764,32.922903],[-88.949437,32.922958]]],[[[-89.002885,31.814379],[-89.002884,31.813437],[-88.990136,31.81345],[-88.98317,31.81739],[-89.002885,31.814379]]],[[[-89.019146,31.777115],[-89.01901,31.766183],[-89.002824,31.773579],[-89.00283,31.776216],[-89.019146,31.777115]]],[[[-89.025338,32.695182],[-89.025315,32.687914],[-89.021026,32.687865],[-89.021039,32.692268],[-89.025338,32.695182]]],[[[-89.059694,32.720844],[-89.059694,32.717158],[-89.055397,32.717158],[-89.055397,32.720853],[-89.059694,32.720844]]],[[[-89.189271,32.785473],[-89.189234,32.783531],[-89.184985,32.783081],[-89.184994,32.787118],[-89.189271,32.785473]]],[[[-89.238056,32.750836],[-89.236674,32.738948],[-89.228142,32.738972],[-89.228267,32.744985],[-89.238056,32.750836]]],[[[-89.245107,32.444192],[-89.24091,32.435277],[-89.232559,32.435265],[-89.232479,32.447829],[-89.245107,32.444192]]],[[[-89.24542,32.822887],[-89.245339,32.816182],[-89.236431,32.816238],[-89.241052,32.823432],[-89.24542,32.822887]]],[[[-89.270979,32.483016],[-89.2709,32.474559],[-89.266625,32.474633],[-89.266616,32.483047],[-89.270979,32.483016]]],[[[-89.277518,32.802054],[-89.273338,32.790762],[-89.26265,32.812468],[-89.271341,32.812638],[-89.277518,32.802054]]],[[[-89.286651,32.786703],[-89.285439,32.783477],[-89.279673,32.783434],[-89.279715,32.787226],[-89.286651,32.786703]]],[[[-89.339288,32.792582],[-89.335663,32.790743],[-89.335863,32.797883],[-89.337829,32.795449],[-89.339288,32.792582]]],[[[-89.449435,32.664921],[-89.44942,32.660121],[-89.442161,32.661446],[-89.442157,32.665413],[-89.449435,32.664921]]],[[[-89.470135,32.661449],[-89.460295,32.65752],[-89.458674,32.665343],[-89.467999,32.666583],[-89.470135,32.661449]]],[[[-89.52433,32.809845],[-89.524307,32.804579],[-89.503687,32.808222],[-89.503821,32.811819],[-89.52433,32.809845]]],[[[-89.594767,35.681003],[-89.58855,35.673239],[-89.584834,35.683177],[-89.593439,35.6849],[-89.594767,35.681003]],[[-89.589227,35.679153],[-89.588989,35.680021],[-89.588021,35.679849],[-89.588258,35.678977],[-89.589227,35.679153]]],[[[-90.032244,33.531497],[-90.03227,33.524249],[-90.013047,33.520539],[-90.01325,33.541944],[-90.032244,33.531497]]]]},"properties":{"GEOID":"2300T","TRIBE_NAME":"MississippiBandofChoctawIndians"}},{"type":"Feature","id":66,"geometry":{"type":"MultiPolygon","coordinates":[[[[-121.678846,40.863266],[-121.670379,40.862784],[-121.67036,40.874066],[-121.678696,40.874188],[-121.678846,40.863266]]],[[[-121.923255,40.833646],[-121.920748,40.829009],[-121.916587,40.829593],[-121.917825,40.83358],[-121.923255,40.833646]]]]},"properties":{"GEOID":"2835T","TRIBE_NAME":"PitRiverTribe,California(includesXLRanch,BigBend,Likely,Lookout,MontgomeryCreek,andRoaringCreekRancherias)"}},{"type":"Feature","id":67,"geometry":{"type":"MultiPolygon","coordinates":[[[[-119.621403,36.970886],[-119.621378,36.970673],[-119.618349,36.970757],[-119.619103,36.971089],[-119.621403,36.970886]]],[[[-119.625265,36.974116],[-119.624641,36.971027],[-119.618747,36.971366],[-119.610809,36.970826],[-119.625265,36.974116]]],[[[-119.626392,36.971148],[-119.625086,36.969666],[-119.624799,36.969955],[-119.624853,36.971634],[-119.626392,36.971148]]],[[[-119.632657,36.980022],[-119.627032,36.976237],[-119.621822,36.978612],[-119.625006,36.984771],[-119.632657,36.980022]]],[[[-119.645389,36.995125],[-119.636628,36.988063],[-119.631856,36.998259],[-119.638844,36.994987],[-119.645389,36.995125]]],[[[-119.659581,36.984423],[-119.641303,36.983373],[-119.641133,36.987697],[-119.659164,36.991766],[-119.659581,36.984423]]]]},"properties":{"GEOID":"4110T","TRIBE_NAME":"TableMountainRancheria"}},{"type":"Feature","id":68,"geometry":{"type":"MultiPolygon","coordinates":[[[[-116.754524,33.928108],[-116.753716,33.926714],[-116.751478,33.9267],[-116.751506,33.928056],[-116.754524,33.928108]]],[[[-116.789553,33.930211],[-116.78947,33.919277],[-116.772133,33.92532],[-116.772158,33.932584],[-116.789553,33.930211]],[[-116.789349,33.924585],[-116.789369,33.926399],[-116.788281,33.926407],[-116.788261,33.924594],[-116.789349,33.924585]]],[[[-116.79809,33.903364],[-116.79808,33.899729],[-116.793746,33.899688],[-116.79375,33.903419],[-116.79809,33.903364]]],[[[-116.807452,33.928156],[-116.80745,33.927936],[-116.806816,33.92794],[-116.806817,33.928158],[-116.807452,33.928156]]],[[[-116.807492,33.929692],[-116.806803,33.929244],[-116.806775,33.930311],[-116.807142,33.930496],[-116.807492,33.929692]]],[[[-116.807757,33.931042],[-116.807688,33.931012],[-116.806768,33.930578],[-116.807437,33.931393],[-116.807757,33.931042]]],[[[-116.90281,33.899825],[-116.902769,33.896197],[-116.900793,33.896179],[-116.900612,33.89986],[-116.90281,33.899825]]]]},"properties":{"GEOID":"2360T","TRIBE_NAME":"MorongoBandofMissionIndians,California"}},{"type":"Feature","id":69,"geometry":{"type":"MultiPolygon","coordinates":[[[[-124.38743,47.729923],[-124.387483,47.726242],[-124.376324,47.726202],[-124.376325,47.729913],[-124.38743,47.729923]]],[[[-124.411348,47.737572],[-124.398638,47.729904],[-124.38743,47.729923],[-124.387325,47.737342],[-124.411348,47.737572]]],[[[-124.41828,47.746775],[-124.413264,47.742921],[-124.411179,47.742741],[-124.411007,47.747928],[-124.41828,47.746775]]]]},"properties":{"GEOID":"1460T","TRIBE_NAME":"HohIndianTribe"}},{"type":"Feature","id":70,"geometry":{"type":"MultiPolygon","coordinates":[[[[-107.013429,45.208023],[-107.01061,45.2076],[-107.010611,45.210976],[-107.013429,45.210976],[-107.013429,45.208023]]],[[[-107.013429,45.181947],[-107.010611,45.181571],[-107.010611,45.188727],[-107.013429,45.188727],[-107.013429,45.181947]]],[[[-107.015951,45.979724],[-107.009712,45.961001],[-107.009895,46.000762],[-107.011334,45.979715],[-107.015951,45.979724]]],[[[-107.016751,45.947496],[-107.01072,45.946592],[-107.010696,45.950576],[-107.01675,45.950513],[-107.016751,45.947496]]],[[[-107.019939,46.108802],[-107.015013,46.10791],[-107.01491,46.111553],[-107.01986,46.111603],[-107.019939,46.108802]]],[[[-107.030252,46.05744],[-107.030091,46.042864],[-107.019706,46.04272],[-107.019867,46.057296],[-107.030252,46.05744]]],[[[-107.030422,46.119132],[-107.015,46.118645],[-107.014699,46.133002],[-107.030328,46.133138],[-107.030422,46.119132]]],[[[-107.030672,46.086437],[-107.020029,46.085906],[-107.019778,46.092975],[-107.030433,46.09326],[-107.030672,46.086437]]],[[[-107.041033,46.075136],[-107.030551,46.071493],[-107.03037,46.078984],[-107.040781,46.079266],[-107.041033,46.075136]]],[[[-107.041296,46.102864],[-107.03068,46.100309],[-107.030564,46.108055],[-107.041139,46.108241],[-107.041296,46.102864]]],[[[-107.052127,45.878348],[-107.031862,45.876854],[-107.031725,45.884078],[-107.052095,45.884785],[-107.052127,45.878348]]],[[[-107.057847,45.935517],[-107.057848,45.932065],[-107.051816,45.93208],[-107.051814,45.935564],[-107.057847,45.935517]]],[[[-107.071192,46.014276],[-107.070939,45.999564],[-107.06037,45.999418],[-107.060727,46.013996],[-107.071192,46.014276]]],[[[-107.07238,46.124774],[-107.072359,46.115079],[-107.06217,46.115275],[-107.061757,46.129574],[-107.07238,46.124774]]],[[[-107.072858,45.913483],[-107.072797,45.898108],[-107.052039,45.89822],[-107.051958,45.913496],[-107.072858,45.913483]]],[[[-107.077778,45.855618],[-107.072742,45.855409],[-107.072776,45.858988],[-107.077723,45.859094],[-107.077778,45.855618]]],[[[-107.093284,46.121656],[-107.083033,46.115028],[-107.082883,46.129349],[-107.093037,46.129309],[-107.093284,46.121656]]],[[[-107.093722,46.091096],[-107.093688,46.086095],[-107.0724,46.085864],[-107.072605,46.09299],[-107.093722,46.091096]]],[[[-107.0979,45.891036],[-107.093185,45.890472],[-107.093162,45.894316],[-107.097828,45.894231],[-107.0979,45.891036]]],[[[-107.098239,45.884175],[-107.092883,45.883169],[-107.092923,45.887447],[-107.098184,45.887382],[-107.098239,45.884175]]],[[[-107.104562,46.057367],[-107.104319,46.050139],[-107.094072,46.05006],[-107.09432,46.057154],[-107.104562,46.057367]]],[[[-107.127077,46.136899],[-107.126922,46.133266],[-107.116434,46.133165],[-107.116613,46.136779],[-107.127077,46.136899]]],[[[-107.127841,46.306459],[-107.127782,46.299583],[-107.123302,46.299631],[-107.122597,46.306529],[-107.127841,46.306459]]],[[[-107.135382,46.117549],[-107.130257,46.114896],[-107.13005,46.122113],[-107.135196,46.122049],[-107.135382,46.117549]]],[[[-107.141195,46.302401],[-107.13561,46.302138],[-107.135436,46.308538],[-107.137288,46.308444],[-107.141195,46.302401]]],[[[-107.145936,46.080658],[-107.135656,46.079001],[-107.135541,46.086181],[-107.145927,46.08643],[-107.145936,46.080658]]],[[[-107.156386,46.055497],[-107.156314,46.051721],[-107.15137,46.051737],[-107.151396,46.055545],[-107.156386,46.055497]]],[[[-107.176829,46.07023],[-107.166997,46.057589],[-107.156656,46.057431],[-107.156167,46.071661],[-107.176829,46.07023]]],[[[-107.177273,45.808049],[-107.177073,45.79727],[-107.166566,45.797276],[-107.166875,45.811626],[-107.177273,45.808049]]],[[[-107.19271,45.834919],[-107.187388,45.832197],[-107.187581,45.840551],[-107.192518,45.840501],[-107.19271,45.834919]]],[[[-107.197847,46.075184],[-107.187983,46.072374],[-107.187188,46.079515],[-107.197813,46.079695],[-107.197847,46.075184]]],[[[-107.200119,46.153486],[-107.200045,46.149641],[-107.1946,46.14969],[-107.194681,46.153536],[-107.200119,46.153486]]],[[[-107.208005,46.104559],[-107.197766,46.10109],[-107.197544,46.108075],[-107.207886,46.108175],[-107.208005,46.104559]]],[[[-107.21554,46.176859],[-107.215386,46.17119],[-107.194754,46.171364],[-107.194826,46.17864],[-107.21554,46.176859]]],[[[-107.233627,45.793457],[-107.233546,45.782614],[-107.218599,45.782561],[-107.218525,45.79707],[-107.233627,45.793457]]],[[[-107.239322,46.072606],[-107.239096,46.065581],[-107.229519,46.064816],[-107.229148,46.07256],[-107.239322,46.072606]]],[[[-107.239352,46.118693],[-107.182003,46.118487],[-107.181287,46.133185],[-107.218105,46.133304],[-107.239352,46.118693]]],[[[-107.243071,46.131071],[-107.242965,46.125834],[-107.239154,46.125972],[-107.239195,46.133474],[-107.243071,46.131071]]],[[[-107.246608,45.779061],[-107.24649,45.767669],[-107.236153,45.767669],[-107.231583,45.778711],[-107.246608,45.779061]]],[[[-107.249499,45.985519],[-107.248996,45.978249],[-107.238859,45.9783],[-107.238803,45.985411],[-107.249499,45.985519]]],[[[-107.25832,46.178333],[-107.247256,46.157313],[-107.225771,46.157274],[-107.24267,46.178366],[-107.25832,46.178333]]],[[[-107.258965,46.127306],[-107.247916,46.125666],[-107.247888,46.133072],[-107.258929,46.133101],[-107.258965,46.127306]]],[[[-107.259625,45.849733],[-107.249106,45.841064],[-107.238586,45.841064],[-107.238586,45.852076],[-107.259625,45.849733]]],[[[-107.273863,45.99307],[-107.263816,45.992865],[-107.258407,46.000222],[-107.268265,46.000242],[-107.273863,45.99307]]],[[[-107.279255,46.074632],[-107.248313,46.072484],[-107.248164,46.086912],[-107.279134,46.086733],[-107.279255,46.074632]]],[[[-107.279569,46.116259],[-107.263828,46.115346],[-107.258607,46.122597],[-107.279526,46.122651],[-107.279569,46.116259]]],[[[-107.283377,46.171264],[-107.28332,46.164117],[-107.27817,46.164134],[-107.278124,46.171282],[-107.283377,46.171264]]],[[[-107.290516,45.827088],[-107.290046,45.819813],[-107.279507,45.819871],[-107.279588,45.827148],[-107.290516,45.827088]]],[[[-107.294252,46.19071],[-107.286939,46.188752],[-107.286957,46.194071],[-107.294078,46.194092],[-107.294252,46.19071]]],[[[-107.296088,45.967602],[-107.296065,45.964133],[-107.29069,45.965683],[-107.29068,45.967619],[-107.296088,45.967602]]],[[[-107.299822,46.107855],[-107.299384,46.1008],[-107.288819,46.100801],[-107.289049,46.107856],[-107.299822,46.107855]]],[[[-107.299968,46.087816],[-107.289399,46.086301],[-107.289335,46.093724],[-107.299869,46.09735],[-107.299968,46.087816]]],[[[-107.300246,46.05097],[-107.278969,46.050595],[-107.279255,46.057946],[-107.300172,46.058113],[-107.300246,46.05097]]],[[[-107.300243,46.014709],[-107.289051,46.00716],[-107.283323,46.0217],[-107.294315,46.021715],[-107.300243,46.014709]]],[[[-107.309753,46.146489],[-107.2993,46.143701],[-107.299227,46.150368],[-107.309735,46.150333],[-107.309753,46.146489]]],[[[-107.310599,46.007262],[-107.310668,46.000251],[-107.300099,46.000198],[-107.300078,46.00726],[-107.310599,46.007262]]],[[[-107.3209,46.033375],[-107.320949,46.028754],[-107.31038,46.028701],[-107.315399,46.039715],[-107.3209,46.033375]]],[[[-107.330903,46.137978],[-107.320818,46.136289],[-107.320746,46.143964],[-107.330879,46.143992],[-107.330903,46.137978]]],[[[-107.333124,45.899429],[-107.326694,45.897976],[-107.326997,45.901939],[-107.33291,45.902304],[-107.333124,45.899429]]],[[[-107.335372,46.101074],[-107.335384,46.097115],[-107.31469,46.097038],[-107.320271,46.107915],[-107.335372,46.101074]]],[[[-107.340563,46.192254],[-107.340413,46.185134],[-107.319188,46.185211],[-107.319261,46.192942],[-107.340563,46.192254]]],[[[-107.346064,46.114587],[-107.345939,46.108195],[-107.340891,46.108115],[-107.340677,46.115002],[-107.346064,46.114587]]],[[[-107.346401,46.163468],[-107.340758,46.163287],[-107.340791,46.167184],[-107.346348,46.167233],[-107.346401,46.163468]]],[[[-107.352443,46.061004],[-107.300172,46.058113],[-107.300127,46.065239],[-107.346796,46.072503],[-107.352443,46.061004]]],[[[-107.362018,46.098651],[-107.36204,46.094042],[-107.340968,46.093401],[-107.340958,46.100766],[-107.362018,46.098651]]],[[[-107.362338,46.032601],[-107.362384,46.028758],[-107.357043,46.028731],[-107.357141,46.032565],[-107.362338,46.032601]]],[[[-107.36735,46.135866],[-107.367438,46.133111],[-107.362214,46.133102],[-107.362143,46.136586],[-107.36735,46.135866]]],[[[-107.372398,46.206286],[-107.372351,46.198803],[-107.361844,46.198838],[-107.36189,46.206255],[-107.372398,46.206286]]],[[[-107.38225,46.111452],[-107.361969,46.118626],[-107.361952,46.125455],[-107.372124,46.12546],[-107.38225,46.111452]]],[[[-107.393195,46.199137],[-107.393137,46.191855],[-107.382618,46.191959],[-107.382664,46.199172],[-107.393195,46.199137]]],[[[-107.393978,46.220549],[-107.393822,46.213234],[-107.382895,46.213295],[-107.382845,46.220721],[-107.393978,46.220549]]],[[[-107.398763,45.973095],[-107.388407,45.970882],[-107.388476,45.982084],[-107.393802,45.982068],[-107.398763,45.973095]]],[[[-107.399215,45.870496],[-107.394219,45.869991],[-107.39426,45.874098],[-107.399125,45.87415],[-107.399215,45.870496]]],[[[-107.402877,46.10506],[-107.4029,46.101222],[-107.397661,46.101209],[-107.397638,46.105046],[-107.402877,46.10506]]],[[[-107.403264,46.177805],[-107.403206,46.170659],[-107.392606,46.170695],[-107.392652,46.177909],[-107.403264,46.177805]]],[[[-107.410114,45.886459],[-107.404998,45.884531],[-107.404872,45.891361],[-107.410073,45.891246],[-107.410114,45.886459]]],[[[-107.4145,45.972263],[-107.404089,45.971215],[-107.404117,45.978722],[-107.414503,45.978496],[-107.4145,45.972263]]],[[[-107.425584,45.873856],[-107.425811,45.870168],[-107.404027,45.869831],[-107.404703,45.88055],[-107.425584,45.873856]]],[[[-107.430097,46.029442],[-107.42496,46.028695],[-107.424953,46.03246],[-107.430047,46.032494],[-107.430097,46.029442]]],[[[-107.43531,45.98175],[-107.414503,45.978496],[-107.414527,45.985463],[-107.435276,45.985322],[-107.43531,45.98175]]],[[[-107.466663,45.902604],[-107.446064,45.899061],[-107.446235,45.913546],[-107.451747,45.90272],[-107.466663,45.902604]]],[[[-107.466918,45.913771],[-107.466888,45.906211],[-107.461122,45.906196],[-107.461122,45.913923],[-107.466918,45.913771]]],[[[-107.491672,46.15023],[-107.478249,46.151607],[-107.466071,46.163561],[-107.487215,46.156581],[-107.491672,46.15023]]],[[[-107.553975,45.965757],[-107.553184,45.963057],[-107.549577,45.962196],[-107.549297,45.966061],[-107.553975,45.965757]]],[[[-107.564528,46.080171],[-107.559387,46.079649],[-107.559399,46.08693],[-107.564454,46.086754],[-107.564528,46.080171]]],[[[-107.665165,45.960423],[-107.66479,45.956616],[-107.655035,45.956569],[-107.655165,45.960302],[-107.665165,45.960423]]],[[[-107.690714,46.049615],[-107.690682,46.04683],[-107.684942,46.046891],[-107.684939,46.049639],[-107.690714,46.049615]]],[[[-107.74209,46.048754],[-107.742082,46.04574],[-107.736802,46.045755],[-107.736811,46.049182],[-107.74209,46.048754]]],[[[-107.777499,46.060507],[-107.775197,46.057031],[-107.764913,46.05696],[-107.765567,46.061523],[-107.777499,46.060507]]],[[[-107.781073,45.722294],[-107.760225,45.721497],[-107.760225,45.728596],[-107.781073,45.728832],[-107.781073,45.722294]]],[[[-107.818351,46.021764],[-107.81832,46.017911],[-107.798039,46.017754],[-107.798008,46.021593],[-107.818351,46.021764]]],[[[-107.882145,45.877419],[-107.881927,45.873249],[-107.876066,45.873243],[-107.876103,45.877461],[-107.882145,45.877419]]],[[[-107.892743,45.94365],[-107.887151,45.94245],[-107.887029,45.946668],[-107.892694,45.946744],[-107.892743,45.94365]]],[[[-107.902312,45.986683],[-107.891627,45.985335],[-107.891782,45.992372],[-107.902112,45.992384],[-107.902312,45.986683]]],[[[-107.907643,46.014428],[-107.907693,46.010719],[-107.902205,46.010687],[-107.902052,46.016843],[-107.907643,46.014428]]],[[[-107.958775,45.969194],[-107.958837,45.966352],[-107.953114,45.966263],[-107.952912,45.969708],[-107.958775,45.969194]]],[[[-107.9638,45.922064],[-107.963766,45.917266],[-107.954291,45.910486],[-107.954066,45.921958],[-107.9638,45.922064]]],[[[-107.970619,45.961842],[-107.970686,45.959124],[-107.964514,45.95908],[-107.964436,45.963186],[-107.970619,45.961842]]],[[[-108.006426,45.914199],[-108.002758,45.913998],[-108.004117,45.92105],[-108.006339,45.921042],[-108.006426,45.914199]]],[[[-108.236746,45.765481],[-108.23156,45.762025],[-108.231431,45.768977],[-108.236714,45.769001],[-108.236746,45.765481]]],[[[-108.242733,45.704727],[-108.242688,45.697717],[-108.232431,45.697661],[-108.232338,45.704679],[-108.242733,45.704727]]],[[[-108.319865,45.878346],[-108.311372,45.877644],[-108.310995,45.882172],[-108.319643,45.881475],[-108.319865,45.878346]]]]},"properties":{"GEOID":"0845T","TRIBE_NAME":"CrowTribeofMontana"}},{"type":"Feature","id":71,"geometry":{"type":"Polygon","coordinates":[[[-100.43893,28.615274],[-100.436106,28.612949],[-100.433949,28.61439],[-100.437476,28.6178],[-100.43893,28.615274]]]},"properties":{"GEOID":"1775T","TRIBE_NAME":"KickapooTraditionalTribeofTexas"}},{"type":"Feature","id":72,"geometry":{"type":"MultiPolygon","coordinates":[[[[-122.943446,46.956377],[-122.942384,46.949148],[-122.938862,46.949101],[-122.940904,46.956377],[-122.943446,46.956377]]],[[[-122.985364,46.842031],[-122.984586,46.842034],[-122.983916,46.843181],[-122.985364,46.842031]]],[[[-123.004564,46.784762],[-123.003393,46.782846],[-123.003028,46.782965],[-123.002999,46.784747],[-123.004564,46.784762]]],[[[-123.010054,46.780431],[-123.009558,46.779067],[-123.008561,46.77906],[-123.009055,46.780445],[-123.010054,46.780431]]],[[[-123.011029,46.784823],[-123.009801,46.783462],[-123.00686,46.775455],[-122.999312,46.775614],[-123.011029,46.784823]]],[[[-123.011648,46.793463],[-123.011309,46.786292],[-123.006667,46.786297],[-123.010753,46.793449],[-123.011648,46.793463]]],[[[-123.013212,46.795559],[-123.011931,46.795391],[-123.012017,46.797217],[-123.013204,46.79721],[-123.013212,46.795559]]],[[[-123.014467,46.804336],[-123.012268,46.802441],[-123.007685,46.804206],[-123.011846,46.804325],[-123.014467,46.804336]]],[[[-123.018639,46.802455],[-123.015573,46.800623],[-123.012229,46.801404],[-123.012268,46.802441],[-123.018639,46.802455]]],[[[-123.035831,46.798742],[-123.035888,46.796753],[-123.033606,46.795591],[-123.032505,46.796843],[-123.035831,46.798742]]],[[[-123.155246,46.82682],[-123.155278,46.822165],[-123.13932,46.821996],[-123.139953,46.825846],[-123.155246,46.82682]]],[[[-123.171354,46.826072],[-123.171203,46.822328],[-123.15699,46.824021],[-123.156884,46.826928],[-123.171354,46.826072]]],[[[-123.187927,46.822548],[-123.181354,46.822525],[-123.178547,46.82846],[-123.185875,46.829851],[-123.187927,46.822548]],[[-123.181562,46.827077],[-123.181552,46.827502],[-123.179317,46.827455],[-123.179306,46.827033],[-123.181562,46.827077]]],[[[-123.208289,46.830529],[-123.208329,46.827425],[-123.202805,46.827381],[-123.202824,46.829836],[-123.208289,46.830529]]],[[[-123.212413,46.809399],[-123.169861,46.798331],[-123.166235,46.798139],[-123.163678,46.798102],[-123.160342,46.798669],[-123.16037,46.798129],[-123.15466,46.798942],[-123.153804,46.800001],[-123.212413,46.809399]]],[[[-123.229809,46.837601],[-123.229838,46.837182],[-123.22932,46.837177],[-123.229299,46.837581],[-123.229809,46.837601]]],[[[-123.238323,46.839615],[-123.238327,46.839096],[-123.237273,46.839086],[-123.237267,46.839591],[-123.238323,46.839615]]],[[[-123.24567,46.83762],[-123.239828,46.837586],[-123.239196,46.838696],[-123.245421,46.841399],[-123.24567,46.83762]]],[[[-123.258288,46.822631],[-123.256198,46.811552],[-123.247589,46.811772],[-123.245971,46.817469],[-123.258288,46.822631]]],[[[-123.279244,46.603561],[-123.279193,46.598917],[-123.277952,46.598879],[-123.276305,46.603441],[-123.279244,46.603561]]],[[[-123.305037,46.910484],[-123.294273,46.896579],[-123.286096,46.89523],[-123.295969,46.910243],[-123.305037,46.910484]]],[[[-123.323525,46.928103],[-123.312659,46.92316],[-123.310425,46.928377],[-123.315102,46.932633],[-123.323525,46.928103]]]]},"properties":{"GEOID":"0575T","TRIBE_NAME":"ConfederatedTribesoftheChehalisReservation"}},{"type":"Feature","id":73,"geometry":{"type":"MultiPolygon","coordinates":[[[[-67.769264,44.800723],[-67.762573,44.776266],[-67.737754,44.779925],[-67.760489,44.769147],[-67.754677,44.757092],[-67.703385,44.772316],[-67.71029,44.810549],[-67.769264,44.800723]]],[[[-67.967707,45.317479],[-67.96672,45.317204],[-67.966185,45.317973],[-67.967357,45.318025],[-67.967707,45.317479]]],[[[-67.973238,45.316651],[-67.973296,45.316607],[-67.973135,45.315749],[-67.972811,45.316336],[-67.973238,45.316651]]],[[[-67.981686,45.188869],[-67.961503,45.19173],[-67.962089,45.196731],[-67.968679,45.19891],[-67.981686,45.188869]]],[[[-67.994195,45.31176],[-67.993997,45.31139],[-67.993429,45.311475],[-67.993554,45.311714],[-67.994195,45.31176]]],[[[-67.994637,45.204858],[-67.993938,45.204735],[-67.993706,45.204832],[-67.994062,45.205181],[-67.994637,45.204858]]],[[[-67.995944,45.205873],[-67.995458,45.205513],[-67.994852,45.205823],[-67.995538,45.206108],[-67.995944,45.205873]]],[[[-68.001597,45.213893],[-67.99269,45.204008],[-67.970199,45.199689],[-67.998027,45.215253],[-68.001597,45.213893]]],[[[-68.001904,45.200334],[-68.001329,45.199921],[-68.000629,45.200486],[-68.001013,45.200795],[-68.001904,45.200334]]],[[[-68.001991,45.21657],[-68.001725,45.216361],[-68.001539,45.216647],[-68.001883,45.216808],[-68.001991,45.21657]]],[[[-68.006422,45.315252],[-68.005918,45.314793],[-68.005665,45.31493],[-68.005988,45.315388],[-68.006422,45.315252]]],[[[-68.00647,45.309802],[-68.006122,45.309034],[-68.005029,45.308786],[-68.005507,45.309591],[-68.00647,45.309802]]],[[[-68.00934,45.311969],[-68.007717,45.310934],[-68.007387,45.311061],[-68.008363,45.31215],[-68.00934,45.311969]]],[[[-68.009504,45.28186],[-68.008851,45.278718],[-68.006959,45.279148],[-68.007007,45.280498],[-68.009504,45.28186]]],[[[-68.009955,45.304522],[-68.009675,45.304254],[-68.008264,45.304484],[-68.008453,45.304725],[-68.009955,45.304522]]],[[[-68.011491,45.313154],[-68.011126,45.312772],[-68.009145,45.312481],[-68.010193,45.313255],[-68.011491,45.313154]]],[[[-68.01664,45.31096],[-68.01584,45.308042],[-68.011932,45.30645],[-68.012058,45.309269],[-68.01664,45.31096]]],[[[-68.026994,45.343707],[-67.982797,45.31531],[-67.967288,45.32671],[-67.975877,45.339732],[-67.960645,45.332569],[-67.966881,45.351888],[-68.026994,45.343707]]],[[[-68.033638,45.256091],[-68.006745,45.245574],[-67.990776,45.213738],[-67.931738,45.208297],[-67.982231,45.281008],[-68.007146,45.274891],[-67.999456,45.259684],[-68.033638,45.256091]]],[[[-68.0366,45.241986],[-68.036347,45.241665],[-68.036079,45.241802],[-68.03627,45.24224],[-68.0366,45.241986]]],[[[-68.039887,45.245003],[-68.039716,45.24443],[-68.038581,45.243614],[-68.039495,45.245827],[-68.039887,45.245003]]],[[[-68.047387,45.252577],[-68.045655,45.248197],[-68.044715,45.247735],[-68.045366,45.250796],[-68.047387,45.252577]]],[[[-68.234403,45.198367],[-68.224804,45.166955],[-67.989505,45.187593],[-68.054985,45.252586],[-68.18069,45.237179],[-68.172381,45.208373],[-68.234403,45.198367]]],[[[-68.695105,45.557258],[-68.61487,45.564177],[-68.614803,45.574908],[-68.631531,45.575053],[-68.695105,45.557258]]],[[[-68.857297,45.52731],[-68.837596,45.463416],[-68.831459,45.465608],[-68.807367,45.498699],[-68.817401,45.533746],[-68.857297,45.52731]]],[[[-70.123809,45.845389],[-70.113291,45.799597],[-70.056159,45.809023],[-70.029895,45.838256],[-70.063303,45.842311],[-70.053081,45.846923],[-70.065611,45.8549],[-70.123809,45.845389]]],[[[-70.326562,45.854928],[-70.31689,45.82063],[-70.136739,45.844521],[-70.155245,45.864659],[-70.223642,45.836427],[-70.244321,45.919892],[-70.258493,45.918613],[-70.261945,45.888128],[-70.326562,45.854928]]],[[[-70.652415,45.586166],[-70.63206,45.498667],[-70.505776,45.513783],[-70.514038,45.539834],[-70.439854,45.551376],[-70.443257,45.571728],[-70.520653,45.560863],[-70.53368,45.602044],[-70.652415,45.586166]],[[-70.638602,45.563513],[-70.638582,45.563775],[-70.63838,45.563775],[-70.63838,45.563523],[-70.638602,45.563513]],[[-70.609089,45.54724],[-70.608917,45.547707],[-70.608624,45.547566],[-70.608799,45.547106],[-70.609089,45.54724]],[[-70.605681,45.545173],[-70.605366,45.545478],[-70.604963,45.545105],[-70.605232,45.544833],[-70.605681,45.545173]],[[-70.597531,45.52637],[-70.59522,45.528172],[-70.593617,45.52594],[-70.595465,45.52552],[-70.597531,45.52637]],[[-70.596038,45.52855],[-70.596139,45.529357],[-70.594203,45.529619],[-70.594142,45.528732],[-70.596038,45.52855]],[[-70.560831,45.556011],[-70.561232,45.55623],[-70.560469,45.557561],[-70.559721,45.557121],[-70.560831,45.556011]],[[-70.548764,45.564273],[-70.548889,45.564565],[-70.548639,45.564752],[-70.548389,45.564398],[-70.548764,45.564273]],[[-70.54136,45.600357],[-70.541469,45.60041],[-70.541348,45.600658],[-70.541119,45.600526],[-70.54136,45.600357]],[[-70.455603,45.552765],[-70.455494,45.553011],[-70.455131,45.552852],[-70.455238,45.55263],[-70.455603,45.552765]]],[[[-70.792026,44.342698],[-70.789204,44.339075],[-70.786268,44.340871],[-70.789926,44.343943],[-70.792026,44.342698]]]]},"properties":{"GEOID":"2695T","TRIBE_NAME":"PassamaquoddyTribe"}},{"type":"Feature","id":74,"geometry":{"type":"Polygon","coordinates":[[[-118.529244,37.790009],[-118.529214,37.783088],[-118.516209,37.783029],[-118.516318,37.789992],[-118.529244,37.790009]]]},"properties":{"GEOID":"0185T","TRIBE_NAME":"UtuUtuGwaituPaiuteTribeoftheBentonPaiuteReservation,California"}},{"type":"Feature","id":75,"geometry":{"type":"MultiPolygon","coordinates":[[[[-123.169927,47.307262],[-123.169888,47.301922],[-123.148722,47.306853],[-123.157269,47.309724],[-123.169927,47.307262]]],[[[-123.179005,47.305525],[-123.175194,47.306832],[-123.17521,47.308257],[-123.177367,47.308806],[-123.179005,47.305525]]]]},"properties":{"GEOID":"3825T","TRIBE_NAME":"SkokomishIndianTribe"}},{"type":"Feature","id":76,"geometry":{"type":"MultiPolygon","coordinates":[[[[-123.553619,48.103265],[-123.547634,48.100943],[-123.547642,48.108238],[-123.550949,48.108148],[-123.553619,48.103265]]],[[[-123.587704,48.120982],[-123.576788,48.118294],[-123.57383,48.129351],[-123.587301,48.129249],[-123.587704,48.120982]]],[[[-123.603088,48.1309],[-123.597953,48.129073],[-123.597582,48.135809],[-123.602499,48.137173],[-123.603088,48.1309]]]]},"properties":{"GEOID":"2040T","TRIBE_NAME":"LowerElwhaTribalCommunity"}},{"type":"Feature","id":77,"geometry":{"type":"MultiPolygon","coordinates":[[[[-123.991951,46.70975],[-123.990851,46.70924],[-123.990239,46.709817],[-123.990635,46.70984],[-123.991951,46.70975]]],[[[-124.01487,46.721411],[-124.012792,46.720451],[-124.012199,46.722465],[-124.014807,46.722872],[-124.01487,46.721411]]],[[[-124.040923,46.732397],[-124.035668,46.728133],[-124.011546,46.731641],[-124.033345,46.737365],[-124.040923,46.732397]]]]},"properties":{"GEOID":"3780T","TRIBE_NAME":"ShoalwaterBayIndianTribeoftheShoalwaterBayIndianReservation"}},{"type":"Feature","id":78,"geometry":{"type":"MultiPolygon","coordinates":[[[[-123.996408,40.88638],[-123.995815,40.885702],[-123.995286,40.886416],[-123.996408,40.88638]]],[[[-124.004272,40.886358],[-124.004262,40.882907],[-124.000245,40.882903],[-124.000242,40.884876],[-124.004272,40.886358]]],[[[-124.004356,40.889161],[-124.004305,40.887415],[-123.99502,40.884711],[-124.000207,40.888145],[-124.004356,40.889161]]]]},"properties":{"GEOID":"0325T","TRIBE_NAME":"BlueLakeRancheria,California"}},{"type":"Feature","id":79,"geometry":{"type":"MultiPolygon","coordinates":[[[[-85.588875,42.61442],[-85.588829,42.608836],[-85.583244,42.609248],[-85.583353,42.613595],[-85.588875,42.61442]]],[[[-85.619052,42.621752],[-85.617222,42.617872],[-85.615383,42.617873],[-85.614879,42.623295],[-85.619052,42.621752]]],[[[-85.652006,42.629035],[-85.651775,42.623139],[-85.651468,42.62314],[-85.647753,42.630432],[-85.652006,42.629035]]],[[[-85.653221,42.631311],[-85.653196,42.630423],[-85.652173,42.630429],[-85.652188,42.631373],[-85.653221,42.631311]]],[[[-85.662077,42.637951],[-85.652485,42.639192],[-85.652534,42.64484],[-85.662014,42.644874],[-85.662077,42.637951]]],[[[-85.662185,42.627651],[-85.66223,42.623179],[-85.657104,42.623131],[-85.657193,42.630401],[-85.662185,42.627651]]],[[[-85.67271,42.630643],[-85.672684,42.623389],[-85.662843,42.62515],[-85.66376,42.630395],[-85.67271,42.630643]]],[[[-85.751451,42.601549],[-85.745529,42.59855],[-85.741572,42.609425],[-85.7513,42.605849],[-85.751451,42.601549]]]]},"properties":{"GEOID":"2150T","TRIBE_NAME":"Match-e-be-nash-she-wishBandofPottawatomiIndiansofMichigan"}},{"type":"Feature","id":80,"geometry":{"type":"Polygon","coordinates":[[[-89.873566,47.888444],[-89.873566,47.884995],[-89.868509,47.884995],[-89.868459,47.888444],[-89.873566,47.888444]]]},"properties":{"GEOID":"1355T","TRIBE_NAME":"MinnesotaChippewaTribe,Minnesota(GrandPortageBand)"}},{"type":"Feature","id":81,"geometry":{"type":"MultiPolygon","coordinates":[[[[-70.786809,41.330342],[-70.785819,41.330054],[-70.786668,41.328458],[-70.786274,41.326997],[-70.783656,41.330892],[-70.786809,41.330342]]],[[[-70.794062,41.350581],[-70.784249,41.343136],[-70.783105,41.343914],[-70.784992,41.34767],[-70.788548,41.348551],[-70.794062,41.350581]]],[[[-70.794966,41.351655],[-70.794587,41.350833],[-70.782145,41.346885],[-70.776704,41.347858],[-70.769886,41.352094],[-70.769129,41.352384],[-70.767782,41.35239],[-70.768889,41.352204],[-70.777608,41.347089],[-70.783667,41.346457],[-70.774534,41.343271],[-70.766843,41.351825],[-70.76862,41.35377],[-70.781452,41.34795],[-70.794966,41.351655]]],[[[-70.806135,41.335803],[-70.806303,41.335657],[-70.804002,41.335083],[-70.804207,41.336032],[-70.806135,41.335803]]],[[[-70.807995,41.336659],[-70.80649,41.336375],[-70.80649,41.337801],[-70.806787,41.338016],[-70.807995,41.336659]]],[[[-70.807981,41.332963],[-70.804294,41.328665],[-70.793186,41.332156],[-70.796607,41.336512],[-70.807981,41.332963]],[[-70.803551,41.331557],[-70.80374,41.331896],[-70.8034,41.33191],[-70.803551,41.331557]],[[-70.797697,41.333466],[-70.797694,41.333918],[-70.797335,41.333846],[-70.797697,41.333466]]],[[[-70.819882,41.336358],[-70.818369,41.336612],[-70.808438,41.33313],[-70.808042,41.33648],[-70.818672,41.337847],[-70.819882,41.336358]]],[[[-70.838922,41.34719],[-70.832684,41.340867],[-70.824772,41.353406],[-70.834043,41.353444],[-70.838922,41.34719]]]]},"properties":{"GEOID":"4530T","TRIBE_NAME":"WampanoagTribeofGayHead(Aquinnah)"}},{"type":"Feature","id":82,"geometry":{"type":"MultiPolygon","coordinates":[[[[-111.960128,42.887638],[-111.953701,42.884464],[-111.953661,42.891565],[-111.960106,42.891587],[-111.960128,42.887638]]],[[[-111.960629,42.859767],[-111.960593,42.85653],[-111.9505,42.856508],[-111.950487,42.859737],[-111.960629,42.859767]]],[[[-111.974265,42.901728],[-111.974286,42.898503],[-111.9595,42.894912],[-111.959457,42.901792],[-111.974265,42.901728]]],[[[-111.979463,42.854569],[-111.975107,42.852904],[-111.975074,42.859573],[-111.979469,42.85958],[-111.979463,42.854569]]],[[[-111.984231,42.900099],[-111.978974,42.898624],[-111.97893,42.905823],[-111.984206,42.905803],[-111.984231,42.900099]]],[[[-112.380296,42.797542],[-112.375872,42.797578],[-112.375828,42.801113],[-112.380257,42.801204],[-112.380296,42.797542]]]]},"properties":{"GEOID":"1185T","TRIBE_NAME":"Shoshone-BannockTribesoftheFortHallReservation"}},{"type":"Feature","id":83,"geometry":{"type":"MultiPolygon","coordinates":[[[[-124.202951,41.961794],[-124.198946,41.961752],[-124.198465,41.964744],[-124.202681,41.964734],[-124.202951,41.961794]]],[[[-124.203768,41.952545],[-124.203003,41.951828],[-124.199884,41.94978],[-124.199946,41.951874],[-124.203768,41.952545]]],[[[-124.204806,41.955485],[-124.203536,41.95488],[-124.200505,41.956832],[-124.204611,41.956963],[-124.204806,41.955485]]],[[[-124.216793,41.951207],[-124.214582,41.949994],[-124.212937,41.950901],[-124.216113,41.951956],[-124.216793,41.951207]]]]},"properties":{"GEOID":"3855T","TRIBE_NAME":"TolowaDee-ni'Nation"}},{"type":"Feature","id":84,"geometry":{"type":"MultiPolygon","coordinates":[[[[-100.870072,43.738244],[-100.860086,43.727379],[-100.860074,43.752661],[-100.870059,43.75267],[-100.870072,43.738244]]],[[[-100.879811,43.49967],[-100.879801,43.477192],[-100.830155,43.485265],[-100.840103,43.506967],[-100.879811,43.49967]]],[[[-100.879843,43.514133],[-100.879827,43.506941],[-100.869868,43.506949],[-100.869884,43.514147],[-100.879843,43.514133]]],[[[-100.880061,43.767156],[-100.880054,43.759921],[-100.860111,43.759904],[-100.860148,43.767129],[-100.880061,43.767156]]],[[[-100.889737,43.485188],[-100.889736,43.481568],[-100.884767,43.481577],[-100.884767,43.485196],[-100.889737,43.485188]]],[[[-100.889978,43.637035],[-100.889965,43.622586],[-100.849961,43.626163],[-100.850073,43.637014],[-100.87002,43.629799],[-100.889978,43.637035]]],[[[-100.890043,43.785266],[-100.890047,43.781644],[-100.876081,43.781631],[-100.885037,43.78888],[-100.890043,43.785266]]],[[[-100.895055,43.792518],[-100.895052,43.788891],[-100.890038,43.788888],[-100.890038,43.791752],[-100.895055,43.792518]]],[[[-100.898341,43.432976],[-100.898325,43.418396],[-100.878323,43.425757],[-100.878384,43.432982],[-100.898341,43.432976]]],[[[-100.899998,43.709336],[-100.899991,43.687653],[-100.880028,43.69484],[-100.88003,43.709326],[-100.899998,43.709336]]],[[[-100.900042,43.752713],[-100.90004,43.745494],[-100.890039,43.749091],[-100.890036,43.7527],[-100.900042,43.752713]]],[[[-100.909761,43.535752],[-100.899703,43.49963],[-100.889819,43.521349],[-100.869925,43.521385],[-100.850602,43.506982],[-100.840101,43.521432],[-100.840103,43.506967],[-100.809672,43.521506],[-100.850041,43.528646],[-100.869968,43.550296],[-100.879898,43.53583],[-100.909761,43.535752]]],[[[-100.909995,43.723807],[-100.909991,43.709339],[-100.889875,43.716562],[-100.889875,43.723793],[-100.909995,43.723807]]],[[[-100.91006,43.774421],[-100.910049,43.759957],[-100.900048,43.759945],[-100.900056,43.774413],[-100.91006,43.774421]]],[[[-100.918164,43.418465],[-100.918143,43.411318],[-100.908218,43.411301],[-100.908234,43.41843],[-100.918164,43.418465]]],[[[-100.918257,43.454721],[-100.918238,43.447479],[-100.888442,43.447431],[-100.888471,43.461916],[-100.918257,43.454721]]],[[[-100.919541,43.485151],[-100.899667,43.476864],[-100.899703,43.49963],[-100.909605,43.485165],[-100.919541,43.485151]]],[[[-100.919836,43.575569],[-100.919847,43.571954],[-100.909864,43.571951],[-100.909863,43.579131],[-100.919836,43.575569]]],[[[-100.920025,43.745512],[-100.920015,43.738288],[-100.900038,43.738274],[-100.90004,43.745494],[-100.920025,43.745512]]],[[[-100.920055,43.781644],[-100.920047,43.774414],[-100.91006,43.774421],[-100.91007,43.781656],[-100.920055,43.781644]]],[[[-100.927776,43.469207],[-100.927764,43.454742],[-100.918257,43.454721],[-100.91825,43.469203],[-100.927776,43.469207]]],[[[-100.929496,43.492366],[-100.929476,43.485135],[-100.919541,43.485151],[-100.919553,43.492375],[-100.929496,43.492366]]],[[[-100.930055,43.788875],[-100.930039,43.781632],[-100.920055,43.781644],[-100.920078,43.788889],[-100.930055,43.788875]]],[[[-100.930072,43.803356],[-100.930071,43.799737],[-100.920098,43.799755],[-100.920096,43.803377],[-100.930072,43.803356]]],[[[-100.93501,43.749136],[-100.920025,43.745512],[-100.920037,43.759959],[-100.930014,43.74913],[-100.93501,43.749136]]],[[[-100.937699,43.418459],[-100.937695,43.411305],[-100.927768,43.411334],[-100.92769,43.418499],[-100.937699,43.418459]]],[[[-100.940757,43.503218],[-100.940747,43.499595],[-100.934497,43.499596],[-100.934511,43.503212],[-100.940757,43.503218]]],[[[-100.940777,43.510463],[-100.940767,43.506836],[-100.934525,43.506828],[-100.934538,43.510446],[-100.940777,43.510463]]],[[[-100.940855,43.53578],[-100.940813,43.521307],[-100.919663,43.521286],[-100.929661,43.535755],[-100.940855,43.53578]]],[[[-100.940985,43.7612],[-100.920038,43.763571],[-100.920047,43.774414],[-100.940983,43.77445],[-100.940985,43.7612]]],[[[-100.941209,43.734698],[-100.941199,43.731047],[-100.934971,43.731066],[-100.934983,43.734681],[-100.941209,43.734698]]],[[[-100.941289,43.827771],[-100.932307,43.826099],[-100.932339,43.831273],[-100.940577,43.830909],[-100.941289,43.827771]]],[[[-100.947622,43.411276],[-100.947617,43.404043],[-100.937691,43.404075],[-100.937695,43.411305],[-100.947622,43.411276]]],[[[-100.94764,43.440193],[-100.947631,43.432989],[-100.908264,43.43299],[-100.908418,43.44022],[-100.94764,43.440193]]],[[[-100.950274,43.80232],[-100.950309,43.795091],[-100.941219,43.795098],[-100.940844,43.802328],[-100.950274,43.80232]]],[[[-100.950655,43.514006],[-100.945682,43.512525],[-100.940805,43.519778],[-100.950648,43.519764],[-100.950655,43.514006]]],[[[-100.957561,43.403995],[-100.95755,43.389473],[-100.868464,43.389585],[-100.888346,43.404084],[-100.957561,43.403995]]],[[[-100.960212,43.815912],[-100.960208,43.81173],[-100.953794,43.813554],[-100.955456,43.818132],[-100.960212,43.815912]]],[[[-100.965584,43.520332],[-100.960602,43.519765],[-100.960597,43.527013],[-100.96558,43.52701],[-100.965584,43.520332]]],[[[-100.967547,43.454582],[-100.957586,43.440149],[-100.937703,43.447468],[-100.93771,43.454702],[-100.967547,43.454582]]],[[[-100.967559,43.469064],[-100.967555,43.461822],[-100.95761,43.461858],[-100.957618,43.4691],[-100.967559,43.469064]]],[[[-100.970422,43.737069],[-100.970368,43.722615],[-100.960381,43.722616],[-100.960379,43.737046],[-100.970422,43.737069]]],[[[-100.977429,43.403908],[-100.977412,43.389473],[-100.96748,43.389473],[-100.967485,43.403946],[-100.977429,43.403908]]],[[[-100.980371,43.579362],[-100.970421,43.577893],[-100.970483,43.592178],[-100.980358,43.592185],[-100.980371,43.579362]]],[[[-100.990451,43.557975],[-100.960538,43.563214],[-100.95061,43.548669],[-100.950578,43.559592],[-100.929598,43.564722],[-100.940878,43.543019],[-100.909811,43.550237],[-100.909869,43.564719],[-100.940953,43.571959],[-100.919833,43.58642],[-100.940985,43.615377],[-100.909906,43.615346],[-100.909863,43.579131],[-100.889939,43.593661],[-100.889925,43.571966],[-100.869997,43.57925],[-100.879968,43.593662],[-100.850082,43.58643],[-100.840125,43.608126],[-100.870005,43.615342],[-100.860036,43.600905],[-100.87997,43.600889],[-100.879981,43.615348],[-100.909884,43.629802],[-100.960482,43.628394],[-100.980503,43.606661],[-100.940971,43.592169],[-100.960515,43.592169],[-100.960539,43.577895],[-100.990451,43.557975]],[[-100.899915,43.607459],[-100.889949,43.608119],[-100.889944,43.60089],[-100.89991,43.600889],[-100.899915,43.607459]],[[-100.960538,43.563214],[-100.960533,43.570456],[-100.950567,43.570452],[-100.950569,43.563216],[-100.960538,43.563214]]],[[[-100.990485,43.533864],[-100.99048,43.527001],[-100.985504,43.527002],[-100.9855,43.534248],[-100.990485,43.533864]]],[[[-100.990506,43.4908],[-100.960557,43.476229],[-100.950667,43.505284],[-100.960634,43.490798],[-100.990506,43.4908]]],[[[-101.000328,43.781919],[-100.980316,43.780559],[-100.980304,43.7878],[-101.000325,43.787776],[-101.000328,43.781919]]],[[[-101.000377,43.603057],[-100.990416,43.59219],[-100.980358,43.592185],[-100.980503,43.606661],[-101.000377,43.603057]]],[[[-101.002256,43.846273],[-101.002238,43.83829],[-100.992234,43.841817],[-100.992195,43.850128],[-101.002256,43.846273]]],[[[-101.007284,43.466877],[-101.007283,43.461701],[-100.977482,43.461785],[-100.97749,43.469023],[-101.007284,43.466877]]],[[[-101.010378,43.563365],[-101.000432,43.563229],[-101.000488,43.570471],[-101.010371,43.570472],[-101.010378,43.563365]]],[[[-101.017142,43.390309],[-100.987345,43.389473],[-100.982391,43.403888],[-101.007226,43.403802],[-101.017142,43.390309]]],[[[-101.020281,43.823726],[-101.000321,43.795019],[-100.960288,43.795077],[-101.000353,43.751552],[-100.960361,43.751622],[-100.970335,43.766039],[-100.940982,43.780589],[-100.955264,43.802316],[-100.930067,43.82124],[-100.942869,43.825196],[-100.94696,43.813931],[-100.970242,43.809532],[-100.961636,43.836418],[-101.020281,43.823726]],[[-101.000321,43.809459],[-101.000288,43.823728],[-100.977246,43.827348],[-100.980265,43.809518],[-101.000321,43.809459]]],[[[-101.020301,43.799272],[-101.020282,43.794959],[-101.010314,43.794958],[-101.010305,43.802251],[-101.020301,43.799272]]],[[[-101.030302,43.79059],[-101.020291,43.787762],[-101.020282,43.794959],[-101.0303,43.794996],[-101.030302,43.79059]]],[[[-101.030329,43.516178],[-101.020379,43.51257],[-101.020379,43.519815],[-101.030327,43.519797],[-101.030329,43.516178]]],[[[-101.032231,43.83092],[-101.032226,43.823726],[-101.027229,43.823726],[-101.02724,43.830938],[-101.032231,43.83092]]],[[[-101.040299,43.813084],[-101.030295,43.809475],[-101.030292,43.816715],[-101.040298,43.816704],[-101.040299,43.813084]]],[[[-101.045302,43.563232],[-101.04528,43.555986],[-101.040289,43.555987],[-101.040281,43.563234],[-101.045302,43.563232]]],[[[-101.050284,43.82032],[-101.050285,43.816701],[-101.040298,43.816704],[-101.040296,43.823726],[-101.050284,43.82032]]],[[[-101.052262,43.842966],[-101.042227,43.830967],[-101.037256,43.850086],[-101.047703,43.851672],[-101.052262,43.842966]]],[[[-101.060252,43.557501],[-101.050272,43.555985],[-101.050277,43.563229],[-101.060255,43.563225],[-101.060252,43.557501]]],[[[-101.0621,43.841903],[-101.057298,43.841746],[-101.057302,43.84536],[-101.059014,43.84518],[-101.0621,43.841903]]],[[[-101.080183,43.534208],[-101.07021,43.526995],[-101.060189,43.541465],[-101.08018,43.541459],[-101.080183,43.534208]]],[[[-101.080301,43.726165],[-101.070299,43.722553],[-101.070293,43.729795],[-101.080295,43.729785],[-101.080301,43.726165]]],[[[-101.087192,43.841559],[-101.087192,43.838201],[-101.07224,43.83824],[-101.072229,43.844414],[-101.087192,43.841559]]],[[[-101.095127,43.548696],[-101.095122,43.541454],[-101.090141,43.541455],[-101.090144,43.5487],[-101.095127,43.548696]]],[[[-101.100283,43.726132],[-101.090295,43.722527],[-101.090288,43.72977],[-101.100283,43.729755],[-101.100283,43.726132]]],[[[-101.100394,43.800427],[-101.100364,43.794903],[-101.090298,43.794943],[-101.090301,43.802186],[-101.100394,43.800427]]],[[[-101.10525,43.693515],[-101.10524,43.686283],[-101.100243,43.686288],[-101.100253,43.693516],[-101.10525,43.693515]]],[[[-101.110073,43.545065],[-101.110072,43.541448],[-101.100103,43.541452],[-101.100107,43.545072],[-101.110073,43.545065]]],[[[-101.110151,43.592152],[-101.110149,43.584913],[-101.100179,43.584917],[-101.100184,43.592154],[-101.110151,43.592152]]],[[[-101.118244,43.432613],[-101.118224,43.42542],[-101.108288,43.425424],[-101.108302,43.432597],[-101.118244,43.432613]]],[[[-101.120041,43.537827],[-101.120036,43.526975],[-101.090138,43.519728],[-101.090138,43.53421],[-101.120041,43.537827]]],[[[-101.130005,43.537836],[-101.130005,43.534219],[-101.125023,43.534215],[-101.125023,43.537831],[-101.130005,43.537836]]],[[[-101.130196,43.664526],[-101.040312,43.650127],[-101.100217,43.628353],[-101.070256,43.617529],[-101.060272,43.635638],[-101.060272,43.599431],[-101.080236,43.606661],[-101.090211,43.599411],[-101.080223,43.577871],[-101.040292,43.57047],[-100.990416,43.59219],[-101.040278,43.599436],[-101.050279,43.584951],[-101.050271,43.606674],[-100.960482,43.628394],[-100.960464,43.650166],[-100.889984,43.651504],[-100.919926,43.66598],[-100.90999,43.708846],[-100.919969,43.71659],[-100.970388,43.700856],[-100.980367,43.737093],[-101.010338,43.751551],[-101.010316,43.787769],[-101.030308,43.773272],[-101.020242,43.751545],[-101.040311,43.744298],[-101.050296,43.75878],[-101.060288,43.74429],[-101.060284,43.766015],[-101.040304,43.773267],[-101.070286,43.780497],[-101.060222,43.78774],[-101.070277,43.802219],[-101.090298,43.794943],[-101.090281,43.736994],[-101.070287,43.73703],[-101.060283,43.715316],[-101.010328,43.715337],[-101.010346,43.693645],[-100.990351,43.693614],[-100.990381,43.679116],[-101.020246,43.679107],[-101.020257,43.700845],[-101.040291,43.708089],[-101.040289,43.693587],[-101.080287,43.700818],[-101.070271,43.693577],[-101.080247,43.664586],[-101.110021,43.679041],[-101.130196,43.664526]],[[-101.060264,43.68523],[-101.050276,43.686339],[-101.050278,43.67185],[-101.060262,43.671846],[-101.060264,43.68523]],[[-101.05027,43.632017],[-101.03029,43.635655],[-101.030294,43.613925],[-101.050267,43.621156],[-101.05027,43.632017]],[[-101.040303,43.73227],[-101.040312,43.737051],[-101.030321,43.737056],[-101.030313,43.729815],[-101.040303,43.73227]],[[-101.020945,43.589486],[-101.020944,43.590391],[-101.02021,43.590402],[-101.02021,43.589483],[-101.020945,43.589486]],[[-101.020233,43.65952],[-101.020237,43.664617],[-101.000382,43.664631],[-101.000386,43.657385],[-101.020233,43.65952]],[[-101.000387,43.648472],[-100.990409,43.650139],[-100.980411,43.635645],[-101.000351,43.635654],[-101.000387,43.648472]],[[-100.970404,43.69356],[-100.960415,43.693621],[-100.960421,43.686372],[-100.970403,43.686365],[-100.970404,43.69356]],[[-100.960452,43.65739],[-100.96044,43.66464],[-100.950458,43.664644],[-100.950472,43.657392],[-100.960452,43.65739]],[[-100.941073,43.701376],[-100.919957,43.70213],[-100.91995,43.694908],[-100.941022,43.687704],[-100.941073,43.701376]],[[-100.940999,43.680415],[-100.929912,43.680448],[-100.929952,43.673213],[-100.940997,43.673239],[-100.940999,43.680415]],[[-100.929862,43.651529],[-100.940917,43.65154],[-100.940931,43.658773],[-100.929879,43.658758],[-100.929862,43.651529]],[[-100.990381,43.679116],[-100.980391,43.679114],[-100.980409,43.66463],[-100.990396,43.66463],[-100.990381,43.679116]],[[-101.020246,43.679107],[-101.020241,43.671863],[-101.030319,43.671858],[-101.030316,43.679101],[-101.020246,43.679107]],[[-101.040306,43.657369],[-101.050286,43.657366],[-101.05028,43.664607],[-101.0403,43.66461],[-101.040306,43.657369]],[[-101.040312,43.650127],[-101.040306,43.657369],[-101.030326,43.657374],[-101.03033,43.650132],[-101.040312,43.650127]],[[-101.020194,43.635673],[-101.010332,43.635643],[-101.010336,43.62842],[-101.020181,43.628427],[-101.020194,43.635673]],[[-101.03029,43.635655],[-101.03031,43.642897],[-101.02018,43.64291],[-101.020194,43.635673],[-101.03029,43.635655]]],[[[-101.130283,43.715215],[-101.130275,43.707988],[-101.120288,43.70801],[-101.120277,43.715235],[-101.130283,43.715215]]],[[[-101.130405,43.823721],[-101.130406,43.82017],[-101.125461,43.820196],[-101.12543,43.823721],[-101.130405,43.823721]]],[[[-101.137949,43.439949],[-101.137953,43.432706],[-101.118244,43.432613],[-101.118264,43.439931],[-101.137949,43.439949]]],[[[-101.140243,43.69348],[-101.140239,43.689858],[-101.130238,43.689874],[-101.130243,43.693496],[-101.140243,43.69348]]],[[[-101.142649,43.834668],[-101.132188,43.823721],[-101.122198,43.838203],[-101.1204,43.820215],[-101.105352,43.816634],[-101.120379,43.802108],[-101.070274,43.809457],[-101.070273,43.823723],[-101.102184,43.82372],[-101.102193,43.842709],[-101.142649,43.834668]],[[-101.115385,43.820229],[-101.115388,43.82372],[-101.110373,43.82372],[-101.110369,43.820241],[-101.115385,43.820229]]],[[[-101.149961,43.548679],[-101.120041,43.541443],[-101.090167,43.555942],[-101.090194,43.570447],[-101.130093,43.570426],[-101.120079,43.55592],[-101.149961,43.548679]]],[[[-101.150324,43.751366],[-101.14036,43.736782],[-101.100283,43.729755],[-101.100284,43.751458],[-101.120311,43.751421],[-101.110296,43.763565],[-101.120351,43.780385],[-101.140549,43.780383],[-101.145348,43.765851],[-101.130325,43.758641],[-101.150324,43.751366]]],[[[-101.150466,43.81651],[-101.150456,43.80927],[-101.120387,43.809351],[-101.120396,43.816594],[-101.150466,43.81651]]],[[[-101.157836,43.390124],[-101.137895,43.389143],[-101.137905,43.396317],[-101.157792,43.396338],[-101.157836,43.390124]]],[[[-101.157924,43.434468],[-101.148035,43.432731],[-101.148029,43.439938],[-101.157772,43.439945],[-101.157924,43.434468]]],[[[-101.159995,43.563175],[-101.159984,43.559519],[-101.145004,43.555926],[-101.145044,43.563185],[-101.159995,43.563175]]],[[[-101.160438,43.794764],[-101.160424,43.787531],[-101.150408,43.787552],[-101.150423,43.794787],[-101.160438,43.794764]]],[[[-101.164928,43.828331],[-101.1622,43.827342],[-101.162204,43.829443],[-101.163663,43.829712],[-101.164928,43.828331]]],[[[-101.167767,43.472626],[-101.167774,43.468982],[-101.157789,43.468984],[-101.157902,43.476285],[-101.167767,43.472626]]],[[[-101.172241,43.49083],[-101.159711,43.483498],[-101.159857,43.505287],[-101.169805,43.505286],[-101.172241,43.49083]]],[[[-101.17559,43.49083],[-101.175584,43.489418],[-101.173825,43.489417],[-101.173835,43.49083],[-101.17559,43.49083]]],[[[-101.179887,43.75485],[-101.170327,43.751338],[-101.170338,43.758573],[-101.17989,43.758558],[-101.179887,43.75485]]],[[[-101.179908,43.737062],[-101.179883,43.729616],[-101.160306,43.729638],[-101.160286,43.736878],[-101.179908,43.737062]]],[[[-101.189881,43.7224],[-101.189876,43.707921],[-101.170272,43.715154],[-101.170289,43.722389],[-101.189881,43.7224]]],[[[-101.18989,43.783751],[-101.179871,43.780263],[-101.179887,43.794735],[-101.18989,43.79477],[-101.18989,43.783751]]],[[[-101.207499,43.403654],[-101.20739,43.389184],[-101.177781,43.389158],[-101.157792,43.396338],[-101.167841,43.418159],[-101.157771,43.418155],[-101.157914,43.407265],[-101.11801,43.389145],[-101.068559,43.403648],[-101.058645,43.389108],[-100.997295,43.418308],[-100.967509,43.411172],[-100.967527,43.432868],[-100.987385,43.440056],[-100.977474,43.454547],[-101.048725,43.454395],[-101.058472,43.432547],[-101.098175,43.432603],[-101.118041,43.41091],[-101.177773,43.425435],[-101.187659,43.403641],[-101.207499,43.403654]],[[-101.038744,43.432602],[-101.03875,43.43992],[-101.026956,43.439913],[-101.026939,43.432627],[-101.038744,43.432602]],[[-100.977452,43.432836],[-100.977444,43.425602],[-101.007238,43.425516],[-101.007075,43.432723],[-100.977452,43.432836]],[[-101.048705,43.403677],[-101.05863,43.403652],[-101.058626,43.410884],[-101.048706,43.410914],[-101.048705,43.403677]],[[-101.058472,43.432547],[-101.048715,43.432572],[-101.048706,43.418166],[-101.058618,43.41814],[-101.058472,43.432547]],[[-101.098164,43.425426],[-101.088418,43.425409],[-101.088411,43.410894],[-101.09834,43.410889],[-101.098164,43.425426]],[[-101.007238,43.425516],[-101.00723,43.418278],[-101.012202,43.418254],[-101.012113,43.425494],[-101.007238,43.425516]]],[[[-101.214676,43.606701],[-101.21467,43.603078],[-101.20969,43.60305],[-101.209696,43.606673],[-101.214676,43.606701]]],[[[-101.214845,43.704383],[-101.214837,43.70076],[-101.209841,43.700735],[-101.209849,43.704356],[-101.214845,43.704383]]],[[[-101.224708,43.548722],[-101.224619,43.545162],[-101.219611,43.545147],[-101.219624,43.548662],[-101.224708,43.548722]]],[[[-101.228104,43.668421],[-101.219763,43.657344],[-101.179871,43.664473],[-101.170049,43.635534],[-101.130161,43.628324],[-101.150124,43.642788],[-101.150175,43.664501],[-101.130196,43.664526],[-101.130224,43.679007],[-101.150224,43.686216],[-101.150286,43.715176],[-101.16023,43.693431],[-101.189866,43.693443],[-101.189876,43.707921],[-101.199832,43.686212],[-101.228101,43.693575],[-101.228104,43.668421]],[[-101.179871,43.664473],[-101.179879,43.67896],[-101.160212,43.686194],[-101.160183,43.67534],[-101.179871,43.664473]]],[[[-101.228195,43.606728],[-101.219657,43.606728],[-101.219684,43.621214],[-101.228188,43.617583],[-101.228195,43.606728]]],[[[-101.228297,43.563617],[-101.209663,43.548751],[-101.219525,43.505326],[-101.179716,43.50161],[-101.169827,43.512521],[-101.189698,43.519818],[-101.139959,43.519742],[-101.139969,43.534227],[-101.164898,43.53059],[-101.159954,43.54866],[-101.179755,43.541456],[-101.169955,43.56317],[-101.189729,43.562944],[-101.189735,43.577654],[-101.145073,43.588515],[-101.192253,43.606603],[-101.16004,43.599351],[-101.105184,43.60664],[-101.219726,43.63928],[-101.219684,43.621214],[-101.199735,43.613857],[-101.199719,43.581281],[-101.219632,43.577731],[-101.228247,43.592252],[-101.228297,43.563617]],[[-101.20557,43.554613],[-101.199695,43.555972],[-101.199695,43.552354],[-101.205269,43.552362],[-101.20557,43.554613]],[[-101.172515,43.612913],[-101.172516,43.613818],[-101.170024,43.613819],[-101.170023,43.612915],[-101.172515,43.612913]]],[[[-101.228251,43.795636],[-101.224928,43.769573],[-101.209911,43.765895],[-101.228112,43.755103],[-101.22813,43.733401],[-101.199879,43.737133],[-101.199902,43.76585],[-101.175352,43.765796],[-101.17042,43.78028],[-101.189893,43.773061],[-101.209925,43.787622],[-101.219927,43.773181],[-101.214932,43.790599],[-101.228251,43.795636]]],[[[-101.228347,43.489506],[-101.199568,43.483554],[-101.20764,43.469033],[-101.192621,43.469014],[-101.187689,43.447188],[-101.128234,43.454452],[-101.118264,43.439931],[-101.058617,43.447163],[-101.073534,43.454423],[-101.060234,43.490815],[-101.040286,43.49083],[-101.040243,43.476338],[-101.058706,43.476332],[-101.04873,43.461581],[-101.000421,43.476285],[-101.000449,43.490808],[-101.030331,43.490828],[-101.010412,43.505303],[-101.070205,43.498038],[-101.060236,43.519767],[-101.090138,43.519728],[-101.090138,43.50526],[-101.1001,43.519731],[-101.120026,43.505264],[-101.120032,43.519738],[-101.139959,43.519742],[-101.124989,43.49084],[-101.149857,43.490831],[-101.149801,43.47629],[-101.128293,43.46897],[-101.157771,43.461721],[-101.187648,43.469002],[-101.184684,43.498037],[-101.228347,43.489506]],[[-101.198979,43.470342],[-101.198975,43.470946],[-101.197606,43.470943],[-101.197605,43.470336],[-101.198979,43.470342]],[[-101.120027,43.479929],[-101.120019,43.490841],[-101.110072,43.490844],[-101.110092,43.479932],[-101.120027,43.479929]],[[-101.099948,43.482187],[-101.080198,43.483553],[-101.080215,43.476354],[-101.098218,43.468911],[-101.099948,43.482187]],[[-101.11829,43.447175],[-101.118324,43.461637],[-101.08845,43.454415],[-101.08844,43.44705],[-101.11829,43.447175]],[[-101.088498,43.468904],[-101.078565,43.468897],[-101.078524,43.461533],[-101.088466,43.461558],[-101.088498,43.468904]]],[[[-101.228432,43.41999],[-101.228244,43.389192],[-101.217369,43.389191],[-101.217475,43.410914],[-101.197501,43.410904],[-101.207468,43.461503],[-101.227407,43.461856],[-101.217193,43.432586],[-101.228432,43.41999]],[[-101.217475,43.410914],[-101.222447,43.410913],[-101.222452,43.41454],[-101.217476,43.414538],[-101.217475,43.410914]]],[[[-99.006574,43.017161],[-99.006565,43.009912],[-99.001632,43.00991],[-99.00164,43.017162],[-99.006574,43.017161]]],[[[-99.021451,43.07511],[-99.021449,43.067925],[-99.001702,43.067917],[-99.00173,43.075093],[-99.021451,43.07511]]],[[[-99.031187,43.114897],[-99.011523,43.111291],[-99.011462,43.125742],[-99.031141,43.125734],[-99.031187,43.114897]]],[[[-99.031264,43.053371],[-99.031263,43.046149],[-99.021452,43.046115],[-99.021456,43.05345],[-99.031264,43.053371]]],[[[-99.041121,43.038848],[-99.041121,43.035227],[-99.031262,43.035247],[-99.031264,43.038869],[-99.041121,43.038848]]],[[[-99.050911,43.107665],[-99.041068,43.104029],[-99.041036,43.111267],[-99.050892,43.111281],[-99.050911,43.107665]]],[[[-99.05099,43.031626],[-99.050984,43.024379],[-99.041119,43.024366],[-99.04112,43.031607],[-99.05099,43.031626]]],[[[-99.060485,43.067907],[-99.060484,43.060635],[-99.041124,43.060615],[-99.041119,43.075118],[-99.060485,43.067907]]],[[[-99.070317,43.151023],[-99.060478,43.147423],[-99.060465,43.154656],[-99.070309,43.154636],[-99.070317,43.151023]]],[[[-99.080178,43.053493],[-99.080172,43.046196],[-99.070285,43.046205],[-99.070231,43.053509],[-99.080178,43.053493]]],[[[-99.080195,43.096835],[-99.080181,43.089603],[-99.060451,43.089611],[-99.060464,43.096843],[-99.080195,43.096835]]],[[[-99.08022,43.111262],[-99.080208,43.104049],[-99.07034,43.104059],[-99.07035,43.111277],[-99.08022,43.111262]]],[[[-99.089973,43.010002],[-99.089967,43.002755],[-99.080141,43.002768],[-99.08013,43.010031],[-99.089973,43.010002]]],[[[-99.099888,43.038956],[-99.099779,43.010015],[-99.089973,43.010002],[-99.089993,43.038919],[-99.099888,43.038956]]],[[[-99.109704,43.010025],[-99.109694,43.002725],[-99.099805,43.002743],[-99.099779,43.010015],[-99.109704,43.010025]]],[[[-99.114683,43.150962],[-99.109758,43.147357],[-99.104818,43.154581],[-99.114635,43.158189],[-99.114683,43.150962]]],[[[-99.119635,43.127754],[-99.099959,43.107671],[-99.080205,43.125681],[-99.060478,43.111292],[-99.050736,43.140171],[-99.099917,43.132934],[-99.090022,43.154601],[-99.099889,43.154586],[-99.119635,43.127754]]],[[[-99.129487,43.125019],[-99.129488,43.111286],[-99.119694,43.111291],[-99.119635,43.125695],[-99.129487,43.125019]]],[[[-99.159078,43.096797],[-99.159044,43.089546],[-99.149178,43.089553],[-99.149183,43.096795],[-99.159078,43.096797]]],[[[-99.168797,43.010011],[-99.158925,42.998368],[-99.119594,43.002706],[-99.129411,43.024535],[-99.109703,43.031688],[-99.109712,43.053407],[-99.089994,43.046183],[-99.109716,43.057027],[-99.099929,43.078748],[-99.129456,43.07511],[-99.119524,43.053405],[-99.149161,43.067909],[-99.139313,43.002771],[-99.168797,43.010011]],[[-99.13436,43.043895],[-99.119568,43.046167],[-99.119562,43.038927],[-99.134348,43.038932],[-99.13436,43.043895]]],[[[-99.168891,43.078692],[-99.168887,43.075073],[-99.163953,43.075079],[-99.163957,43.078697],[-99.168891,43.078692]]],[[[-99.193095,43.047989],[-99.188163,43.031648],[-99.168831,43.038894],[-99.158947,43.024414],[-99.158981,43.075083],[-99.178313,43.075063],[-99.178307,43.053326],[-99.188168,43.06057],[-99.193095,43.047989]]],[[[-99.207876,43.046252],[-99.198021,43.038872],[-99.198027,43.060563],[-99.207726,43.060577],[-99.207876,43.046252]]],[[[-99.227563,43.024369],[-99.227561,43.017129],[-99.217702,43.017141],[-99.217704,43.024381],[-99.227563,43.024369]]],[[[-99.237718,43.125721],[-99.237624,43.111239],[-99.227692,43.111252],[-99.227722,43.125733],[-99.237718,43.125721]]],[[[-99.237864,43.342373],[-99.237863,43.335319],[-99.227699,43.335342],[-99.227764,43.342547],[-99.237864,43.342373]]],[[[-99.247355,43.075006],[-99.247321,43.060534],[-99.227614,43.06781],[-99.227628,43.075023],[-99.247355,43.075006]]],[[[-99.257242,43.089477],[-99.257217,43.074998],[-99.23751,43.082251],[-99.237535,43.09673],[-99.257242,43.089477]]],[[[-99.257272,43.103959],[-99.257254,43.096718],[-99.247395,43.096724],[-99.24741,43.103962],[-99.257272,43.103959]]],[[[-99.257366,43.255778],[-99.247471,43.241339],[-99.207966,43.252176],[-99.207972,43.255769],[-99.257366,43.255778]]],[[[-99.257387,43.342585],[-99.25736,43.335331],[-99.247474,43.335333],[-99.247499,43.342579],[-99.257387,43.342585]]],[[[-99.267075,43.061342],[-99.257208,43.060521],[-99.257244,43.067775],[-99.267016,43.06777],[-99.267075,43.061342]]],[[[-99.267115,43.096708],[-99.2671,43.089468],[-99.257242,43.089477],[-99.257254,43.096718],[-99.267115,43.096708]]],[[[-99.267147,43.111188],[-99.267131,43.103949],[-99.257272,43.103959],[-99.25736,43.111252],[-99.267147,43.111188]]],[[[-99.267314,43.357022],[-99.26721,43.342583],[-99.257387,43.342585],[-99.257385,43.357036],[-99.267314,43.357022]]],[[[-99.276892,43.060518],[-99.276871,43.05333],[-99.26701,43.053279],[-99.267031,43.060515],[-99.276892,43.060518]]],[[[-99.326398,43.060483],[-99.326394,43.053315],[-99.306681,43.049636],[-99.306683,43.060494],[-99.326398,43.060483]]],[[[-99.335822,43.483535],[-99.335833,43.479909],[-99.325912,43.479883],[-99.325896,43.487128],[-99.335822,43.483535]]],[[[-99.336357,43.101413],[-99.326425,43.096711],[-99.316577,43.1111],[-99.336326,43.111192],[-99.336357,43.101413]]],[[[-99.346175,43.313945],[-99.336289,43.313618],[-99.336286,43.320849],[-99.34617,43.320839],[-99.346175,43.313945]]],[[[-99.356035,43.346162],[-99.336261,43.342559],[-99.336251,43.349776],[-99.356033,43.34977],[-99.356035,43.346162]]],[[[-99.3659,43.353363],[-99.356033,43.34977],[-99.356027,43.356985],[-99.365895,43.356971],[-99.3659,43.353363]]],[[[-99.365925,43.421993],[-99.365915,43.414761],[-99.356046,43.414771],[-99.356056,43.422008],[-99.365925,43.421993]]],[[[-99.365957,43.314095],[-99.356061,43.313607],[-99.356055,43.320828],[-99.365956,43.32083],[-99.365957,43.314095]]],[[[-99.375803,43.400297],[-99.37578,43.371405],[-99.356019,43.371431],[-99.356005,43.400329],[-99.375803,43.400297]]],[[[-99.375844,43.324452],[-99.365956,43.32083],[-99.356042,43.335279],[-99.375815,43.335309],[-99.375844,43.324452]]],[[[-99.385709,43.154513],[-99.385688,43.147245],[-99.356039,43.147264],[-99.356042,43.154491],[-99.385709,43.154513]]],[[[-99.385727,43.414777],[-99.385725,43.407557],[-99.375793,43.407524],[-99.375784,43.414792],[-99.385727,43.414777]]],[[[-99.405465,43.385739],[-99.405424,43.378656],[-99.39552,43.378668],[-99.395543,43.385758],[-99.405465,43.385739]]],[[[-99.415196,43.443802],[-99.415219,43.436563],[-99.395349,43.436529],[-99.395346,43.443764],[-99.415196,43.443802]]],[[[-99.435307,43.451024],[-99.435295,43.443789],[-99.425097,43.443795],[-99.42508,43.451034],[-99.435307,43.451024]]],[[[-99.475054,43.450451],[-99.475065,43.443644],[-99.455196,43.443637],[-99.455204,43.451024],[-99.475054,43.450451]]],[[[-99.494527,43.379047],[-99.494511,43.364136],[-99.474915,43.364144],[-99.474568,43.385955],[-99.494527,43.379047]]],[[[-99.494561,43.436542],[-99.494553,43.429207],[-99.484622,43.429171],[-99.48463,43.436539],[-99.494561,43.436542]]],[[[-99.51457,43.393097],[-99.514549,43.378609],[-99.504428,43.378629],[-99.504437,43.393092],[-99.51457,43.393097]]],[[[-99.538637,43.403948],[-99.538638,43.400271],[-99.533872,43.400264],[-99.533883,43.407569],[-99.538637,43.403948]]],[[[-99.543617,43.389482],[-99.543614,43.385852],[-99.533864,43.385842],[-99.533868,43.393096],[-99.543617,43.389482]]],[[[-99.543676,43.327941],[-99.543656,43.320733],[-99.533924,43.320725],[-99.533957,43.327937],[-99.543676,43.327941]]],[[[-99.543814,43.127894],[-99.534059,43.125467],[-99.534039,43.132735],[-99.543801,43.132759],[-99.543814,43.127894]]],[[[-99.543849,43.514666],[-99.533706,43.514283],[-99.533778,43.525319],[-99.54384,43.525338],[-99.543849,43.514666]]],[[[-99.543906,43.055661],[-99.534111,43.053056],[-99.534103,43.060356],[-99.543903,43.060356],[-99.543906,43.055661]]],[[[-99.553641,43.215915],[-99.553644,43.212298],[-99.543753,43.212263],[-99.543747,43.219496],[-99.553641,43.215915]]],[[[-99.553684,43.15363],[-99.553723,43.147245],[-99.543794,43.147218],[-99.543788,43.154457],[-99.553684,43.15363]]],[[[-99.553794,43.104415],[-99.543849,43.103807],[-99.543833,43.111058],[-99.553741,43.111071],[-99.553794,43.104415]]],[[[-99.563453,43.447382],[-99.524369,43.436528],[-99.5436,43.422039],[-99.494547,43.422047],[-99.524372,43.450998],[-99.563453,43.447382]]],[[[-99.563489,43.404988],[-99.543613,43.400338],[-99.543605,43.414705],[-99.553551,43.414642],[-99.563489,43.404988]]],[[[-99.563566,43.197873],[-99.563544,43.190601],[-99.553725,43.190601],[-99.553717,43.19787],[-99.563566,43.197873]]],[[[-99.563594,43.143626],[-99.553766,43.140013],[-99.553723,43.147245],[-99.563589,43.147244],[-99.563594,43.143626]]],[[[-99.563822,43.557842],[-99.543837,43.528958],[-99.533792,43.52893],[-99.533912,43.550637],[-99.563822,43.557842]]],[[[-99.563834,43.572314],[-99.563828,43.565078],[-99.543829,43.565093],[-99.543833,43.572319],[-99.563834,43.572314]]],[[[-99.573405,43.425656],[-99.563471,43.4147],[-99.553674,43.414669],[-99.553674,43.429281],[-99.573405,43.425656]]],[[[-99.57343,43.385774],[-99.573411,43.371374],[-99.55363,43.371286],[-99.563491,43.385804],[-99.57343,43.385774]]],[[[-99.573564,43.154515],[-99.573594,43.147717],[-99.563589,43.147244],[-99.563607,43.154498],[-99.573564,43.154515]]],[[[-99.57518,43.747],[-99.564189,43.735064],[-99.554232,43.735049],[-99.564193,43.753168],[-99.57518,43.747]]],[[[-99.583208,43.215082],[-99.573599,43.212381],[-99.573488,43.219551],[-99.583208,43.219568],[-99.583208,43.215082]]],[[[-99.583329,43.17209],[-99.573468,43.161725],[-99.553745,43.161723],[-99.563551,43.176132],[-99.583329,43.17209]]],[[[-99.583401,43.074857],[-99.578469,43.067602],[-99.573513,43.067615],[-99.573511,43.078473],[-99.583401,43.074857]]],[[[-99.58366,43.507237],[-99.583322,43.479967],[-99.548524,43.472724],[-99.563761,43.507229],[-99.58366,43.507237]]],[[[-99.583756,43.565108],[-99.583748,43.557873],[-99.563822,43.557842],[-99.563828,43.565078],[-99.583756,43.565108]]],[[[-99.59323,43.190622],[-99.593223,43.183394],[-99.583262,43.183427],[-99.58325,43.190616],[-99.59323,43.190622]]],[[[-99.593363,43.146546],[-99.593369,43.139908],[-99.573631,43.139987],[-99.573597,43.147245],[-99.593363,43.146546]]],[[[-99.593685,43.543409],[-99.593677,43.536176],[-99.583716,43.536168],[-99.583726,43.543399],[-99.593685,43.543409]]],[[[-99.593785,43.623001],[-99.593755,43.615748],[-99.583801,43.615747],[-99.583804,43.622991],[-99.593785,43.623001]]],[[[-99.598266,43.498034],[-99.598264,43.494415],[-99.593296,43.494412],[-99.593298,43.498029],[-99.598266,43.498034]]],[[[-99.603125,43.197921],[-99.603118,43.190575],[-99.59323,43.190622],[-99.593238,43.197901],[-99.603125,43.197921]]],[[[-99.603133,43.284644],[-99.603132,43.27741],[-99.593378,43.27736],[-99.593381,43.28462],[-99.603133,43.284644]]],[[[-99.603157,43.349673],[-99.603156,43.342434],[-99.583328,43.346049],[-99.583329,43.349666],[-99.603157,43.349673]]],[[[-99.603196,43.443766],[-99.583327,43.443763],[-99.583323,43.465488],[-99.593474,43.465494],[-99.603196,43.443766]]],[[[-99.603207,43.371537],[-99.59336,43.371321],[-99.5933,43.378613],[-99.603164,43.378613],[-99.603207,43.371537]]],[[[-99.613031,43.096583],[-99.613026,43.089341],[-99.588332,43.089332],[-99.588336,43.096553],[-99.613031,43.096583]]],[[[-99.613067,43.342436],[-99.613061,43.335261],[-99.603148,43.33525],[-99.603156,43.342434],[-99.613067,43.342436]]],[[[-99.613073,43.361675],[-99.613078,43.356861],[-99.603159,43.356865],[-99.603163,43.364145],[-99.613073,43.361675]]],[[[-99.613312,43.384148],[-99.613315,43.378626],[-99.603164,43.378613],[-99.60316,43.385691],[-99.613312,43.384148]]],[[[-99.613606,43.528948],[-99.613567,43.521714],[-99.603728,43.521707],[-99.603733,43.528947],[-99.613606,43.528948]]],[[[-99.613622,43.594065],[-99.613599,43.586734],[-99.603707,43.586726],[-99.603742,43.594065],[-99.613622,43.594065]]],[[[-99.614321,43.745953],[-99.614282,43.73874],[-99.608335,43.738723],[-99.611753,43.744851],[-99.614321,43.745953]]],[[[-99.622891,43.176186],[-99.622885,43.168954],[-99.612957,43.168954],[-99.613019,43.176181],[-99.622891,43.176186]]],[[[-99.62294,43.32082],[-99.622934,43.313592],[-99.613045,43.31358],[-99.613015,43.320806],[-99.62294,43.32082]]],[[[-99.628671,43.720689],[-99.62865,43.717073],[-99.623752,43.717067],[-99.623733,43.720681],[-99.628671,43.720689]]],[[[-99.632849,43.205171],[-99.632822,43.197912],[-99.613094,43.197942],[-99.613099,43.205104],[-99.632849,43.205171]]],[[[-99.63287,43.219608],[-99.632876,43.212386],[-99.613135,43.212369],[-99.613129,43.21959],[-99.63287,43.219608]]],[[[-99.632838,43.163218],[-99.622914,43.161736],[-99.622885,43.168954],[-99.632558,43.168955],[-99.632838,43.163218]]],[[[-99.63289,43.248586],[-99.632883,43.241325],[-99.62293,43.241312],[-99.622925,43.248554],[-99.63289,43.248586]]],[[[-99.632918,43.284634],[-99.632913,43.270257],[-99.622929,43.27023],[-99.622928,43.284634],[-99.632918,43.284634]]],[[[-99.632965,43.34238],[-99.632958,43.335294],[-99.623052,43.335286],[-99.623059,43.342376],[-99.632965,43.34238]]],[[[-99.633007,43.378629],[-99.632994,43.371341],[-99.62299,43.371386],[-99.623,43.378622],[-99.633007,43.378629]]],[[[-99.633372,43.666453],[-99.633323,43.659213],[-99.623548,43.659222],[-99.623658,43.666461],[-99.633372,43.666453]]],[[[-99.642708,43.197914],[-99.642686,43.190605],[-99.632796,43.190692],[-99.632822,43.197912],[-99.642708,43.197914]]],[[[-99.643006,43.494458],[-99.643004,43.490842],[-99.638033,43.490831],[-99.638034,43.494448],[-99.643006,43.494458]]],[[[-99.643317,43.58676],[-99.633364,43.572294],[-99.623452,43.572272],[-99.623425,43.586747],[-99.643317,43.58676]]],[[[-99.643344,43.644684],[-99.64334,43.63026],[-99.623435,43.637509],[-99.623433,43.644627],[-99.643344,43.644684]]],[[[-99.643401,43.680948],[-99.643377,43.673671],[-99.623423,43.673692],[-99.623469,43.68097],[-99.643401,43.680948]]],[[[-99.652608,43.400278],[-99.642832,43.378641],[-99.622991,43.385633],[-99.632957,43.40025],[-99.652608,43.400278]]],[[[-99.652664,43.317642],[-99.652666,43.313522],[-99.642706,43.313551],[-99.642751,43.32081],[-99.652664,43.317642]]],[[[-99.652689,43.29908],[-99.65266,43.291888],[-99.642738,43.291893],[-99.642757,43.299128],[-99.652689,43.29908]]],[[[-99.653259,43.500671],[-99.652663,43.494485],[-99.643006,43.494458],[-99.643306,43.507239],[-99.653259,43.500671]]],[[[-99.653283,43.543416],[-99.65328,43.536178],[-99.643306,43.536203],[-99.643306,43.543441],[-99.653283,43.543416]]],[[[-99.66246,43.430235],[-99.642905,43.429234],[-99.642899,43.414743],[-99.593331,43.407561],[-99.593397,43.429213],[-99.66246,43.430235]],[[-99.632978,43.42215],[-99.632979,43.422533],[-99.631738,43.422531],[-99.631737,43.422078],[-99.632978,43.42215]],[[-99.633064,43.429207],[-99.633078,43.427505],[-99.637946,43.427507],[-99.637942,43.429229],[-99.633064,43.429207]]],[[[-99.665599,43.756972],[-99.661788,43.746063],[-99.653795,43.746064],[-99.653798,43.753316],[-99.665599,43.756972]]],[[[-99.666996,43.761652],[-99.663798,43.760297],[-99.663801,43.764836],[-99.665766,43.764009],[-99.666996,43.761652]]],[[[-99.672343,43.226865],[-99.672338,43.212386],[-99.642712,43.212387],[-99.642721,43.226847],[-99.672343,43.226865]]],[[[-99.672387,43.422194],[-99.672377,43.407704],[-99.652605,43.407624],[-99.662454,43.422141],[-99.672387,43.422194]]],[[[-99.672473,43.45117],[-99.672463,43.443887],[-99.662451,43.443848],[-99.662453,43.45109],[-99.672473,43.45117]]],[[[-99.673155,43.507224],[-99.673143,43.499856],[-99.663198,43.499907],[-99.663216,43.507216],[-99.673155,43.507224]]],[[[-99.673187,43.531835],[-99.663201,43.528847],[-99.663253,43.536151],[-99.673193,43.536176],[-99.673187,43.531835]]],[[[-99.683263,43.659261],[-99.683177,43.652022],[-99.6733,43.652002],[-99.673274,43.659228],[-99.683263,43.659261]]],[[[-99.683548,43.717156],[-99.683512,43.70992],[-99.673517,43.7099],[-99.673557,43.717136],[-99.683548,43.717156]]],[[[-99.693144,43.62307],[-99.693142,43.615832],[-99.683172,43.615826],[-99.683172,43.623066],[-99.693144,43.62307]]],[[[-99.693158,43.652019],[-99.69315,43.644783],[-99.68317,43.644783],[-99.683177,43.652022],[-99.693158,43.652019]]],[[[-99.693198,43.673655],[-99.693166,43.659255],[-99.683263,43.659261],[-99.683271,43.673708],[-99.693198,43.673655]]],[[[-99.703149,43.65922],[-99.703144,43.655637],[-99.693161,43.655608],[-99.693166,43.659255],[-99.703149,43.65922]]],[[[-99.703177,43.609591],[-99.703182,43.601328],[-99.693142,43.601326],[-99.693142,43.615832],[-99.703177,43.609591]]],[[[-99.703197,43.56516],[-99.683199,43.557766],[-99.673292,43.572395],[-99.69314,43.586801],[-99.703197,43.56516]]],[[[-99.712006,43.25588],[-99.711975,43.248634],[-99.69215,43.248602],[-99.692247,43.263121],[-99.712006,43.25588]]],[[[-99.712221,43.48742],[-99.712198,43.480289],[-99.692293,43.480199],[-99.692406,43.494659],[-99.712221,43.48742]]],[[[-99.721516,43.083222],[-99.711652,43.082104],[-99.711646,43.089423],[-99.721518,43.089421],[-99.721516,43.083222]]],[[[-99.722975,43.521739],[-99.722968,43.514463],[-99.702993,43.514474],[-99.703012,43.528852],[-99.722975,43.521739]]],[[[-99.723108,43.652042],[-99.7231,43.644797],[-99.713115,43.64479],[-99.713123,43.65203],[-99.723108,43.652042]]],[[[-99.731367,43.074964],[-99.731355,43.067732],[-99.721485,43.067713],[-99.721496,43.074948],[-99.731367,43.074964]]],[[[-99.731774,43.248673],[-99.721792,43.226911],[-99.711888,43.226879],[-99.711975,43.248634],[-99.731774,43.248673]]],[[[-99.73187,43.263162],[-99.731821,43.255945],[-99.721819,43.255916],[-99.721853,43.263107],[-99.73187,43.263162]]],[[[-99.751624,43.256851],[-99.74659,43.248696],[-99.731774,43.248673],[-99.741671,43.263162],[-99.751624,43.256851]]],[[[-99.751924,43.4298],[-99.751919,43.422531],[-99.741915,43.422485],[-99.741927,43.429752],[-99.751924,43.4298]]],[[[-99.752704,43.644805],[-99.752692,43.630331],[-99.742739,43.630324],[-99.742759,43.644792],[-99.752704,43.644805]]],[[[-99.756774,43.393604],[-99.756769,43.386042],[-99.751836,43.38603],[-99.751884,43.39358],[-99.756774,43.393604]]],[[[-99.761867,43.458684],[-99.761843,43.451561],[-99.741962,43.451456],[-99.741988,43.458564],[-99.761867,43.458684]]],[[[-99.763567,43.737193],[-99.743125,43.724382],[-99.762975,43.709475],[-99.733139,43.680971],[-99.742784,43.666495],[-99.723109,43.666536],[-99.723268,43.695463],[-99.70334,43.695427],[-99.723374,43.709945],[-99.703462,43.709894],[-99.693685,43.731663],[-99.703744,43.749214],[-99.729275,43.71897],[-99.736351,43.734438],[-99.763567,43.737193]],[[-99.723374,43.709945],[-99.728353,43.709936],[-99.728411,43.717173],[-99.723431,43.717183],[-99.723374,43.709945]],[[-99.728353,43.709936],[-99.728295,43.702698],[-99.733275,43.702689],[-99.733333,43.709927],[-99.728353,43.709936]],[[-99.733275,43.702689],[-99.733256,43.69907],[-99.738243,43.699062],[-99.73826,43.70268],[-99.733275,43.702689]]],[[[-99.771043,43.444477],[-99.761825,43.444325],[-99.761843,43.451561],[-99.771022,43.451615],[-99.771043,43.444477]]],[[[-99.771067,43.429708],[-99.771062,43.422646],[-99.761778,43.42259],[-99.761794,43.429845],[-99.771067,43.429708]]],[[[-99.771087,43.111178],[-99.771083,43.103958],[-99.761034,43.103949],[-99.761045,43.111159],[-99.771087,43.111178]]],[[[-99.772625,43.6267],[-99.772624,43.623081],[-99.762697,43.623111],[-99.76269,43.630269],[-99.772625,43.6267]]],[[[-99.780914,43.491381],[-99.780917,43.487763],[-99.771094,43.487756],[-99.771131,43.494995],[-99.780914,43.491381]]],[[[-99.780922,43.358364],[-99.771044,43.357353],[-99.771048,43.364703],[-99.780909,43.364716],[-99.780922,43.358364]]],[[[-99.781399,43.70949],[-99.774053,43.709886],[-99.773653,43.711317],[-99.776499,43.710153],[-99.781399,43.70949]]],[[[-99.782695,43.61581],[-99.782653,43.608582],[-99.772618,43.608605],[-99.772622,43.615768],[-99.782695,43.61581]]],[[[-99.782764,43.652025],[-99.782716,43.637544],[-99.77262,43.637558],[-99.772639,43.65204],[-99.782764,43.652025]]],[[[-99.786344,43.630896],[-99.782689,43.630262],[-99.782716,43.637544],[-99.786348,43.637544],[-99.786344,43.630896]]],[[[-99.786382,43.659264],[-99.786378,43.656549],[-99.785133,43.656549],[-99.785137,43.659264],[-99.786382,43.659264]]],[[[-99.790859,43.393681],[-99.790861,43.386125],[-99.780826,43.3861],[-99.780812,43.393674],[-99.790859,43.393681]]],[[[-99.800648,43.009851],[-99.800645,43.002604],[-99.790737,43.002613],[-99.790744,43.009853],[-99.800648,43.009851]]],[[[-99.800656,43.024298],[-99.800652,43.017095],[-99.790697,43.01715],[-99.79121,43.023849],[-99.800656,43.024298]]],[[[-99.800741,43.400794],[-99.800744,43.393694],[-99.790859,43.393681],[-99.790859,43.40084],[-99.800741,43.400794]]],[[[-99.800749,43.419028],[-99.790858,43.400925],[-99.771038,43.408159],[-99.780901,43.419022],[-99.800749,43.419028]]],[[[-99.800759,43.353866],[-99.800761,43.350244],[-99.790841,43.350233],[-99.790798,43.357352],[-99.800759,43.353866]]],[[[-99.802399,43.514434],[-99.802386,43.507262],[-99.782581,43.507266],[-99.782579,43.510875],[-99.802399,43.514434]]],[[[-99.802484,43.528923],[-99.802469,43.521732],[-99.792451,43.521738],[-99.792459,43.528905],[-99.802484,43.528923]]],[[[-99.80253,43.644793],[-99.802518,43.637556],[-99.792567,43.637549],[-99.792578,43.644788],[-99.80253,43.644793]]],[[[-99.80255,43.565195],[-99.802541,43.557891],[-99.792455,43.557876],[-99.792489,43.565167],[-99.80255,43.565195]]],[[[-99.81078,43.437146],[-99.810762,43.429776],[-99.800717,43.429789],[-99.800755,43.437135],[-99.81078,43.437146]]],[[[-99.812327,43.501676],[-99.802378,43.499877],[-99.802386,43.507262],[-99.812326,43.507265],[-99.812327,43.501676]]],[[[-99.820416,43.024308],[-99.820413,43.017115],[-99.810553,43.017098],[-99.810554,43.024273],[-99.820416,43.024308]]],[[[-99.820588,43.371832],[-99.820587,43.364742],[-99.810712,43.364747],[-99.810689,43.371838],[-99.820588,43.371832]]],[[[-99.821734,43.536055],[-99.792461,43.534408],[-99.782618,43.528886],[-99.797452,43.548895],[-99.821734,43.536055]]],[[[-99.822387,43.514314],[-99.812333,43.51444],[-99.812348,43.528994],[-99.821946,43.528991],[-99.822387,43.514314]]],[[[-99.822455,43.659259],[-99.822447,43.652012],[-99.812498,43.652023],[-99.81251,43.659265],[-99.822455,43.659259]]],[[[-99.822552,43.680935],[-99.812507,43.666514],[-99.802573,43.677309],[-99.80272,43.691793],[-99.797737,43.691798],[-99.797835,43.706288],[-99.822552,43.680935]]],[[[-99.830557,43.416761],[-99.820608,43.415289],[-99.820606,43.422655],[-99.830531,43.422656],[-99.830557,43.416761]]],[[[-99.830588,43.473345],[-99.825622,43.473311],[-99.825626,43.487683],[-99.830584,43.487682],[-99.830588,43.473345]]],[[[-99.830612,43.400835],[-99.830603,43.393701],[-99.820596,43.393706],[-99.82061,43.40076],[-99.830612,43.400835]]],[[[-99.832334,43.601351],[-99.832332,43.594112],[-99.822372,43.594112],[-99.822374,43.601353],[-99.832334,43.601351]]],[[[-99.832414,43.652021],[-99.832404,43.644778],[-99.822439,43.644765],[-99.822447,43.652012],[-99.832414,43.652021]]],[[[-99.832659,43.690629],[-99.832586,43.684564],[-99.822589,43.684573],[-99.822721,43.694773],[-99.832659,43.690629]]],[[[-99.84015,43.042485],[-99.840151,43.038862],[-99.830273,43.038857],[-99.830276,43.0461],[-99.84015,43.042485]]],[[[-99.840501,43.447995],[-99.840493,43.444303],[-99.830638,43.444272],[-99.830671,43.447995],[-99.840501,43.447995]]],[[[-99.840521,43.473315],[-99.840519,43.466081],[-99.830585,43.46608],[-99.830588,43.473313],[-99.840521,43.473315]]],[[[-99.84223,43.507299],[-99.842221,43.499923],[-99.832192,43.503655],[-99.832196,43.507274],[-99.84223,43.507299]]],[[[-99.850364,43.357364],[-99.850308,43.350272],[-99.83054,43.350265],[-99.830531,43.357321],[-99.850364,43.357364]]],[[[-99.860326,43.422662],[-99.860317,43.41542],[-99.850527,43.415323],[-99.850536,43.422661],[-99.860326,43.422662]]],[[[-99.862003,43.644762],[-99.842362,43.637548],[-99.832424,43.659264],[-99.842638,43.688184],[-99.862003,43.644762]]],[[[-99.862015,43.630272],[-99.862017,43.623038],[-99.842336,43.623064],[-99.842353,43.630306],[-99.862015,43.630272]]],[[[-99.862009,43.593802],[-99.842288,43.586873],[-99.842306,43.608586],[-99.862021,43.608569],[-99.862009,43.593802]]],[[[-99.86206,43.514373],[-99.862015,43.507291],[-99.852071,43.507284],[-99.852089,43.51435],[-99.86206,43.514373]]],[[[-99.87035,43.415426],[-99.870339,43.408181],[-99.860296,43.40818],[-99.860317,43.41542],[-99.87035,43.415426]]],[[[-99.879609,43.057022],[-99.86976,43.053379],[-99.869697,43.075131],[-99.879549,43.075146],[-99.879609,43.057022]]],[[[-99.885042,43.393734],[-99.885024,43.386496],[-99.881924,43.386491],[-99.881941,43.393728],[-99.885042,43.393734]]],[[[-99.889675,43.373824],[-99.880099,43.371901],[-99.88005,43.379248],[-99.889675,43.379265],[-99.889675,43.373824]]],[[[-99.88978,43.016639],[-99.889787,43.00994],[-99.879662,43.009927],[-99.879657,43.017172],[-99.88978,43.016639]]],[[[-99.889808,43.422691],[-99.889785,43.415466],[-99.880185,43.41544],[-99.880205,43.422681],[-99.889808,43.422691]]],[[[-99.88991,43.038836],[-99.88972,43.031679],[-99.87967,43.03166],[-99.879689,43.03883],[-99.88991,43.038836]]],[[[-99.889948,43.179089],[-99.889796,43.16932],[-99.874911,43.169316],[-99.884861,43.183711],[-99.889948,43.179089]]],[[[-99.894698,43.066941],[-99.894701,43.060521],[-99.889777,43.060668],[-99.889833,43.067799],[-99.894698,43.066941]]],[[[-99.901816,43.6751],[-99.8869,43.673762],[-99.891949,43.659273],[-99.871997,43.65925],[-99.901804,43.697997],[-99.901816,43.6751]]],[[[-99.919379,43.082426],[-99.919404,43.067951],[-99.909526,43.067939],[-99.909505,43.08242],[-99.919379,43.082426]]],[[[-99.9219,43.594988],[-99.901957,43.594127],[-99.901952,43.601274],[-99.921882,43.601324],[-99.9219,43.594988]]],[[[-99.929407,43.032568],[-99.909651,43.031728],[-99.909635,43.038971],[-99.929397,43.039046],[-99.929407,43.032568]]],[[[-99.929567,43.451658],[-99.929574,43.444302],[-99.924556,43.444262],[-99.924514,43.451636],[-99.929567,43.451658]]],[[[-99.93168,43.543469],[-99.931656,43.529026],[-99.911761,43.536262],[-99.911769,43.543443],[-99.93168,43.543469]]],[[[-99.931747,43.586861],[-99.931776,43.572472],[-99.921902,43.57245],[-99.921924,43.586895],[-99.931747,43.586861]]],[[[-99.939136,43.076263],[-99.939146,43.067897],[-99.929383,43.064347],[-99.929252,43.082433],[-99.939136,43.076263]]],[[[-99.93917,43.042655],[-99.929397,43.039046],[-99.929375,43.053442],[-99.939163,43.053449],[-99.93917,43.042655]]],[[[-99.939395,43.433556],[-99.939458,43.429887],[-99.929498,43.429851],[-99.929536,43.437173],[-99.939395,43.433556]]],[[[-99.941701,43.521803],[-99.941685,43.51448],[-99.921799,43.514456],[-99.921792,43.521776],[-99.941701,43.521803]]],[[[-99.94902,43.057015],[-99.939163,43.053449],[-99.939154,43.060742],[-99.94901,43.060757],[-99.94902,43.057015]]],[[[-99.949377,43.408272],[-99.949372,43.400871],[-99.939339,43.400866],[-99.939413,43.415352],[-99.949377,43.408272]]],[[[-99.958879,43.068626],[-99.949014,43.067899],[-99.949006,43.075219],[-99.958875,43.075229],[-99.958879,43.068626]]],[[[-99.9589,43.038948],[-99.958886,43.031831],[-99.94902,43.031762],[-99.94902,43.038977],[-99.9589,43.038948]]],[[[-99.968797,43.096881],[-99.958876,43.082459],[-99.949007,43.082451],[-99.949015,43.096876],[-99.968797,43.096881]]],[[[-99.969271,43.429828],[-99.96926,43.415462],[-99.959241,43.415459],[-99.959263,43.429855],[-99.969271,43.429828]]],[[[-99.97152,43.550767],[-99.97145,43.521803],[-99.941716,43.529033],[-99.951605,43.550763],[-99.97152,43.550767]]],[[[-99.973699,43.125908],[-99.973697,43.118672],[-99.963884,43.118666],[-99.963806,43.125822],[-99.973699,43.125908]]],[[[-99.979176,43.444278],[-99.97915,43.437169],[-99.969281,43.437165],[-99.969292,43.444283],[-99.979176,43.444278]]],[[[-99.981395,43.536288],[-99.981397,43.528971],[-99.971477,43.528965],[-99.971489,43.536284],[-99.981395,43.536288]]],[[[-99.98141,43.571426],[-99.981406,43.565264],[-99.971553,43.565246],[-99.971573,43.572484],[-99.98141,43.571426]]],[[[-99.988606,43.053488],[-99.988582,43.046284],[-99.968742,43.046308],[-99.968765,43.053439],[-99.988606,43.053488]]],[[[-99.993482,43.162103],[-99.993463,43.158484],[-99.988518,43.158471],[-99.98854,43.162088],[-99.993482,43.162103]]],[[[-99.998383,43.082488],[-99.988597,43.06078],[-99.96875,43.060778],[-99.968751,43.082422],[-99.998383,43.082488]]],[[[-99.99861,43.220055],[-99.998551,43.198277],[-99.988725,43.198271],[-99.988821,43.220066],[-99.99861,43.220055]]],[[[-99.99904,43.451637],[-99.999035,43.444291],[-99.989162,43.444274],[-99.989168,43.451656],[-99.99904,43.451637]]],[[[-100.001102,43.659296],[-100.001109,43.644846],[-99.981157,43.644823],[-99.981145,43.659285],[-100.001102,43.659296]]],[[[-100.001181,43.588022],[-99.991216,43.586963],[-99.991168,43.615901],[-100.001131,43.615913],[-100.001181,43.588022]]],[[[-100.001215,43.519244],[-100.001217,43.514572],[-99.991275,43.514569],[-99.99127,43.521804],[-100.001215,43.519244]]],[[[-100.008026,43.444305],[-100.007984,43.437188],[-99.999016,43.437171],[-99.999035,43.444291],[-100.008026,43.444305]]],[[[-100.008207,43.400629],[-100.007987,43.393779],[-99.99894,43.393779],[-99.998821,43.400864],[-100.008207,43.400629]]],[[[-100.008317,43.089748],[-100.008274,43.082505],[-99.998383,43.082488],[-99.998381,43.089731],[-100.008317,43.089748]]],[[[-100.011147,43.568125],[-100.00119,43.565238],[-100.001185,43.572399],[-100.011146,43.572402],[-100.011147,43.568125]]],[[[-100.011152,43.532666],[-100.00121,43.529048],[-100.001205,43.536287],[-100.011151,43.536286],[-100.011152,43.532666]]],[[[-100.01806,43.245404],[-99.998636,43.241777],[-99.998694,43.256189],[-100.008127,43.256191],[-100.01806,43.245404]]],[[[-100.018212,43.071633],[-100.018215,43.067962],[-99.998404,43.067934],[-100.008274,43.082505],[-100.018212,43.071633]]],[[[-100.0211,43.55438],[-100.011149,43.550762],[-100.011147,43.557998],[-100.0211,43.557999],[-100.0211,43.55438]]],[[[-100.027848,43.402237],[-100.017809,43.400846],[-100.017831,43.415335],[-100.027841,43.415326],[-100.027848,43.402237]]],[[[-100.028109,43.104205],[-100.028102,43.096973],[-100.018216,43.096978],[-100.018223,43.104214],[-100.028109,43.104205]]],[[[-100.03102,43.697579],[-100.011061,43.688219],[-100.021097,43.666535],[-99.971727,43.666526],[-99.981098,43.637584],[-99.961797,43.630313],[-99.981171,43.630348],[-99.981271,43.594196],[-99.961662,43.594183],[-99.961761,43.623096],[-99.941824,43.623105],[-99.931822,43.644754],[-99.941788,43.659274],[-99.96093,43.65202],[-99.961753,43.666533],[-99.931751,43.681004],[-99.921842,43.652063],[-99.911867,43.652059],[-99.906841,43.666534],[-99.906806,43.69719],[-99.929986,43.685576],[-99.934301,43.69551],[-99.955257,43.697821],[-100.009939,43.688223],[-100.011446,43.707707],[-100.03102,43.697579]],[[-99.981304,43.681288],[-99.981332,43.682803],[-99.979166,43.682803],[-99.979166,43.680994],[-99.981304,43.681288]],[[-99.966694,43.673768],[-99.966694,43.677385],[-99.961705,43.677389],[-99.961704,43.673773],[-99.966694,43.673768]],[[-99.946732,43.688234],[-99.946731,43.691845],[-99.941737,43.691841],[-99.941739,43.688233],[-99.946732,43.688234]]],[[[-100.031048,43.500864],[-100.021105,43.500033],[-100.011157,43.514568],[-100.031039,43.514571],[-100.031048,43.500864]]],[[[-100.037949,43.201964],[-100.008339,43.198345],[-100.008252,43.212761],[-100.028122,43.212722],[-100.037949,43.201964]]],[[[-100.040969,43.673643],[-100.040975,43.659297],[-100.031032,43.659293],[-100.031016,43.673649],[-100.040969,43.673643]]],[[[-100.041007,43.637785],[-100.03103,43.637582],[-100.021088,43.652052],[-100.040984,43.652064],[-100.041007,43.637785]]],[[[-100.041036,43.615953],[-100.021089,43.615892],[-100.001109,43.644846],[-100.021085,43.644814],[-100.041036,43.615953]]],[[[-100.041092,43.565252],[-100.041072,43.558006],[-100.031046,43.557998],[-100.031049,43.565237],[-100.041092,43.565252]]],[[[-100.047724,43.448475],[-100.047737,43.444284],[-100.037681,43.444282],[-100.037676,43.451618],[-100.047724,43.448475]]],[[[-100.047833,43.220294],[-100.037913,43.220061],[-100.037897,43.227237],[-100.047817,43.227218],[-100.047833,43.220294]]],[[[-100.047854,43.082443],[-100.037968,43.075259],[-100.028099,43.089733],[-100.037982,43.08973],[-100.047854,43.082443]]],[[[-100.057558,43.429917],[-100.047698,43.422734],[-100.047724,43.437149],[-100.057555,43.437152],[-100.057558,43.429917]]],[[[-100.057682,43.228291],[-100.047817,43.227218],[-100.047814,43.23454],[-100.05767,43.234538],[-100.057682,43.228291]]],[[[-100.06098,43.691974],[-100.040982,43.681007],[-100.040855,43.704478],[-100.046817,43.693782],[-100.06098,43.691974]]],[[[-100.067478,43.466085],[-100.067478,43.458849],[-100.057545,43.458849],[-100.057538,43.466084],[-100.067478,43.466085]]],[[[-100.067519,43.451287],[-100.067519,43.444302],[-100.057586,43.444293],[-100.057548,43.451618],[-100.067519,43.451287]]],[[[-100.067587,43.223082],[-100.057699,43.220063],[-100.057688,43.227223],[-100.067589,43.227228],[-100.067587,43.223082]]],[[[-100.067613,43.210582],[-100.067617,43.205591],[-100.057727,43.205585],[-100.057719,43.212701],[-100.067613,43.210582]]],[[[-100.067617,43.057185],[-100.057715,43.053576],[-100.057718,43.060805],[-100.067616,43.0608],[-100.067617,43.057185]]],[[[-100.070879,43.652917],[-100.060926,43.652106],[-100.060927,43.659255],[-100.070883,43.659213],[-100.070879,43.652917]]],[[[-100.070895,43.572353],[-100.070853,43.565234],[-100.060903,43.565235],[-100.060912,43.572352],[-100.070895,43.572353]]],[[[-100.077388,43.415396],[-100.077356,43.408234],[-100.067442,43.408241],[-100.067472,43.415405],[-100.077388,43.415396]]],[[[-100.077421,43.42993],[-100.077391,43.422715],[-100.067469,43.422727],[-100.067488,43.429919],[-100.077421,43.42993]]],[[[-100.07747,43.035521],[-100.077468,43.028297],[-100.067621,43.028285],[-100.067645,43.035507],[-100.07747,43.035521]]],[[[-100.077479,43.075272],[-100.077477,43.068042],[-100.067614,43.06803],[-100.06761,43.075261],[-100.077479,43.075272]]],[[[-100.077497,43.104205],[-100.077491,43.096969],[-100.057742,43.096959],[-100.057744,43.104196],[-100.077497,43.104205]]],[[[-100.07752,43.201973],[-100.077524,43.198261],[-100.067613,43.198251],[-100.067617,43.205591],[-100.07752,43.201973]]],[[[-100.087339,43.068054],[-100.087333,43.060828],[-100.077474,43.060814],[-100.077477,43.068042],[-100.087339,43.068054]]],[[[-100.08737,43.096601],[-100.087365,43.089746],[-100.077487,43.089736],[-100.077491,43.096969],[-100.08737,43.096601]]],[[[-100.087407,43.125917],[-100.087391,43.11145],[-100.077504,43.111439],[-100.077516,43.125915],[-100.087407,43.125917]]],[[[-100.097199,43.400998],[-100.097179,43.379283],[-100.07733,43.386397],[-100.077352,43.400994],[-100.097199,43.400998]]],[[[-100.097302,43.215551],[-100.087393,43.212777],[-100.087416,43.220067],[-100.097293,43.220059],[-100.097302,43.215551]]],[[[-100.107155,43.09701],[-100.107151,43.089771],[-100.097249,43.089759],[-100.097254,43.096995],[-100.107155,43.09701]]],[[[-100.11056,43.685853],[-100.110492,43.666587],[-100.100694,43.666586],[-100.100593,43.688315],[-100.11056,43.685853]]],[[[-100.117148,43.451669],[-100.107263,43.444333],[-100.087477,43.444147],[-100.087432,43.458807],[-100.117148,43.451669]]],[[[-100.117153,43.50018],[-100.102234,43.495089],[-100.10064,43.507331],[-100.110578,43.507331],[-100.117153,43.50018]]],[[[-100.12041,43.634],[-100.100546,43.630383],[-100.090803,43.659343],[-100.120401,43.644868],[-100.12041,43.634]]],[[[-100.120586,43.529713],[-100.100627,43.529033],[-100.100613,43.550757],[-100.120485,43.543521],[-100.120586,43.529713]]],[[[-100.121951,43.013868],[-100.121961,43.010253],[-100.102174,43.010229],[-100.102174,43.013843],[-100.121951,43.013868]]],[[[-100.126197,43.479619],[-100.126212,43.473338],[-100.117168,43.473339],[-100.117161,43.480623],[-100.126197,43.479619]]],[[[-100.126921,43.089783],[-100.117014,43.075303],[-100.087339,43.068054],[-100.087365,43.089746],[-100.126921,43.089783]]],[[[-100.130433,43.547144],[-100.120485,43.543521],[-100.120481,43.565237],[-100.130417,43.565239],[-100.130433,43.547144]]],[[[-100.136263,43.381895],[-100.126407,43.379258],[-100.126388,43.38641],[-100.136248,43.386446],[-100.136263,43.381895]]],[[[-100.136879,43.082562],[-100.136865,43.075318],[-100.127057,43.075313],[-100.126977,43.082434],[-100.136879,43.082562]]],[[[-100.136906,43.154907],[-100.136864,43.140453],[-100.126955,43.140366],[-100.126966,43.154899],[-100.136906,43.154907]]],[[[-100.146298,43.330982],[-100.126536,43.328568],[-100.126492,43.335854],[-100.146276,43.343111],[-100.146298,43.330982]]],[[[-100.146738,43.212789],[-100.126887,43.212744],[-100.126824,43.220041],[-100.146738,43.220076],[-100.146738,43.212789]]],[[[-100.150239,43.618944],[-100.140279,43.615917],[-100.140283,43.623149],[-100.150238,43.623145],[-100.150239,43.618944]]],[[[-100.150242,43.606303],[-100.120426,43.594191],[-100.13041,43.572476],[-100.110521,43.572468],[-100.110492,43.612274],[-100.150242,43.606303]]],[[[-100.150334,43.694222],[-100.140332,43.673842],[-100.120446,43.673634],[-100.129294,43.701254],[-100.150334,43.694222]]],[[[-100.155938,43.500049],[-100.15593,43.495122],[-100.141004,43.495115],[-100.141011,43.500052],[-100.155938,43.500049]]],[[[-100.156639,43.075329],[-100.156632,43.068087],[-100.14669,43.068095],[-100.146667,43.07535],[-100.156639,43.075329]]],[[[-100.166219,43.288872],[-100.156332,43.28524],[-100.156316,43.292476],[-100.166212,43.29249],[-100.166219,43.288872]]],[[[-100.166383,43.241734],[-100.156486,43.227247],[-100.146583,43.227245],[-100.146526,43.241795],[-100.166383,43.241734]]],[[[-100.170131,43.605044],[-100.170132,43.601423],[-100.160192,43.601426],[-100.160195,43.608662],[-100.170131,43.605044]]],[[[-100.175798,43.482771],[-100.165914,43.480641],[-100.165964,43.487831],[-100.175796,43.487841],[-100.175798,43.482771]]],[[[-100.175938,43.372594],[-100.166119,43.37201],[-100.166065,43.38644],[-100.175907,43.386454],[-100.175938,43.372594]]],[[[-100.175995,43.339547],[-100.176013,43.335927],[-100.166154,43.335914],[-100.166144,43.343027],[-100.175995,43.339547]]],[[[-100.186139,43.300114],[-100.176119,43.299742],[-100.176089,43.306979],[-100.186123,43.306997],[-100.186139,43.300114]]],[[[-100.190004,43.601363],[-100.190013,43.586904],[-100.180133,43.586897],[-100.18016,43.601351],[-100.190004,43.601363]]],[[[-100.19004,43.503738],[-100.190067,43.500004],[-100.180187,43.500048],[-100.180191,43.507351],[-100.19004,43.503738]]],[[[-100.196215,43.147659],[-100.196203,43.140428],[-100.186309,43.140429],[-100.186314,43.147661],[-100.196215,43.147659]]],[[[-100.199952,43.677495],[-100.170144,43.673858],[-100.170243,43.705453],[-100.190065,43.70285],[-100.199952,43.677495]]],[[[-100.19995,43.510985],[-100.199962,43.507365],[-100.190033,43.507359],[-100.190016,43.514552],[-100.19995,43.510985]]],[[[-100.200083,43.615866],[-100.200078,43.608638],[-100.189996,43.608655],[-100.189991,43.615905],[-100.200083,43.615866]]],[[[-100.200085,43.62501],[-100.189991,43.615905],[-100.180167,43.615909],[-100.180056,43.630398],[-100.200085,43.62501]]],[[[-100.211024,43.198372],[-100.21105,43.191128],[-100.206101,43.191129],[-100.206076,43.198375],[-100.211024,43.198372]]],[[[-100.219557,43.663017],[-100.21956,43.659401],[-100.209861,43.659397],[-100.209887,43.666626],[-100.219557,43.663017]]],[[[-100.219623,43.63404],[-100.200085,43.630403],[-100.199984,43.644902],[-100.219598,43.644926],[-100.219623,43.63404]]],[[[-100.219637,43.688345],[-100.219572,43.677487],[-100.209928,43.677492],[-100.209945,43.681913],[-100.219637,43.688345]]],[[[-100.23421,43.448355],[-100.234149,43.433848],[-100.224144,43.433946],[-100.224178,43.448393],[-100.23421,43.448355]]],[[[-100.238117,43.710593],[-100.230859,43.710218],[-100.230854,43.713863],[-100.232232,43.713705],[-100.238117,43.710593]]],[[[-100.243924,43.397745],[-100.243894,43.390343],[-100.228999,43.394181],[-100.229011,43.397797],[-100.243924,43.397745]]],[[[-100.244612,43.706724],[-100.240682,43.706597],[-100.240682,43.708933],[-100.244053,43.706924],[-100.244612,43.706724]]],[[[-100.250658,43.677632],[-100.230933,43.674024],[-100.230919,43.68126],[-100.250658,43.681252],[-100.250658,43.677632]]],[[[-100.250672,43.69573],[-100.250665,43.688491],[-100.230904,43.688498],[-100.230889,43.695735],[-100.250672,43.69573]]],[[[-100.250674,43.655922],[-100.25068,43.651653],[-100.240687,43.651607],[-100.240682,43.659548],[-100.250674,43.655922]]],[[[-100.250821,43.546276],[-100.240666,43.543095],[-100.240666,43.550329],[-100.250627,43.550376],[-100.250821,43.546276]]],[[[-100.253965,43.412171],[-100.25391,43.397709],[-100.243924,43.397745],[-100.243975,43.412211],[-100.253965,43.412171]]],[[[-100.25402,43.426641],[-100.253992,43.419322],[-100.214248,43.419528],[-100.214141,43.426759],[-100.25402,43.426641]]],[[[-100.260637,43.668176],[-100.250738,43.666774],[-100.250659,43.674013],[-100.260633,43.673992],[-100.260637,43.668176]]],[[[-100.268823,43.415732],[-100.26881,43.412113],[-100.253965,43.412171],[-100.253992,43.419322],[-100.268823,43.415732]]],[[[-100.270622,43.663114],[-100.260646,43.659518],[-100.260639,43.666754],[-100.270619,43.666735],[-100.270622,43.663114]]],[[[-100.270627,43.651747],[-100.270588,43.637207],[-100.250663,43.637093],[-100.25068,43.651653],[-100.270627,43.651747]]],[[[-100.273749,43.404853],[-100.273689,43.390313],[-100.263719,43.39038],[-100.26382,43.404894],[-100.273749,43.404853]]],[[[-100.280833,43.66814],[-100.270619,43.666735],[-100.270624,43.673971],[-100.28065,43.67395],[-100.280833,43.66814]]],[[[-100.30553,43.706483],[-100.27559,43.681196],[-100.245684,43.702976],[-100.285063,43.696884],[-100.30553,43.706483]]],[[[-100.310587,43.66948],[-100.295524,43.64112],[-100.290585,43.655839],[-100.270627,43.651747],[-100.300546,43.681158],[-100.310587,43.66948]]],[[[-100.313695,43.404801],[-100.283611,43.390171],[-100.273775,43.412092],[-100.293813,43.419182],[-100.313695,43.404801]]],[[[-100.330134,43.485543],[-100.330132,43.478309],[-100.320194,43.478271],[-100.320203,43.485501],[-100.330134,43.485543]]],[[[-100.330284,43.586885],[-100.330269,43.579644],[-100.310494,43.579551],[-100.310407,43.58678],[-100.330284,43.586885]]],[[[-100.330338,43.615828],[-100.290456,43.572206],[-100.270522,43.572132],[-100.260518,43.597614],[-100.270587,43.608283],[-100.240668,43.62267],[-100.230692,43.608092],[-100.230981,43.629863],[-100.290367,43.63732],[-100.290596,43.615601],[-100.330338,43.615828]],[[-100.30052,43.593954],[-100.300582,43.601189],[-100.290495,43.601121],[-100.290486,43.593884],[-100.30052,43.593954]]],[[[-100.330478,43.710108],[-100.330453,43.695619],[-100.310518,43.688392],[-100.315514,43.710102],[-100.330478,43.710108]]],[[[-100.340275,43.601406],[-100.340255,43.594165],[-100.330298,43.594124],[-100.330314,43.601354],[-100.340275,43.601406]]],[[[-100.34042,43.692],[-100.34042,43.68838],[-100.330446,43.688375],[-100.330453,43.695619],[-100.34042,43.692]]],[[[-100.352405,43.422716],[-100.352405,43.419058],[-100.342463,43.419047],[-100.342465,43.426288],[-100.352405,43.422716]]],[[[-100.352462,43.396081],[-100.342605,43.389967],[-100.342525,43.40459],[-100.352436,43.404655],[-100.352462,43.396081]]],[[[-100.380213,43.637783],[-100.380205,43.630544],[-100.37028,43.630515],[-100.370281,43.637759],[-100.380213,43.637783]]],[[[-100.380237,43.659505],[-100.380234,43.652264],[-100.37035,43.652231],[-100.370374,43.659474],[-100.380237,43.659505]]],[[[-100.380261,43.525585],[-100.380262,43.521965],[-100.370332,43.521923],[-100.370337,43.529158],[-100.380261,43.525585]]],[[[-100.382215,43.41544],[-100.362349,43.411816],[-100.362367,43.426305],[-100.372278,43.426314],[-100.382215,43.41544]]],[[[-100.382249,43.478533],[-100.332591,43.426278],[-100.283807,43.440962],[-100.273803,43.41935],[-100.273889,43.455519],[-100.244075,43.455645],[-100.273896,43.469993],[-100.234187,43.47017],[-100.250614,43.478017],[-100.250614,43.499731],[-100.230663,43.506879],[-100.23091,43.52858],[-100.270665,43.514267],[-100.270618,43.535999],[-100.250781,43.53593],[-100.270542,43.550436],[-100.240655,43.564788],[-100.26057,43.572095],[-100.310356,43.550564],[-100.320317,43.56511],[-100.360319,43.565289],[-100.360313,43.550815],[-100.330244,43.550679],[-100.350373,43.529045],[-100.320265,43.528908],[-100.320253,43.514259],[-100.370332,43.521923],[-100.360348,43.507382],[-100.382249,43.478533]],[[-100.372408,43.474554],[-100.372268,43.478337],[-100.367295,43.47856],[-100.367347,43.473344],[-100.372408,43.474554]],[[-100.260562,43.514235],[-100.250614,43.514203],[-100.250614,43.506967],[-100.260444,43.507001],[-100.260562,43.514235]],[[-100.293866,43.440979],[-100.31363,43.440842],[-100.31368,43.455316],[-100.303741,43.455367],[-100.293866,43.440979]],[[-100.293988,43.466282],[-100.283859,43.462754],[-100.278868,43.455496],[-100.293903,43.455403],[-100.293988,43.466282]],[[-100.330232,43.543439],[-100.310344,43.543326],[-100.310333,43.536088],[-100.33022,43.5362],[-100.330232,43.543439]],[[-100.332612,43.433515],[-100.332408,43.455274],[-100.323618,43.455276],[-100.323544,43.433564],[-100.332612,43.433515]],[[-100.360348,43.507382],[-100.330219,43.492773],[-100.33024,43.506987],[-100.310285,43.50712],[-100.320203,43.485501],[-100.290378,43.485394],[-100.293988,43.466282],[-100.328609,43.462489],[-100.342515,43.478354],[-100.352434,43.462484],[-100.360348,43.507382]]],[[[-100.390197,43.652297],[-100.390187,43.637808],[-100.380213,43.637783],[-100.380234,43.652264],[-100.390197,43.652297]]],[[[-100.390219,43.584339],[-100.390189,43.579894],[-100.380181,43.579858],[-100.380179,43.587089],[-100.390219,43.584339]]],[[[-100.390235,43.539987],[-100.380261,43.536393],[-100.380254,43.543682],[-100.390232,43.543733],[-100.390235,43.539987]]],[[[-100.392145,43.440777],[-100.392144,43.43353],[-100.382223,43.433555],[-100.382197,43.440773],[-100.392145,43.440777]]],[[[-100.392188,43.390193],[-100.38227,43.390033],[-100.382249,43.397322],[-100.392171,43.397325],[-100.392188,43.390193]]],[[[-100.400101,43.616133],[-100.380165,43.608743],[-100.390178,43.594372],[-100.360332,43.583394],[-100.350317,43.615956],[-100.31052,43.630471],[-100.32058,43.688379],[-100.330414,43.666658],[-100.360323,43.681172],[-100.360327,43.695654],[-100.34042,43.69562],[-100.350346,43.71735],[-100.340075,43.717363],[-100.368306,43.739038],[-100.390209,43.721084],[-100.370272,43.721028],[-100.38025,43.702955],[-100.360295,43.644866],[-100.33043,43.63032],[-100.400101,43.616133]]],[[[-100.400168,43.500339],[-100.400159,43.49315],[-100.380254,43.493067],[-100.380259,43.507487],[-100.400168,43.500339]]],[[[-100.400503,43.703006],[-100.400533,43.695764],[-100.380249,43.695711],[-100.38025,43.702955],[-100.400503,43.703006]]],[[[-100.410046,43.608931],[-100.410031,43.594448],[-100.40008,43.594421],[-100.400082,43.608895],[-100.410046,43.608931]]],[[[-100.410227,43.537262],[-100.400186,43.536542],[-100.400188,43.543786],[-100.410221,43.54384],[-100.410227,43.537262]]],[[[-100.412081,43.451639],[-100.412082,43.448013],[-100.402109,43.444396],[-100.402119,43.455264],[-100.412081,43.451639]]],[[[-100.419985,43.580028],[-100.419984,43.572778],[-100.41011,43.572737],[-100.41008,43.579985],[-100.419985,43.580028]]],[[[-100.420018,43.561984],[-100.410214,43.551131],[-100.40019,43.551062],[-100.40011,43.565455],[-100.420018,43.561984]]],[[[-100.420028,43.623439],[-100.400101,43.616133],[-100.390173,43.630571],[-100.410097,43.637877],[-100.420028,43.623439]]],[[[-100.421898,43.397326],[-100.421885,43.390135],[-100.411993,43.390136],[-100.411993,43.397318],[-100.421898,43.397326]]],[[[-100.422017,43.469766],[-100.42201,43.462708],[-100.402293,43.462575],[-100.402129,43.469754],[-100.422017,43.469766]]],[[[-100.43005,43.551708],[-100.420087,43.551155],[-100.420042,43.558368],[-100.430034,43.558399],[-100.43005,43.551708]]],[[[-100.430112,43.681374],[-100.430102,43.674145],[-100.390204,43.666743],[-100.400533,43.695764],[-100.430112,43.681374]]],[[[-100.43199,43.478505],[-100.431955,43.473389],[-100.422017,43.469766],[-100.422026,43.478716],[-100.43199,43.478505]]],[[[-100.439897,43.594568],[-100.43989,43.580103],[-100.429925,43.580053],[-100.429937,43.594523],[-100.439897,43.594568]]],[[[-100.445161,43.717603],[-100.445153,43.713981],[-100.440165,43.713967],[-100.440173,43.717588],[-100.445161,43.717603]]],[[[-100.449933,43.638005],[-100.449926,43.634389],[-100.444944,43.634375],[-100.444949,43.638005],[-100.449933,43.638005]]],[[[-100.451784,43.478861],[-100.451815,43.473313],[-100.441885,43.46973],[-100.441978,43.478887],[-100.451784,43.478861]]],[[[-100.470211,43.609256],[-100.44989,43.609078],[-100.449898,43.616309],[-100.470188,43.61638],[-100.470211,43.609256]]],[[[-100.470295,43.63083],[-100.470288,43.623605],[-100.449907,43.623541],[-100.44992,43.630773],[-100.470295,43.63083]]],[[[-100.470311,43.65246],[-100.470304,43.638055],[-100.449933,43.638005],[-100.449962,43.652458],[-100.470311,43.65246]]],[[[-100.470463,43.495817],[-100.470472,43.495451],[-100.468959,43.495449],[-100.468959,43.495814],[-100.470463,43.495817]]],[[[-100.47518,43.50069],[-100.475174,43.500206],[-100.472694,43.500204],[-100.472698,43.500688],[-100.47518,43.50069]]],[[[-100.480136,43.488559],[-100.470323,43.486178],[-100.470211,43.493478],[-100.480136,43.493445],[-100.480136,43.488559]]],[[[-100.480242,43.60915],[-100.480236,43.601924],[-100.470235,43.601933],[-100.470211,43.609157],[-100.480242,43.60915]]],[[[-100.491752,43.455328],[-100.491726,43.448067],[-100.471822,43.440811],[-100.47184,43.455287],[-100.491752,43.455328]]],[[[-100.491755,43.471964],[-100.47185,43.469783],[-100.471847,43.477021],[-100.49174,43.477047],[-100.491755,43.471964]]],[[[-100.511387,43.3974],[-100.461725,43.390138],[-100.47183,43.397368],[-100.461814,43.411827],[-100.491593,43.419099],[-100.511387,43.3974]]],[[[-100.519954,43.562136],[-100.519965,43.558515],[-100.509983,43.558542],[-100.510004,43.565723],[-100.519954,43.562136]]],[[[-100.519981,43.544033],[-100.509986,43.529588],[-100.490076,43.536854],[-100.490081,43.544105],[-100.519981,43.544033]]],[[[-100.521471,43.448095],[-100.521445,43.440856],[-100.511531,43.444474],[-100.511542,43.448096],[-100.521471,43.448095]]],[[[-100.524922,43.511451],[-100.509954,43.4934],[-100.490182,43.500699],[-100.490179,43.515162],[-100.524922,43.511451]]],[[[-100.530032,43.638066],[-100.530026,43.630832],[-100.51015,43.623643],[-100.510088,43.638123],[-100.530032,43.638066]]],[[[-100.530111,43.710445],[-100.530095,43.703143],[-100.510264,43.703155],[-100.510264,43.710383],[-100.530111,43.710445]]],[[[-100.531358,43.404895],[-100.521332,43.40473],[-100.521353,43.411905],[-100.531173,43.41192],[-100.531358,43.404895]]],[[[-100.531511,43.462674],[-100.531405,43.455331],[-100.521504,43.455331],[-100.52154,43.46267],[-100.531511,43.462674]]],[[[-100.539981,43.623533],[-100.539972,43.616342],[-100.529985,43.616362],[-100.530094,43.623534],[-100.539981,43.623533]]],[[[-100.540037,43.67413],[-100.540031,43.66694],[-100.530072,43.666949],[-100.530111,43.674138],[-100.540037,43.67413]]],[[[-100.549694,43.540831],[-100.529965,43.536806],[-100.519965,43.558515],[-100.529927,43.558488],[-100.549694,43.540831]]],[[[-100.54986,43.593484],[-100.549461,43.573031],[-100.480126,43.572985],[-100.47038,43.536935],[-100.490076,43.536854],[-100.490134,43.522406],[-100.450076,43.529544],[-100.450016,43.515074],[-100.429999,43.51497],[-100.429978,43.493306],[-100.380261,43.514726],[-100.440052,43.5295],[-100.420084,43.543877],[-100.459922,43.544054],[-100.4499,43.558495],[-100.470286,43.580285],[-100.449857,43.580212],[-100.449874,43.601846],[-100.54986,43.593484]],[[-100.529943,43.585864],[-100.510042,43.58745],[-100.510033,43.580208],[-100.529935,43.580179],[-100.529943,43.585864]]],[[[-100.549977,43.652362],[-100.539982,43.638051],[-100.530032,43.638066],[-100.530066,43.65239],[-100.549977,43.652362]]],[[[-100.551182,43.426407],[-100.55117,43.422789],[-100.541239,43.422784],[-100.541251,43.426401],[-100.551182,43.426407]]],[[[-100.559735,43.554801],[-100.539942,43.551226],[-100.539853,43.565697],[-100.54977,43.565653],[-100.559735,43.554801]]],[[[-100.559898,43.627156],[-100.5599,43.623501],[-100.549823,43.623517],[-100.549937,43.630795],[-100.559898,43.627156]]],[[[-100.560041,43.709904],[-100.540061,43.703128],[-100.530029,43.717618],[-100.490231,43.72487],[-100.490218,43.737201],[-100.560041,43.709904]]],[[[-100.569832,43.61632],[-100.569754,43.594562],[-100.539962,43.609106],[-100.539972,43.616342],[-100.569832,43.61632]]],[[[-100.569972,43.691729],[-100.550014,43.688653],[-100.559981,43.674101],[-100.510177,43.681363],[-100.510132,43.666976],[-100.490229,43.674228],[-100.410125,43.652456],[-100.410131,43.666835],[-100.440049,43.666914],[-100.44009,43.68139],[-100.420156,43.695816],[-100.410069,43.733463],[-100.430129,43.710321],[-100.490231,43.72487],[-100.480306,43.710382],[-100.500219,43.695912],[-100.480305,43.695819],[-100.4803,43.681489],[-100.560104,43.703102],[-100.569972,43.691729]]],[[[-100.57314,43.41917],[-100.566034,43.415551],[-100.561092,43.422788],[-100.573133,43.422788],[-100.57314,43.41917]]],[[[-100.583116,43.393794],[-100.551078,43.390185],[-100.541188,43.404705],[-100.573168,43.404694],[-100.583116,43.393794]]],[[[-100.59019,43.47957],[-100.569587,43.493311],[-100.569576,43.478838],[-100.519887,43.478895],[-100.519927,43.493371],[-100.559646,43.48609],[-100.579568,43.507757],[-100.59019,43.47957]]],[[[-100.59029,43.724749],[-100.590289,43.717556],[-100.579972,43.717564],[-100.579947,43.724811],[-100.59029,43.724749]]],[[[-100.590463,43.7678],[-100.584971,43.739276],[-100.530116,43.732085],[-100.561003,43.741163],[-100.553546,43.756066],[-100.590463,43.7678]]],[[[-100.600233,43.68599],[-100.59049,43.681589],[-100.579968,43.695848],[-100.600232,43.695755],[-100.600233,43.68599]]],[[[-100.600258,43.652359],[-100.600254,43.645117],[-100.569924,43.645222],[-100.569936,43.652418],[-100.600258,43.652359]]],[[[-100.602882,43.451488],[-100.592991,43.447959],[-100.592933,43.455168],[-100.602877,43.455093],[-100.602882,43.451488]]],[[[-100.610244,43.710404],[-100.600246,43.703001],[-100.569908,43.703095],[-100.569994,43.71757],[-100.610244,43.710404]]],[[[-100.612978,43.430288],[-100.551193,43.430025],[-100.531399,43.448093],[-100.551251,43.44812],[-100.551362,43.476999],[-100.602866,43.476738],[-100.583025,43.448034],[-100.561271,43.462648],[-100.561245,43.437261],[-100.612855,43.440591],[-100.612978,43.430288]]],[[[-100.620265,43.724641],[-100.600272,43.717492],[-100.590293,43.739283],[-100.600326,43.739292],[-100.620265,43.724641]]],[[[-100.622754,43.415296],[-100.612815,43.397287],[-100.59311,43.390131],[-100.593144,43.419051],[-100.622754,43.415296]]],[[[-100.629873,43.50763],[-100.629872,43.500406],[-100.619977,43.500429],[-100.619956,43.507713],[-100.629873,43.50763]]],[[[-100.62987,43.493182],[-100.600119,43.486024],[-100.59018,43.500517],[-100.619977,43.500429],[-100.62987,43.493182]]],[[[-100.630045,43.702808],[-100.629599,43.695557],[-100.610284,43.695677],[-100.610264,43.702921],[-100.630045,43.702808]]],[[[-100.632652,43.440511],[-100.632649,43.433297],[-100.622738,43.433336],[-100.622735,43.440552],[-100.632652,43.440511]]],[[[-100.632696,43.393611],[-100.622792,43.390068],[-100.622767,43.404472],[-100.632677,43.404445],[-100.632696,43.393611]]],[[[-100.639826,43.482311],[-100.629916,43.478779],[-100.629888,43.485951],[-100.639822,43.485925],[-100.639826,43.482311]]],[[[-100.647558,43.424055],[-100.647554,43.418781],[-100.637625,43.418844],[-100.63762,43.426056],[-100.647558,43.424055]]],[[[-100.652547,43.469231],[-100.652544,43.461999],[-100.642595,43.462062],[-100.642606,43.469293],[-100.652547,43.469231]]],[[[-100.669616,43.514769],[-100.669607,43.507537],[-100.659683,43.507564],[-100.659689,43.5148],[-100.669616,43.514769]]],[[[-100.669661,43.550933],[-100.669656,43.543704],[-100.659715,43.543727],[-100.659724,43.550956],[-100.669661,43.550933]]],[[[-100.679661,43.572562],[-100.679633,43.565351],[-100.659748,43.565419],[-100.659778,43.572634],[-100.679661,43.572562]]],[[[-100.68229,43.469051],[-100.67237,43.433074],[-100.632652,43.440511],[-100.642592,43.458462],[-100.68229,43.469051]]],[[[-100.686085,43.630332],[-100.682912,43.623053],[-100.679702,43.623061],[-100.679772,43.630342],[-100.686085,43.630332]]],[[[-100.689487,43.518305],[-100.679553,43.51473],[-100.679555,43.521961],[-100.689484,43.52192],[-100.689487,43.518305]]],[[[-100.689568,43.557981],[-100.68954,43.543614],[-100.669661,43.550933],[-100.669681,43.558112],[-100.689568,43.557981]]],[[[-100.689802,43.623067],[-100.689727,43.618433],[-100.6839,43.623047],[-100.689386,43.623057],[-100.689802,43.623067]]],[[[-100.700892,43.447649],[-100.690876,43.447383],[-100.690964,43.454588],[-100.700881,43.454588],[-100.700892,43.447649]]],[[[-100.700921,43.404164],[-100.7009,43.38978],[-100.652529,43.397124],[-100.652523,43.404326],[-100.700921,43.404164]]],[[[-100.71025,43.651509],[-100.710247,43.637513],[-100.669905,43.637614],[-100.649926,43.608756],[-100.630078,43.630528],[-100.579823,43.623484],[-100.630085,43.63776],[-100.6301,43.652216],[-100.71025,43.651509]]],[[[-100.710725,43.472227],[-100.649764,43.47873],[-100.64976,43.493127],[-100.669596,43.500307],[-100.669581,43.485851],[-100.710725,43.472227]]],[[[-100.720244,43.547122],[-100.69949,43.543579],[-100.699499,43.550811],[-100.710274,43.550769],[-100.720244,43.547122]]],[[[-100.732675,43.525404],[-100.732675,43.5245],[-100.731431,43.524503],[-100.731431,43.525407],[-100.732675,43.525404]]],[[[-100.740119,43.507313],[-100.74011,43.500082],[-100.730162,43.500106],[-100.730168,43.50733],[-100.740119,43.507313]]],[[[-100.740142,43.666295],[-100.740141,43.644647],[-100.720215,43.651932],[-100.720208,43.666385],[-100.740142,43.666295]]],[[[-100.740206,43.572217],[-100.730122,43.565121],[-100.730192,43.579618],[-100.740141,43.57958],[-100.740206,43.572217]]],[[[-100.750091,43.594],[-100.75009,43.586772],[-100.740139,43.586807],[-100.740138,43.594033],[-100.750091,43.594]]],[[[-100.750103,43.640995],[-100.740202,43.637412],[-100.740141,43.644647],[-100.750101,43.644613],[-100.750103,43.640995]]],[[[-100.759975,43.500015],[-100.759961,43.492783],[-100.750069,43.49282],[-100.750246,43.500006],[-100.759975,43.500015]]],[[[-100.760027,43.5795],[-100.758784,43.574855],[-100.755042,43.57484],[-100.755058,43.579521],[-100.760027,43.5795]]],[[[-100.760093,43.680659],[-100.740142,43.666295],[-100.660115,43.702717],[-100.66997,43.67377],[-100.650059,43.680503],[-100.6301,43.652216],[-100.590308,43.659645],[-100.5903,43.674095],[-100.610168,43.674016],[-100.605526,43.688295],[-100.650058,43.69552],[-100.620163,43.710173],[-100.646105,43.739257],[-100.679332,43.711643],[-100.696731,43.724799],[-100.722718,43.711422],[-100.726437,43.721159],[-100.73798,43.720698],[-100.730179,43.702465],[-100.750122,43.695168],[-100.760093,43.680659]],[[-100.725204,43.695201],[-100.725199,43.698883],[-100.720219,43.698912],[-100.720215,43.695226],[-100.725204,43.695201]],[[-100.630075,43.677548],[-100.63006,43.684342],[-100.625086,43.684787],[-100.6251,43.677568],[-100.630075,43.677548]],[[-100.699974,43.695391],[-100.710252,43.695276],[-100.710253,43.702592],[-100.69999,43.702623],[-100.699974,43.695391]],[[-100.740151,43.695206],[-100.73018,43.695243],[-100.730173,43.688022],[-100.740149,43.687979],[-100.740151,43.695206]],[[-100.69999,43.702623],[-100.699998,43.706242],[-100.690066,43.706264],[-100.690052,43.702651],[-100.69999,43.702623]]],[[[-100.770025,43.607809],[-100.769976,43.593923],[-100.720227,43.601338],[-100.710273,43.586925],[-100.684716,43.619454],[-100.699029,43.614829],[-100.720222,43.615831],[-100.720228,43.604953],[-100.770025,43.607809]]],[[[-100.778119,43.724278],[-100.760095,43.724059],[-100.760112,43.705979],[-100.741712,43.731387],[-100.760556,43.739342],[-100.778119,43.724278]]],[[[-100.77998,43.651577],[-100.779976,43.644488],[-100.770054,43.644514],[-100.770069,43.651578],[-100.77998,43.651577]]],[[[-100.780308,43.465494],[-100.760449,43.461873],[-100.760442,43.476323],[-100.770374,43.476338],[-100.780308,43.465494]]],[[[-100.785871,43.728168],[-100.77737,43.728529],[-100.775321,43.729527],[-100.778745,43.731577],[-100.785871,43.728168]]],[[[-100.789923,43.620308],[-100.750097,43.62292],[-100.7501,43.637298],[-100.78991,43.637229],[-100.789923,43.620308]],[[-100.770008,43.622811],[-100.779968,43.622788],[-100.779974,43.630025],[-100.770026,43.630044],[-100.770008,43.622811]]],[[[-100.789929,43.514276],[-100.779888,43.507081],[-100.76001,43.521698],[-100.779894,43.536062],[-100.789929,43.514276]]],[[[-100.79003,43.71882],[-100.78007,43.716739],[-100.780076,43.724005],[-100.790029,43.725613],[-100.79003,43.71882]]],[[[-100.79025,43.393307],[-100.73073,43.38974],[-100.71085,43.396959],[-100.720762,43.418579],[-100.672369,43.425871],[-100.700899,43.440178],[-100.705876,43.425778],[-100.730659,43.425788],[-100.710807,43.447377],[-100.750519,43.454662],[-100.79025,43.393307]],[[-100.760453,43.433017],[-100.760452,43.436626],[-100.750525,43.436633],[-100.750527,43.433027],[-100.760453,43.433017]],[[-100.730682,43.410464],[-100.73068,43.411366],[-100.729442,43.411366],[-100.729443,43.410465],[-100.730682,43.410464]],[[-100.720776,43.404162],[-100.720775,43.405063],[-100.720156,43.405064],[-100.720157,43.404163],[-100.720776,43.404162]],[[-100.730636,43.447363],[-100.730644,43.440203],[-100.740613,43.44022],[-100.740616,43.447366],[-100.730636,43.447363]],[[-100.730712,43.39695],[-100.740645,43.396943],[-100.740632,43.404153],[-100.730694,43.404154],[-100.730712,43.39695]],[[-100.770398,43.418546],[-100.750547,43.418591],[-100.75057,43.404152],[-100.770413,43.404108],[-100.770398,43.418546]],[[-100.750527,43.433027],[-100.740589,43.433012],[-100.740598,43.425799],[-100.750537,43.425809],[-100.750527,43.433027]]],[[[-100.795199,43.414968],[-100.795198,43.411359],[-100.790236,43.411348],[-100.790237,43.414957],[-100.795199,43.414968]]],[[[-100.808958,43.396923],[-100.808941,43.389665],[-100.800184,43.389665],[-100.800168,43.39692],[-100.808958,43.396923]]],[[[-100.80902,43.433045],[-100.805125,43.41499],[-100.780318,43.418556],[-100.780316,43.433007],[-100.80902,43.433045]]],[[[-100.809107,43.476388],[-100.809082,43.461878],[-100.780306,43.469111],[-100.780303,43.47635],[-100.809107,43.476388]]],[[[-100.809604,43.489959],[-100.809462,43.478111],[-100.750508,43.478358],[-100.750517,43.461873],[-100.710799,43.454588],[-100.710784,43.469038],[-100.740317,43.476373],[-100.71028,43.478521],[-100.710288,43.50743],[-100.750071,43.48559],[-100.769875,43.485511],[-100.75999,43.507174],[-100.779888,43.507081],[-100.77999,43.485464],[-100.809604,43.489959]]],[[[-100.819599,43.514247],[-100.819579,43.507014],[-100.809643,43.507038],[-100.809657,43.514272],[-100.819599,43.514247]]],[[[-100.81977,43.623119],[-100.809803,43.622649],[-100.8098,43.629873],[-100.819759,43.629844],[-100.81977,43.623119]]],[[[-100.819801,43.647911],[-100.799879,43.644396],[-100.799899,43.651608],[-100.80984,43.64795],[-100.819801,43.647911]]],[[[-100.819836,43.658741],[-100.81982,43.651528],[-100.809855,43.651568],[-100.809865,43.658781],[-100.819836,43.658741]]],[[[-100.819864,43.69123],[-100.790011,43.687752],[-100.78998,43.666067],[-100.760093,43.680659],[-100.770084,43.695076],[-100.819864,43.69123]]],[[[-100.819989,43.752643],[-100.819957,43.745405],[-100.809959,43.745403],[-100.809971,43.752641],[-100.819989,43.752643]]],[[[-100.823978,43.465532],[-100.823974,43.46192],[-100.81901,43.461922],[-100.819014,43.465535],[-100.823978,43.465532]]],[[[-100.828906,43.447492],[-100.81895,43.43304],[-100.800179,43.454686],[-100.818994,43.454706],[-100.828906,43.447492]]],[[[-100.830152,43.709196],[-100.83015,43.702038],[-100.819884,43.70207],[-100.819909,43.709249],[-100.830152,43.709196]]],[[[-100.83018,43.604515],[-100.809787,43.600968],[-100.809794,43.608193],[-100.830175,43.608132],[-100.83018,43.604515]]],[[[-100.830208,43.579234],[-100.830187,43.564799],[-100.77981,43.572121],[-100.799799,43.55043],[-100.737651,43.521779],[-100.689484,43.52192],[-100.750089,43.55063],[-100.750099,43.572319],[-100.765017,43.572255],[-100.75506,43.586751],[-100.830208,43.579234]],[[-100.750092,43.539804],[-100.750091,43.543413],[-100.740136,43.543445],[-100.740138,43.539834],[-100.750092,43.539804]],[[-100.750089,43.55063],[-100.750089,43.54702],[-100.769953,43.546947],[-100.769959,43.55056],[-100.750089,43.55063]],[[-100.765017,43.572255],[-100.765141,43.568645],[-100.769949,43.568622],[-100.769954,43.572234],[-100.765017,43.572255]]],[[[-100.830211,43.492955],[-100.809619,43.492572],[-100.809631,43.499805],[-100.830179,43.506991],[-100.830211,43.492955]]],[[[-100.838731,43.40414],[-100.838696,43.389638],[-100.805125,43.400538],[-100.808999,43.418612],[-100.838731,43.40414]]],[[[-100.838871,43.461919],[-100.838854,43.454702],[-100.828922,43.454704],[-100.828938,43.461917],[-100.838871,43.461919]]],[[[-100.838887,43.477847],[-100.838878,43.469148],[-100.814059,43.469151],[-100.819539,43.485305],[-100.838887,43.477847]]],[[[-100.845109,43.564762],[-100.845103,43.561153],[-100.840129,43.561161],[-100.840132,43.564773],[-100.845109,43.564762]]],[[[-100.848787,43.454699],[-100.848771,43.447477],[-100.838838,43.447485],[-100.838854,43.454702],[-100.848787,43.454699]]],[[[-100.850099,43.644248],[-100.850073,43.637014],[-100.819746,43.637064],[-100.819783,43.644294],[-100.850099,43.644248]]],[[[-100.850103,43.723751],[-100.850001,43.709277],[-100.840127,43.709268],[-100.84012,43.723732],[-100.850103,43.723751]]],[[[-100.868509,43.404119],[-100.858534,43.389593],[-100.848608,43.389609],[-100.848641,43.404127],[-100.868509,43.404119]]],[[[-100.86993,43.691256],[-100.869894,43.687637],[-100.865064,43.687629],[-100.865065,43.691243],[-100.86993,43.691256]]],[[[-100.869943,43.700711],[-100.850069,43.694845],[-100.850001,43.709277],[-100.860078,43.709286],[-100.869943,43.700711]]],[[[-100.870051,43.651495],[-100.870026,43.637027],[-100.859927,43.637019],[-100.860142,43.651012],[-100.870051,43.651495]]]]},"properties":{"GEOID":"3235T","TRIBE_NAME":"RosebudSiouxTribeoftheRosebudIndianReservation,SouthDakota"}},{"type":"Feature","id":85,"geometry":{"type":"MultiPolygon","coordinates":[[[[-122.939642,47.198837],[-122.939636,47.195642],[-122.935781,47.195685],[-122.935836,47.198887],[-122.939642,47.198837]]],[[[-123.075005,47.123754],[-123.073979,47.117045],[-123.066313,47.120999],[-123.067873,47.128188],[-123.075005,47.123754]]],[[[-123.099968,47.126223],[-123.097867,47.125935],[-123.096889,47.131503],[-123.099547,47.128528],[-123.099968,47.126223]]],[[[-123.10987,47.127852],[-123.10308,47.125784],[-123.097724,47.134221],[-123.10307,47.134191],[-123.10987,47.127852]]],[[[-123.115837,47.114068],[-123.102511,47.113323],[-123.100743,47.125474],[-123.114354,47.123665],[-123.115837,47.114068]]]]},"properties":{"GEOID":"3955T","TRIBE_NAME":"SquaxinIslandTribeoftheSquaxinIslandReservation"}},{"type":"Feature","id":86,"geometry":{"type":"MultiPolygon","coordinates":[[[[-95.302339,47.165791],[-95.302339,47.16163],[-95.297218,47.16163],[-95.2972,47.165791],[-95.302339,47.165791]]],[[[-95.31304,47.180738],[-95.31304,47.177156],[-95.307985,47.177156],[-95.307985,47.184174],[-95.31304,47.180738]]],[[[-95.317271,47.245078],[-95.307753,47.234883],[-95.297246,47.238401],[-95.29692,47.245429],[-95.317271,47.245078]]],[[[-95.31879,47.155794],[-95.307825,47.151674],[-95.302757,47.158375],[-95.318731,47.158422],[-95.31879,47.155794]]],[[[-95.323581,47.18361],[-95.323581,47.180724],[-95.318311,47.180731],[-95.318311,47.184101],[-95.323581,47.18361]]],[[[-95.329193,47.266911],[-95.329193,47.263493],[-95.323814,47.263493],[-95.323814,47.266911],[-95.329193,47.266911]]],[[[-95.33423,47.184245],[-95.334228,47.180733],[-95.328847,47.180725],[-95.328849,47.184245],[-95.33423,47.184245]]],[[[-95.339981,47.296013],[-95.339992,47.292431],[-95.32759,47.292391],[-95.32759,47.296029],[-95.339981,47.296013]]],[[[-95.3446,47.213312],[-95.34449,47.209353],[-95.33862,47.209377],[-95.338591,47.213513],[-95.3446,47.213312]]],[[[-95.349376,47.28529],[-95.349376,47.281757],[-95.344004,47.281759],[-95.344004,47.28529],[-95.349376,47.28529]]],[[[-95.350523,47.219977],[-95.350515,47.216488],[-95.344603,47.216489],[-95.344616,47.220444],[-95.350523,47.219977]]],[[[-95.354324,47.177351],[-95.354274,47.173555],[-95.349737,47.173554],[-95.349913,47.177354],[-95.354324,47.177351]]],[[[-95.354876,47.236373],[-95.350273,47.23526],[-95.350273,47.238642],[-95.354876,47.238648],[-95.354876,47.236373]]],[[[-95.35873,47.180763],[-95.35873,47.177351],[-95.354324,47.177351],[-95.354369,47.180773],[-95.35873,47.180763]]],[[[-95.360608,47.290266],[-95.355769,47.288888],[-95.355792,47.292489],[-95.360605,47.292486],[-95.360608,47.290266]]],[[[-95.361006,47.340509],[-95.361002,47.337045],[-95.355651,47.337045],[-95.355651,47.340511],[-95.361006,47.340509]]],[[[-95.364321,47.20373],[-95.364306,47.195157],[-95.338842,47.195118],[-95.338719,47.202438],[-95.364321,47.20373]]],[[[-95.376194,47.228026],[-95.376193,47.224182],[-95.371021,47.224183],[-95.371021,47.228026],[-95.376194,47.228026]]],[[[-95.376955,47.260047],[-95.376944,47.256519],[-95.372342,47.25653],[-95.372329,47.260083],[-95.376955,47.260047]]],[[[-95.377575,47.274525],[-95.377498,47.270716],[-95.372593,47.27077],[-95.372566,47.274532],[-95.377575,47.274525]]],[[[-95.382157,47.228891],[-95.376194,47.228026],[-95.376196,47.232385],[-95.382128,47.232325],[-95.382157,47.228891]]],[[[-95.382267,47.245596],[-95.382253,47.243151],[-95.377953,47.242935],[-95.377555,47.245591],[-95.382267,47.245596]]],[[[-95.38248,47.249569],[-95.372752,47.249039],[-95.372764,47.252464],[-95.382329,47.252738],[-95.38248,47.249569]]],[[[-95.387823,47.264331],[-95.387795,47.256502],[-95.382343,47.256496],[-95.382457,47.264372],[-95.387823,47.264331]]],[[[-95.393261,47.22744],[-95.393261,47.224251],[-95.38783,47.224251],[-95.387817,47.228026],[-95.393261,47.22744]]],[[[-95.393945,47.165717],[-95.393944,47.16192],[-95.387842,47.161919],[-95.387841,47.165716],[-95.393945,47.165717]]],[[[-95.399875,47.155037],[-95.399875,47.15113],[-95.387839,47.151239],[-95.38784,47.155037],[-95.399875,47.155037]]],[[[-95.399874,47.161921],[-95.399878,47.158125],[-95.39394,47.158121],[-95.393944,47.16192],[-95.399874,47.161921]]],[[[-95.403668,47.236045],[-95.398325,47.234757],[-95.398326,47.238532],[-95.403668,47.238462],[-95.403668,47.236045]]],[[[-95.408924,47.256536],[-95.40894,47.252828],[-95.398342,47.252937],[-95.398326,47.256496],[-95.408924,47.256536]]],[[[-95.419821,47.303599],[-95.419821,47.300125],[-95.414542,47.300125],[-95.414542,47.303556],[-95.419821,47.303599]]],[[[-95.419896,47.281283],[-95.419795,47.278389],[-95.41542,47.278287],[-95.415456,47.28128],[-95.419896,47.281283]]],[[[-95.424519,47.241981],[-95.424457,47.238431],[-95.419698,47.238557],[-95.419684,47.241981],[-95.424519,47.241981]]],[[[-95.424703,47.249296],[-95.424412,47.245509],[-95.414079,47.245473],[-95.414073,47.25275],[-95.424703,47.249296]]],[[[-95.424788,47.264356],[-95.424757,47.256496],[-95.419668,47.256497],[-95.419668,47.264357],[-95.424788,47.264356]]],[[[-95.424834,47.292811],[-95.424831,47.289444],[-95.4199,47.289445],[-95.419901,47.292868],[-95.424834,47.292811]]]]},"properties":{"GEOID":"4595T","TRIBE_NAME":"MinnesotaChippewaTribe,Minnesota(WhiteEarthBand)"}},{"type":"Feature","id":87,"geometry":{"type":"MultiPolygon","coordinates":[[[[-88.964139,45.487139],[-88.958845,45.486708],[-88.953775,45.493781],[-88.959546,45.493741],[-88.964139,45.487139]]],[[[-88.980098,45.482834],[-88.973204,45.480042],[-88.964012,45.479743],[-88.963862,45.483323],[-88.980098,45.482834]]],[[[-89.014661,45.503631],[-88.963641,45.501602],[-88.963446,45.505002],[-89.009267,45.519114],[-89.014661,45.503631]]]]},"properties":{"GEOID":"3885T","TRIBE_NAME":"SokaogonChippewaCommunity,Wisconsin"}},{"type":"Feature","id":88,"geometry":{"type":"Polygon","coordinates":[[[-116.709378,32.860039],[-116.702511,32.856517],[-116.70282,32.865493],[-116.704772,32.860158],[-116.709378,32.860039]]]},"properties":{"GEOID":"4500T","TRIBE_NAME":"CapitanGrandeBandofDieguenoMissionIndiansofCalifornia:Viejas(BaronLong)GroupofCapitanGrandeBandofMissionIndiansoftheViejasReservation,California"}},{"type":"Feature","id":89,"geometry":{"type":"MultiPolygon","coordinates":[[[[-117.616097,47.650513],[-117.616069,47.643124],[-117.603836,47.644136],[-117.60388,47.650406],[-117.616097,47.650513]]],[[[-117.71533,48.23853],[-117.71066,48.237424],[-117.710642,48.245759],[-117.715298,48.245759],[-117.71533,48.23853]]],[[[-117.719305,48.245807],[-117.719332,48.237492],[-117.715382,48.237481],[-117.715375,48.245831],[-117.719305,48.245807]]]]},"properties":{"GEOID":"3940T","TRIBE_NAME":"SpokaneTribeoftheSpokaneReservation"}},{"type":"Feature","id":90,"geometry":{"type":"MultiPolygon","coordinates":[[[[-105.835162,35.807709],[-105.835088,35.800921],[-105.826078,35.800973],[-105.826307,35.808192],[-105.835162,35.807709]]],[[[-105.839083,35.786066],[-105.834499,35.775522],[-105.830555,35.775476],[-105.830766,35.786061],[-105.839083,35.786066]]]]},"properties":{"GEOID":"4170T","TRIBE_NAME":"PuebloofTesuque,NewMexico"}},{"type":"Feature","id":91,"geometry":{"type":"Polygon","coordinates":[[[-112.719819,32.96736],[-112.719727,32.960227],[-112.717625,32.960156],[-112.717619,32.967381],[-112.719819,32.96736]]]},"properties":{"GEOID":"4200T","TRIBE_NAME":"TohonoO'odhamNationofArizona"}},{"type":"Feature","id":92,"geometry":{"type":"MultiPolygon","coordinates":[[[[-84.318034,46.470066],[-84.316262,46.466398],[-84.311487,46.466415],[-84.311487,46.470066],[-84.318034,46.470066]]],[[[-84.322151,46.466061],[-84.322282,46.462876],[-84.316049,46.46468],[-84.316049,46.466062],[-84.322151,46.466061]]],[[[-84.328086,46.475664],[-84.321859,46.47394],[-84.321798,46.477329],[-84.328153,46.477693],[-84.328086,46.475664]]],[[[-84.437081,46.049655],[-84.425966,46.049915],[-84.425775,46.057101],[-84.436536,46.057238],[-84.437081,46.049655]]],[[[-84.450799,46.271137],[-84.450978,46.270761],[-84.449951,46.271029],[-84.450799,46.271137]]],[[[-84.451201,46.271506],[-84.450799,46.271137],[-84.45063,46.271531],[-84.451166,46.271604],[-84.451201,46.271506]]],[[[-84.45216,46.27131],[-84.452338,46.270989],[-84.451261,46.271086],[-84.451624,46.271613],[-84.45216,46.27131]]],[[[-84.453243,46.264633],[-84.453467,46.264252],[-84.451966,46.264196],[-84.452515,46.264412],[-84.453243,46.264633]]],[[[-84.453528,46.271085],[-84.452833,46.27086],[-84.452174,46.27227],[-84.45325,46.272159],[-84.453528,46.271085]]],[[[-84.453871,46.274966],[-84.45396,46.274656],[-84.453627,46.274555],[-84.453426,46.274993],[-84.453871,46.274966]]],[[[-84.454548,46.274169],[-84.453917,46.274159],[-84.45406,46.274688],[-84.454325,46.274773],[-84.454548,46.274169]]],[[[-84.45447,46.278408],[-84.451571,46.27679],[-84.454127,46.273599],[-84.451556,46.272408],[-84.451497,46.274252],[-84.45047,46.274642],[-84.451266,46.273524],[-84.451121,46.272314],[-84.448826,46.270324],[-84.453106,46.270358],[-84.447184,46.267393],[-84.452762,46.267492],[-84.453678,46.264772],[-84.446726,46.262809],[-84.446679,46.278856],[-84.45447,46.278408]],[[-84.451308,46.275269],[-84.451606,46.275503],[-84.450909,46.275664],[-84.450832,46.275305],[-84.451308,46.275269]],[[-84.451287,46.264865],[-84.45035,46.266086],[-84.449659,46.265894],[-84.450573,46.264455],[-84.451287,46.264865]],[[-84.450269,46.275204],[-84.45034,46.275476],[-84.449669,46.275411],[-84.450019,46.275146],[-84.450269,46.275204]],[[-84.449878,46.266304],[-84.449139,46.267132],[-84.447993,46.266328],[-84.448007,46.266074],[-84.449878,46.266304]],[[-84.449293,46.274794],[-84.449259,46.275206],[-84.448987,46.275093],[-84.449293,46.274794]],[[-84.449298,46.273879],[-84.449127,46.274538],[-84.448771,46.274749],[-84.448697,46.273978],[-84.449298,46.273879]],[[-84.447433,46.27458],[-84.447449,46.274856],[-84.446931,46.27485],[-84.446925,46.274579],[-84.447433,46.27458]],[[-84.450108,46.272342],[-84.449549,46.272575],[-84.449337,46.272279],[-84.450023,46.272082],[-84.450108,46.272342]],[[-84.450375,46.273902],[-84.449872,46.27383],[-84.450903,46.273252],[-84.450633,46.273458],[-84.450375,46.273902]],[[-84.452366,46.274314],[-84.452189,46.274677],[-84.451466,46.274546],[-84.451593,46.274257],[-84.452366,46.274314]]],[[[-84.454517,46.265753],[-84.454676,46.265515],[-84.454135,46.265334],[-84.453992,46.265545],[-84.454517,46.265753]]],[[[-84.454889,46.26518],[-84.455212,46.265091],[-84.454312,46.265073],[-84.454842,46.265263],[-84.454889,46.26518]]],[[[-84.455337,46.274354],[-84.455001,46.274049],[-84.454742,46.274234],[-84.455023,46.274491],[-84.455337,46.274354]]],[[[-84.455736,46.270195],[-84.455007,46.26796],[-84.454293,46.268136],[-84.45429,46.26913],[-84.455736,46.270195]]],[[[-84.45587,46.275818],[-84.455517,46.275744],[-84.454777,46.275941],[-84.455272,46.276258],[-84.45587,46.275818]]],[[[-84.455925,46.266525],[-84.455034,46.265785],[-84.453224,46.266765],[-84.455715,46.26702],[-84.455925,46.266525]]],[[[-84.456372,46.267489],[-84.456495,46.26716],[-84.456167,46.267098],[-84.455956,46.267437],[-84.456372,46.267489]]],[[[-84.456828,46.263732],[-84.456378,46.263345],[-84.455509,46.263917],[-84.456422,46.264418],[-84.456828,46.263732]]],[[[-84.456725,46.268787],[-84.456703,46.26841],[-84.456189,46.268582],[-84.456421,46.268799],[-84.456725,46.268787]]],[[[-84.456832,46.266664],[-84.456931,46.266296],[-84.456368,46.266417],[-84.456364,46.26655],[-84.456832,46.266664]]],[[[-84.456497,46.27157],[-84.455798,46.270752],[-84.454615,46.273094],[-84.455842,46.273506],[-84.456497,46.27157]]],[[[-84.458033,46.269302],[-84.45833,46.26885],[-84.457534,46.268602],[-84.457242,46.26901],[-84.458033,46.269302]]],[[[-84.45911,46.270182],[-84.458766,46.269989],[-84.457705,46.270611],[-84.45807,46.270743],[-84.45911,46.270182]]],[[[-84.458979,46.268584],[-84.459214,46.268395],[-84.45895,46.268278],[-84.458741,46.268483],[-84.458979,46.268584]]],[[[-84.460623,46.268554],[-84.460374,46.268409],[-84.45978,46.268804],[-84.460062,46.268987],[-84.460623,46.268554]]],[[[-84.461629,46.266852],[-84.462047,46.266633],[-84.46138,46.266641],[-84.461629,46.266852]]],[[[-84.737773,45.93411],[-84.737757,45.928822],[-84.731973,45.931133],[-84.733663,45.934145],[-84.737773,45.93411]]],[[[-85.486757,46.302475],[-85.486743,46.301155],[-85.482365,46.301115],[-85.482411,46.303471],[-85.486757,46.302475]]],[[[-86.164092,45.972967],[-86.16379,45.968765],[-86.158246,45.968768],[-86.15823,45.973016],[-86.164092,45.972967]]],[[[-86.194442,45.994466],[-86.190265,45.993649],[-86.188895,45.997655],[-86.194439,45.997925],[-86.194442,45.994466]]],[[[-86.624468,46.387195],[-86.624385,46.383656],[-86.618814,46.383612],[-86.620495,46.38717],[-86.624468,46.387195]]],[[[-86.71102,46.43865],[-86.71078,46.437621],[-86.710114,46.437653],[-86.710256,46.43851],[-86.71102,46.43865]]],[[[-87.100612,45.731544],[-87.100684,45.729138],[-87.095336,45.729041],[-87.095271,45.731541],[-87.100612,45.731544]]],[[[-87.406464,46.527205],[-87.405894,46.526491],[-87.405532,46.5267],[-87.406143,46.527206],[-87.406464,46.527205]]]]},"properties":{"GEOID":"3635T","TRIBE_NAME":"SaultSte.MarieTribeofChippewaIndians,Michigan"}},{"type":"Feature","id":93,"geometry":{"type":"Polygon","coordinates":[[[-116.94516,33.256581],[-116.927746,33.255714],[-116.927783,33.270733],[-116.940678,33.270654],[-116.94516,33.256581]]]},"properties":{"GEOID":"3165T","TRIBE_NAME":"RinconBandofLuisenoMissionIndiansofRinconReservation,California"}},{"type":"Feature","id":94,"geometry":{"type":"Polygon","coordinates":[[[-88.771234,44.936105],[-88.760904,44.924257],[-88.735597,44.921661],[-88.735554,44.943186],[-88.771234,44.936105]]]},"properties":{"GEOID":"2175T","TRIBE_NAME":"MenomineeIndianTribeofWisconsin"}},{"type":"Feature","id":95,"geometry":{"type":"MultiPolygon","coordinates":[[[[-117.224194,45.337181],[-117.22398,45.336114],[-117.220808,45.336147],[-117.223022,45.337198],[-117.224194,45.337181]]],[[[-117.956054,46.202286],[-117.949686,46.193104],[-117.929282,46.19318],[-117.944842,46.207568],[-117.956054,46.202286]]],[[[-118.414606,45.56585],[-118.414495,45.558677],[-118.403994,45.558809],[-118.404195,45.565845],[-118.414606,45.56585]]],[[[-118.511821,46.04792],[-118.511787,46.044669],[-118.506883,46.044693],[-118.506873,46.047382],[-118.511821,46.04792]]],[[[-118.786727,45.580221],[-118.786748,45.576618],[-118.781854,45.576617],[-118.783405,45.580226],[-118.786727,45.580221]]],[[[-118.787871,45.638166],[-118.786737,45.630909],[-118.765997,45.630919],[-118.76599,45.638221],[-118.787871,45.638166]]],[[[-119.244958,45.929715],[-119.244876,45.922474],[-119.223905,45.922332],[-119.223869,45.924412],[-119.244958,45.929715]]],[[[-119.286403,45.908071],[-119.192749,45.901526],[-119.192718,45.919968],[-119.213603,45.922453],[-119.220174,45.907758],[-119.265549,45.919186],[-119.286403,45.908071]]]]},"properties":{"GEOID":"4405T","TRIBE_NAME":"ConfederatedTribesoftheUmatillaIndianReservation"}},{"type":"Feature","id":96,"geometry":{"type":"MultiPolygon","coordinates":[[[[-92.713948,30.523755],[-92.713922,30.520152],[-92.706217,30.520125],[-92.706224,30.523802],[-92.713948,30.523755]]],[[[-92.720743,30.527441],[-92.720706,30.523714],[-92.713948,30.523755],[-92.713981,30.529161],[-92.720743,30.527441]]],[[[-92.824379,30.548161],[-92.824365,30.538526],[-92.815794,30.537768],[-92.814092,30.543928],[-92.824379,30.548161]],[[-92.816239,30.543478],[-92.816262,30.544167],[-92.815216,30.544201],[-92.815205,30.543512],[-92.816239,30.543478]]]]},"properties":{"GEOID":"0795T","TRIBE_NAME":"CoushattaTribeofLouisiana"}},{"type":"Feature","id":97,"geometry":{"type":"Polygon","coordinates":[[[-80.202214,26.104178],[-80.201906,26.103896],[-80.201515,26.103908],[-80.20156,26.104515],[-80.202214,26.104178]]]},"properties":{"GEOID":"3665T","TRIBE_NAME":"SeminoleTribeofFlorida"}},{"type":"Feature","id":98,"geometry":{"type":"Polygon","coordinates":[[[-120.451373,37.92937],[-120.446411,37.925663],[-120.445059,37.929535],[-120.450698,37.929754],[-120.451373,37.92937]]]},"properties":{"GEOID":"0620T","TRIBE_NAME":"ChickenRanchRancheriaofMe-WukIndiansofCalifornia"}},{"type":"Feature","id":99,"geometry":{"type":"MultiPolygon","coordinates":[[[[-105.364252,36.41202],[-105.364292,36.411491],[-105.359847,36.414598],[-105.362779,36.414013],[-105.364252,36.41202]]],[[[-105.369316,36.407365],[-105.366445,36.406694],[-105.365464,36.409617],[-105.366212,36.408978],[-105.369316,36.407365]]],[[[-105.614172,36.42494],[-105.614267,36.424745],[-105.593526,36.407908],[-105.593454,36.42572],[-105.609171,36.437013],[-105.614172,36.42494]]]]},"properties":{"GEOID":"4140T","TRIBE_NAME":"PuebloofTaos,NewMexico"}},{"type":"Feature","id":100,"geometry":{"type":"Polygon","coordinates":[[[-122.862839,38.699285],[-122.861661,38.698642],[-122.858298,38.701512],[-122.860324,38.703],[-122.862839,38.699285]]]},"properties":{"GEOID":"0955T","TRIBE_NAME":"DryCreekRancheriaBandofPomoIndians,California"}},{"type":"Feature","id":101,"geometry":{"type":"MultiPolygon","coordinates":[[[[-122.086057,47.116442],[-122.082528,47.114649],[-122.080837,47.115392],[-122.080827,47.116654],[-122.086057,47.116442]]],[[[-122.327336,47.2625],[-122.326626,47.262562],[-122.325143,47.264145],[-122.326664,47.262849],[-122.327336,47.2625]]],[[[-122.331008,47.262942],[-122.328952,47.260214],[-122.327271,47.262237],[-122.32909,47.26307],[-122.331008,47.262942]]],[[[-122.338896,47.192696],[-122.339609,47.19182],[-122.337454,47.192192],[-122.338015,47.192914],[-122.338896,47.192696]]],[[[-122.406918,47.28421],[-122.39975,47.279897],[-122.391655,47.280012],[-122.399505,47.280676],[-122.406918,47.28421]]],[[[-122.410873,47.287589],[-122.408366,47.284783],[-122.407841,47.285285],[-122.408842,47.288811],[-122.410873,47.287589]]],[[[-122.411754,47.233906],[-122.411703,47.233521],[-122.411357,47.233559],[-122.411405,47.233937],[-122.411754,47.233906]]],[[[-122.411986,47.232497],[-122.411924,47.232071],[-122.411323,47.232558],[-122.411544,47.232537],[-122.411986,47.232497]]],[[[-122.412365,47.234458],[-122.412304,47.23396],[-122.411498,47.234038],[-122.411661,47.235014],[-122.412365,47.234458]]],[[[-122.427878,47.239054],[-122.427627,47.238393],[-122.42601,47.239006],[-122.426058,47.239239],[-122.427878,47.239054]]]]},"properties":{"GEOID":"3000T","TRIBE_NAME":"PuyallupTribeofthePuyallupReservation"}},{"type":"Feature","id":102,"geometry":{"type":"MultiPolygon","coordinates":[[[[-122.541499,47.836484],[-122.535979,47.835614],[-122.535885,47.838707],[-122.541488,47.840406],[-122.541499,47.836484]]],[[[-122.551017,47.822263],[-122.548222,47.820431],[-122.548182,47.824081],[-122.549567,47.822258],[-122.551017,47.822263]]]]},"properties":{"GEOID":"2910T","TRIBE_NAME":"PortGambleS'KlallamTribe"}},{"type":"Feature","id":103,"geometry":{"type":"MultiPolygon","coordinates":[[[[-86.085006,42.037614],[-86.084913,42.026724],[-86.07862,42.019813],[-86.072451,42.037741],[-86.085006,42.037614]]],[[[-86.107326,41.955714],[-86.083024,41.955353],[-86.083073,41.9626],[-86.097687,41.962699],[-86.107326,41.955714]]],[[[-86.165555,42.024247],[-86.165548,42.022672],[-86.164376,42.022672],[-86.164397,42.024247],[-86.165555,42.024247]]],[[[-86.177224,42.251174],[-86.177184,42.247277],[-86.166735,42.247337],[-86.166799,42.25405],[-86.177224,42.251174]]],[[[-86.186131,42.243392],[-86.181743,42.236985],[-86.17692,42.237009],[-86.176537,42.243535],[-86.186131,42.243392]]],[[[-86.191462,41.948951],[-86.18121,41.93452],[-86.170299,41.934376],[-86.161376,41.943127],[-86.191462,41.948951]],[[-86.175911,41.936058],[-86.175911,41.937838],[-86.175333,41.937838],[-86.175345,41.936027],[-86.175911,41.936058]]],[[[-86.214132,41.94015],[-86.205736,41.941925],[-86.204796,41.948577],[-86.214125,41.948577],[-86.214132,41.94015]]],[[[-86.214206,41.932277],[-86.19958,41.929682],[-86.190184,41.94588],[-86.199804,41.947282],[-86.214206,41.932277]]],[[[-86.215585,42.20504],[-86.208343,42.199601],[-86.194694,42.220432],[-86.215446,42.222738],[-86.215585,42.20504]]],[[[-86.296905,41.641598],[-86.283994,41.63269],[-86.282782,41.632688],[-86.284503,41.647047],[-86.296905,41.641598]]]]},"properties":{"GEOID":"2890T","TRIBE_NAME":"PokagonBandofPotawatomiIndians,MichiganandIndiana"}},{"type":"Feature","id":104,"geometry":{"type":"MultiPolygon","coordinates":[[[[-122.995255,44.989804],[-122.995287,44.987937],[-122.99138,44.987775],[-122.991359,44.989782],[-122.995255,44.989804]]],[[[-123.71977,44.726373],[-123.719752,44.724258],[-123.714808,44.724185],[-123.716229,44.725368],[-123.71977,44.726373]]],[[[-123.907844,44.723887],[-123.90658,44.718434],[-123.900191,44.718439],[-123.905299,44.723892],[-123.907844,44.723887]]],[[[-123.907887,44.719109],[-123.907883,44.718514],[-123.906807,44.718449],[-123.906845,44.718879],[-123.907887,44.719109]]],[[[-123.91294,44.702079],[-123.912879,44.694787],[-123.907735,44.694811],[-123.907883,44.702102],[-123.91294,44.702079]]],[[[-123.916129,44.723122],[-123.915764,44.723021],[-123.915503,44.723849],[-123.915893,44.723396],[-123.916129,44.723122]]],[[[-123.916927,44.720901],[-123.916915,44.720214],[-123.916671,44.720217],[-123.916679,44.720882],[-123.916927,44.720901]]],[[[-123.917528,44.723041],[-123.917484,44.722686],[-123.917337,44.722686],[-123.917336,44.723039],[-123.917528,44.723041]]],[[[-123.918055,44.722135],[-123.918052,44.721997],[-123.917526,44.722],[-123.917527,44.722137],[-123.918055,44.722135]]],[[[-123.918057,44.720897],[-123.917315,44.720879],[-123.917332,44.721308],[-123.918043,44.721312],[-123.918057,44.720897]]],[[[-123.92305,44.733311],[-123.908664,44.731156],[-123.910043,44.742849],[-123.917947,44.733827],[-123.92305,44.733311]],[[-123.916557,44.738025],[-123.916209,44.738526],[-123.915139,44.73814],[-123.915718,44.737757],[-123.916557,44.738025]]],[[[-123.923213,44.721602],[-123.923203,44.720275],[-123.920664,44.720274],[-123.92131,44.722006],[-123.923213,44.721602]]],[[[-123.930775,44.72293],[-123.930773,44.720199],[-123.928288,44.720194],[-123.928294,44.723157],[-123.930775,44.72293]]],[[[-123.947318,45.028768],[-123.947405,45.028529],[-123.94718,45.028487],[-123.947093,45.028727],[-123.947318,45.028768]]],[[[-123.971588,44.809668],[-123.971427,44.809407],[-123.969914,44.809911],[-123.970039,44.810182],[-123.971588,44.809668]]],[[[-123.996726,44.997704],[-123.991776,44.995559],[-123.986911,45.000056],[-123.988056,45.000763],[-123.996726,44.997704]]],[[[-124.007156,44.987491],[-124.006867,44.987361],[-124.006865,44.987747],[-124.007155,44.987748],[-124.007156,44.987491]]],[[[-124.009581,44.809027],[-124.001941,44.802234],[-123.978951,44.808139],[-123.997128,44.812747],[-124.009581,44.809027]]],[[[-124.012936,44.99498],[-124.00927,44.998544],[-124.009164,44.995166],[-124.005171,44.998125],[-124.012142,44.999726],[-124.012936,44.99498]]],[[[-124.079763,44.473462],[-124.077718,44.472816],[-124.078067,44.47594],[-124.078931,44.47571],[-124.079763,44.473462]]]]},"properties":{"GEOID":"3795T","TRIBE_NAME":"ConfederatedTribesofSiletzIndiansofOregon"}},{"type":"Feature","id":105,"geometry":{"type":"MultiPolygon","coordinates":[[[[-120.181422,41.525435],[-120.179875,41.525304],[-120.179916,41.526072],[-120.18142,41.526017],[-120.181422,41.525435]]],[[[-120.182732,41.527841],[-120.182749,41.527373],[-120.181444,41.527372],[-120.181465,41.529657],[-120.182732,41.527841]]]]},"properties":{"GEOID":"0555T","TRIBE_NAME":"CedarvilleRancheria,California"}},{"type":"Feature","id":106,"geometry":{"type":"Polygon","coordinates":[[[-123.149005,39.139409],[-123.149001,39.13851],[-123.148105,39.138541],[-123.147966,39.139584],[-123.149005,39.139409]]]},"properties":{"GEOID":"1400T","TRIBE_NAME":"GuidivilleRancheriaofCalifornia"}},{"type":"Feature","id":107,"geometry":{"type":"MultiPolygon","coordinates":[[[[-104.433222,48.106547],[-104.433222,48.102874],[-104.427671,48.102892],[-104.427671,48.106547],[-104.433222,48.106547]]],[[[-104.60568,48.143372],[-104.594044,48.143251],[-104.594044,48.150471],[-104.60346,48.150469],[-104.60568,48.143372]]],[[[-106.406063,48.246232],[-106.400609,48.244604],[-106.400609,48.248079],[-106.406063,48.248079],[-106.406063,48.246232]]]]},"properties":{"GEOID":"1250T","TRIBE_NAME":"AssiniboineandSiouxTribesoftheFortPeckIndianReservation,Montana"}},{"type":"Feature","id":108,"geometry":{"type":"MultiPolygon","coordinates":[[[[-114.970075,40.243121],[-114.970412,40.239521],[-114.965136,40.239297],[-114.965041,40.243227],[-114.970075,40.243121]]],[[[-115.023999,40.313001],[-115.015191,40.304797],[-115.005921,40.322708],[-115.014603,40.322635],[-115.023999,40.313001]]],[[[-115.035033,40.288358],[-115.019994,40.294174],[-115.020021,40.304724],[-115.034837,40.297705],[-115.035033,40.288358]]],[[[-115.04163,40.253743],[-115.042121,40.250029],[-115.036754,40.249968],[-115.0368,40.253859],[-115.04163,40.253743]]],[[[-115.050524,40.261086],[-115.050518,40.257299],[-115.045472,40.257224],[-115.045414,40.260995],[-115.050524,40.261086]]],[[[-115.054774,40.272805],[-115.035957,40.26481],[-115.035141,40.283272],[-115.040324,40.27612],[-115.054774,40.272805]]],[[[-115.056963,40.31339],[-115.048666,40.30525],[-115.02946,40.30828],[-115.029519,40.315865],[-115.056963,40.31339]]],[[[-115.366172,40.459879],[-115.365973,40.456128],[-115.354988,40.456168],[-115.355343,40.46009],[-115.366172,40.459879]]],[[[-115.387748,40.459701],[-115.387613,40.448113],[-115.375001,40.444808],[-115.374098,40.462786],[-115.387748,40.459701]]],[[[-115.606784,40.569166],[-115.583914,40.548324],[-115.566713,40.548685],[-115.568807,40.56602],[-115.606784,40.569166]]],[[[-115.624418,40.559371],[-115.624191,40.551666],[-115.615374,40.551824],[-115.615616,40.555288],[-115.624418,40.559371]]],[[[-115.644028,40.710081],[-115.644211,40.69389],[-115.623811,40.69363],[-115.62388,40.709121],[-115.644028,40.710081]]],[[[-115.684814,40.695086],[-115.664218,40.694097],[-115.663911,40.710184],[-115.684807,40.710127],[-115.684814,40.695086]]],[[[-115.698299,40.74757],[-115.69805,40.740241],[-115.680753,40.7402],[-115.680791,40.747634],[-115.698299,40.74757]]],[[[-115.719169,40.726407],[-115.69816,40.724567],[-115.69805,40.740241],[-115.718713,40.740315],[-115.719169,40.726407]]],[[[-115.720283,40.699793],[-115.699335,40.693795],[-115.699648,40.709461],[-115.720223,40.709956],[-115.720283,40.699793]]]]},"properties":{"GEOID":"3930T","TRIBE_NAME":"Te-MoakTribeofWesternShoshoneIndiansofNevada(SouthForkBand)"}},{"type":"Feature","id":109,"geometry":{"type":"MultiPolygon","coordinates":[[[[-111.067524,32.127985],[-111.06295,32.126315],[-111.062922,32.129819],[-111.067521,32.129819],[-111.067524,32.127985]]],[[[-111.071827,32.119026],[-111.063213,32.104427],[-111.054499,32.1043],[-111.058841,32.11911],[-111.071827,32.119026]]],[[[-111.080252,32.118851],[-111.080145,32.115316],[-111.071676,32.11738],[-111.071812,32.118928],[-111.080252,32.118851]]],[[[-111.088778,32.10826],[-111.088763,32.104387],[-111.067802,32.104415],[-111.076047,32.111619],[-111.088778,32.10826]]],[[[-111.098566,32.118805],[-111.084626,32.115245],[-111.073934,32.133457],[-111.08892,32.133426],[-111.098566,32.118805]]]]},"properties":{"GEOID":"2680T","TRIBE_NAME":"PascuaYaquiTribeofArizona"}},{"type":"Feature","id":110,"geometry":{"type":"MultiPolygon","coordinates":[[[[-88.9918,42.506905],[-88.991733,42.50316],[-88.986898,42.50591],[-88.98694,42.506981],[-88.9918,42.506905]]],[[[-89.163651,44.863253],[-89.163548,44.857253],[-89.138277,44.859298],[-89.143363,44.866665],[-89.163651,44.863253]]],[[[-89.166053,44.830242],[-89.166053,44.829557],[-89.164995,44.829545],[-89.165523,44.830237],[-89.166053,44.830242]]],[[[-89.168696,44.852114],[-89.158461,44.848344],[-89.143351,44.858594],[-89.163569,44.856958],[-89.168696,44.852114]]],[[[-89.17826,44.768955],[-89.178239,44.768231],[-89.177431,44.768239],[-89.177445,44.768952],[-89.17826,44.768955]]],[[[-89.178852,44.856006],[-89.178833,44.852215],[-89.168696,44.852114],[-89.168712,44.855963],[-89.178852,44.856006]]],[[[-89.193791,44.709319],[-89.193762,44.70563],[-89.188706,44.705767],[-89.18877,44.709361],[-89.193791,44.709319]]],[[[-89.219601,44.790782],[-89.219652,44.787188],[-89.214568,44.78716],[-89.214516,44.79076],[-89.219601,44.790782]]],[[[-89.224215,44.8025],[-89.219512,44.801583],[-89.21957,44.805196],[-89.224213,44.805187],[-89.224215,44.8025]]],[[[-89.229266,44.801621],[-89.229259,44.798036],[-89.224244,44.797978],[-89.224219,44.801588],[-89.229266,44.801621]]],[[[-89.269817,44.753643],[-89.269783,44.750062],[-89.264707,44.750058],[-89.264744,44.753643],[-89.269817,44.753643]]],[[[-89.279965,44.753641],[-89.279931,44.750054],[-89.274856,44.750056],[-89.274891,44.753642],[-89.279965,44.753641]]],[[[-89.341131,44.760934],[-89.341147,44.757312],[-89.336065,44.757303],[-89.336049,44.760924],[-89.341131,44.760934]]],[[[-89.473088,44.797676],[-89.473019,44.794037],[-89.467935,44.793931],[-89.468003,44.797566],[-89.473088,44.797676]]],[[[-89.727787,44.039856],[-89.72774,44.036253],[-89.71768,44.036343],[-89.717677,44.039976],[-89.727787,44.039856]]],[[[-89.780351,43.527947],[-89.780353,43.527041],[-89.778052,43.527037],[-89.77805,43.527943],[-89.780351,43.527947]]],[[[-89.786593,43.540353],[-89.786458,43.536162],[-89.763181,43.532428],[-89.76314,43.543267],[-89.786593,43.540353]]],[[[-89.792942,44.064822],[-89.792926,44.0612],[-89.78792,44.061209],[-89.787938,44.064831],[-89.792942,44.064822]]],[[[-89.7937,44.057577],[-89.793702,44.057007],[-89.792908,44.057006],[-89.79291,44.057578],[-89.7937,44.057577]]],[[[-89.798157,43.56584],[-89.797039,43.565378],[-89.796928,43.566245],[-89.798106,43.566247],[-89.798157,43.56584]]],[[[-89.819704,43.976361],[-89.819777,43.975772],[-89.819528,43.975712],[-89.819457,43.97631],[-89.819704,43.976361]]],[[[-89.822421,43.674009],[-89.821117,43.6731],[-89.820209,43.67373],[-89.821553,43.674682],[-89.822421,43.674009]]],[[[-89.823213,43.676355],[-89.823219,43.675722],[-89.818366,43.6728],[-89.818244,43.677303],[-89.823213,43.676355]]],[[[-89.897802,43.64117],[-89.887787,43.6412],[-89.887738,43.644799],[-89.897783,43.643058],[-89.897802,43.64117]]],[[[-89.925552,44.405396],[-89.92546,44.401734],[-89.920415,44.401765],[-89.92044,44.405403],[-89.925552,44.405396]]],[[[-89.956102,44.412739],[-89.955858,44.401752],[-89.945868,44.405335],[-89.945879,44.409083],[-89.956102,44.412739]]],[[[-89.967636,44.285389],[-89.95491,44.278352],[-89.954745,44.292913],[-89.962653,44.292769],[-89.967636,44.285389]]],[[[-90.030006,44.364253],[-90.02999,44.363681],[-90.029192,44.363676],[-90.029208,44.364248],[-90.030006,44.364253]]],[[[-90.039347,43.674192],[-90.039352,43.670594],[-90.034374,43.67052],[-90.034337,43.674101],[-90.039347,43.674192]]],[[[-90.044182,44.420023],[-90.041944,44.416374],[-90.034372,44.416269],[-90.034125,44.419886],[-90.044182,44.420023]]],[[[-90.045143,44.406474],[-90.040029,44.405493],[-90.03972,44.412703],[-90.04482,44.412816],[-90.045143,44.406474]]],[[[-90.045629,43.861775],[-90.045613,43.8582],[-90.040629,43.858206],[-90.04065,43.861797],[-90.045629,43.861775]]],[[[-90.055548,44.409613],[-90.050358,44.409158],[-90.049638,44.416384],[-90.054763,44.416359],[-90.055548,44.409613]]],[[[-90.055638,43.858266],[-90.050596,43.858195],[-90.05063,43.861769],[-90.055568,43.861765],[-90.055638,43.858266]]],[[[-90.060609,43.869093],[-90.060595,43.861833],[-90.055568,43.861765],[-90.055603,43.869034],[-90.060609,43.869093]]],[[[-90.060822,44.401865],[-90.060831,44.398237],[-90.05563,44.398291],[-90.055604,44.401907],[-90.060822,44.401865]]],[[[-90.065119,43.782399],[-90.06512,43.781856],[-90.060121,43.781847],[-90.06012,43.78239],[-90.065119,43.782399]]],[[[-90.072029,43.865623],[-90.07202,43.86197],[-90.065577,43.861909],[-90.065606,43.865528],[-90.072029,43.865623]]],[[[-90.072056,43.844441],[-90.065551,43.843818],[-90.065559,43.847417],[-90.072027,43.847378],[-90.072056,43.844441]]],[[[-90.342701,43.982773],[-90.342693,43.978919],[-90.337695,43.978669],[-90.3377,43.982526],[-90.342701,43.982773]]],[[[-90.352635,44.03379],[-90.352584,44.030149],[-90.347601,44.029971],[-90.347634,44.033604],[-90.352635,44.03379]]],[[[-90.38266,44.006372],[-90.382661,44.002727],[-90.372693,43.998624],[-90.372677,44.005907],[-90.38266,44.006372]]],[[[-90.402848,44.019155],[-90.402792,44.017896],[-90.392659,44.016403],[-90.397813,44.02509],[-90.402848,44.019155]]],[[[-90.407887,44.029358],[-90.407889,44.02558],[-90.40284,44.02534],[-90.402859,44.029138],[-90.407887,44.029358]]],[[[-90.412915,44.033507],[-90.407897,44.032818],[-90.407899,44.036445],[-90.412898,44.036698],[-90.412915,44.033507]]],[[[-90.423741,44.033644],[-90.41793,44.033293],[-90.417915,44.040538],[-90.422934,44.040784],[-90.423741,44.033644]]],[[[-90.439785,44.030074],[-90.439783,44.026644],[-90.437234,44.026672],[-90.437282,44.03017],[-90.439785,44.030074]]],[[[-90.445031,44.051991],[-90.444997,44.048152],[-90.443739,44.048104],[-90.443766,44.052001],[-90.445031,44.051991]]],[[[-90.491828,44.062474],[-90.491864,44.061638],[-90.490286,44.061637],[-90.490309,44.062656],[-90.491828,44.062474]]],[[[-90.518998,44.043761],[-90.517606,44.040712],[-90.515287,44.041672],[-90.51521,44.044382],[-90.518998,44.043761]]],[[[-90.587715,44.036632],[-90.587698,44.033064],[-90.582765,44.033015],[-90.582774,44.036583],[-90.587715,44.036632]]],[[[-90.606512,43.672062],[-90.57961,43.664378],[-90.576858,43.674994],[-90.601694,43.685717],[-90.606512,43.672062]]],[[[-90.628697,44.730712],[-90.622458,44.727096],[-90.621524,44.734379],[-90.628683,44.73435],[-90.628697,44.730712]]],[[[-90.6308,43.63189],[-90.626731,43.62219],[-90.611731,43.638816],[-90.626836,43.638704],[-90.6308,43.63189]]],[[[-90.672528,44.202917],[-90.67064,44.202879],[-90.670616,44.20645],[-90.67252,44.206445],[-90.672528,44.202917]]],[[[-90.685597,44.28113],[-90.680532,44.280464],[-90.680487,44.284015],[-90.685525,44.283956],[-90.685597,44.28113]]],[[[-90.690608,44.43673],[-90.66986,44.432972],[-90.659739,44.44377],[-90.680625,44.451222],[-90.690608,44.43673]],[[-90.685569,44.436697],[-90.680575,44.443874],[-90.674975,44.443855],[-90.674899,44.436613],[-90.685569,44.436697]],[[-90.672482,44.4456],[-90.669957,44.445671],[-90.669934,44.443826],[-90.672447,44.443875],[-90.672482,44.4456]]],[[[-90.690688,44.280244],[-90.690757,44.27664],[-90.685667,44.276737],[-90.68561,44.280354],[-90.690688,44.280244]]],[[[-90.700753,44.283664],[-90.695767,44.280133],[-90.695608,44.287334],[-90.700663,44.287221],[-90.700753,44.283664]]],[[[-90.704514,44.781531],[-90.694341,44.777859],[-90.689227,44.788741],[-90.69939,44.781502],[-90.704514,44.781531]]],[[[-90.710816,44.385934],[-90.71081,44.378561],[-90.705688,44.378563],[-90.705666,44.385983],[-90.710816,44.385934]]],[[[-90.741104,44.39637],[-90.725998,44.393002],[-90.726003,44.400262],[-90.741113,44.398396],[-90.741104,44.39637]]],[[[-90.751508,44.356197],[-90.751531,44.355487],[-90.746544,44.355491],[-90.746537,44.356349],[-90.751508,44.356197]]],[[[-90.758981,44.37089],[-90.759026,44.36908],[-90.756507,44.369075],[-90.756458,44.370885],[-90.758981,44.37089]]],[[[-90.761364,44.334823],[-90.761365,44.331078],[-90.741302,44.330969],[-90.741283,44.334771],[-90.761364,44.334823]]],[[[-90.766802,44.351545],[-90.761837,44.351052],[-90.761837,44.352155],[-90.766787,44.352839],[-90.766802,44.351545]]],[[[-90.767612,44.333035],[-90.767628,44.331198],[-90.765126,44.331204],[-90.765139,44.333032],[-90.767612,44.333035]]],[[[-90.770044,44.359279],[-90.761854,44.353115],[-90.751506,44.356267],[-90.751384,44.360055],[-90.770044,44.359279]]],[[[-90.7716,44.325582],[-90.761381,44.330072],[-90.761378,44.330564],[-90.771592,44.325881],[-90.7716,44.325582]]],[[[-90.77675,44.345456],[-90.776722,44.341784],[-90.761569,44.342014],[-90.761784,44.349205],[-90.77675,44.345456]]],[[[-90.778176,44.166099],[-90.778221,44.164449],[-90.773155,44.164497],[-90.773144,44.166399],[-90.778176,44.166099]]],[[[-90.781644,44.313064],[-90.781545,44.309446],[-90.776492,44.30944],[-90.776592,44.313062],[-90.781644,44.313064]]],[[[-90.801885,44.316832],[-90.801811,44.31322],[-90.794215,44.31316],[-90.794306,44.316765],[-90.801885,44.316832]]],[[[-90.802427,44.334951],[-90.79675,44.32769],[-90.771544,44.327541],[-90.78191,44.34537],[-90.802427,44.334951]]],[[[-90.807222,44.308025],[-90.800744,44.306],[-90.80176,44.312252],[-90.80487,44.307563],[-90.807222,44.308025]]],[[[-90.809088,44.30247],[-90.808691,44.301487],[-90.807333,44.301773],[-90.807641,44.302644],[-90.809088,44.30247]]],[[[-90.8825,44.268775],[-90.882484,44.26626],[-90.877412,44.266257],[-90.877424,44.268771],[-90.8825,44.268775]]],[[[-90.882515,44.27261],[-90.882468,44.270044],[-90.87743,44.27004],[-90.877441,44.272571],[-90.882515,44.27261]]],[[[-90.915315,43.88401],[-90.910567,43.87049],[-90.895305,43.866566],[-90.900033,43.881127],[-90.915315,43.88401]]],[[[-90.932227,44.832077],[-90.927135,44.824814],[-90.921986,44.824772],[-90.922074,44.835657],[-90.932227,44.832077]]],[[[-91.106027,43.364195],[-91.105945,43.360625],[-91.100867,43.360636],[-91.100966,43.364207],[-91.106027,43.364195]]],[[[-91.122304,43.408554],[-91.122268,43.404924],[-91.112496,43.405061],[-91.112577,43.408703],[-91.122304,43.408554]]],[[[-91.172773,43.395658],[-91.172758,43.393827],[-91.167778,43.393852],[-91.167794,43.395672],[-91.172773,43.395658]]],[[[-91.173554,43.386579],[-91.169242,43.382981],[-91.167793,43.383006],[-91.167788,43.386622],[-91.173554,43.386579]]],[[[-91.181082,43.393861],[-91.180965,43.393672],[-91.17774,43.390355],[-91.177742,43.393811],[-91.181082,43.393861]]],[[[-91.261855,44.067468],[-91.26174,44.063848],[-91.254945,44.063905],[-91.256573,44.067521],[-91.261855,44.067468]]],[[[-91.266761,44.063819],[-91.266652,44.060203],[-91.261625,44.060227],[-91.26174,44.063848],[-91.266761,44.063819]]],[[[-91.280159,43.918578],[-91.279992,43.917883],[-91.27921,43.917598],[-91.279177,43.918579],[-91.280159,43.918578]]],[[[-91.283953,43.759316],[-91.283941,43.757414],[-91.281055,43.757418],[-91.281536,43.759317],[-91.283953,43.759316]]],[[[-91.288681,43.735356],[-91.28864,43.731753],[-91.271662,43.732297],[-91.273824,43.738252],[-91.288681,43.735356]]],[[[-91.293781,43.75323],[-91.29374,43.746188],[-91.287867,43.746161],[-91.288847,43.753247],[-91.293781,43.75323]]],[[[-91.310706,43.933463],[-91.310652,43.933363],[-91.310423,43.93324],[-91.310428,43.933487],[-91.310706,43.933463]]],[[[-91.313728,43.809585],[-91.313662,43.803656],[-91.30869,43.803668],[-91.307514,43.811318],[-91.313728,43.809585]]],[[[-91.411883,43.984188],[-91.412208,43.984185],[-91.410419,43.983128],[-91.410432,43.984155],[-91.411883,43.984188]]]]},"properties":{"GEOID":"1450T","TRIBE_NAME":"Ho-ChunkNationofWisconsin"}},{"type":"Feature","id":111,"geometry":{"type":"MultiPolygon","coordinates":[[[[-93.439519,44.768551],[-93.43947,44.761225],[-93.429382,44.761255],[-93.429394,44.764563],[-93.439519,44.768551]]],[[[-93.440003,44.731413],[-93.43999,44.730369],[-93.439469,44.730369],[-93.439542,44.731424],[-93.440003,44.731413]]],[[[-93.458723,44.750149],[-93.454558,44.747706],[-93.44961,44.750315],[-93.449864,44.750311],[-93.458723,44.750149]]],[[[-93.463692,44.775657],[-93.460678,44.775009],[-93.459423,44.774722],[-93.459403,44.775642],[-93.463692,44.775657]]],[[[-93.464757,44.719516],[-93.459774,44.717566],[-93.456627,44.724851],[-93.464705,44.725053],[-93.464757,44.719516]]],[[[-93.469584,44.775718],[-93.469608,44.774025],[-93.464692,44.775601],[-93.466696,44.775755],[-93.469584,44.775718]]],[[[-93.46969,44.768139],[-93.469669,44.754701],[-93.426268,44.75578],[-93.4444,44.761163],[-93.449436,44.774583],[-93.46969,44.768139]]],[[[-93.474768,44.74638],[-93.469738,44.742949],[-93.463112,44.746638],[-93.468865,44.745438],[-93.474768,44.74638]]],[[[-93.500029,44.744248],[-93.480826,44.723097],[-93.48516,44.714084],[-93.464705,44.725053],[-93.476691,44.746677],[-93.500029,44.744248]],[[-93.471981,44.72362],[-93.472404,44.723688],[-93.467494,44.724984],[-93.467497,44.723652],[-93.471981,44.72362]]],[[[-93.500443,44.721356],[-93.500472,44.717755],[-93.488165,44.721144],[-93.493978,44.725486],[-93.500443,44.721356]]],[[[-103.825136,44.068073],[-103.825081,44.049891],[-103.769883,44.056988],[-103.779867,44.075193],[-103.825136,44.068073]]]]},"properties":{"GEOID":"3680T","TRIBE_NAME":"ShakopeeMdewakantonSiouxCommunityofMinnesota"}},{"type":"Feature","id":112,"geometry":{"type":"MultiPolygon","coordinates":[[[[-95.563954,39.979456],[-95.563929,39.978461],[-95.563325,39.978467],[-95.563315,39.979455],[-95.563954,39.979456]]],[[[-95.563961,39.977101],[-95.563404,39.977068],[-95.563408,39.977188],[-95.563961,39.977198],[-95.563961,39.977101]]],[[[-95.564282,39.97661],[-95.564271,39.97575],[-95.563297,39.975838],[-95.563324,39.976659],[-95.564282,39.97661]]],[[[-95.564493,39.978464],[-95.564486,39.977571],[-95.56396,39.977565],[-95.563929,39.978461],[-95.564493,39.978464]]],[[[-95.565223,39.973613],[-95.563924,39.973501],[-95.563928,39.973937],[-95.565198,39.973944],[-95.565223,39.973613]]],[[[-95.565715,39.977576],[-95.565711,39.977389],[-95.564681,39.977397],[-95.564683,39.977573],[-95.565715,39.977576]]],[[[-95.568567,39.978602],[-95.565261,39.978469],[-95.565313,39.97946],[-95.568571,39.979469],[-95.568567,39.978602]]],[[[-95.662278,40.111724],[-95.662241,40.102034],[-95.657519,40.10203],[-95.657617,40.111745],[-95.662278,40.111724]]],[[[-95.729136,39.697658],[-95.728003,39.697137],[-95.728038,39.704989],[-95.728986,39.704994],[-95.729136,39.697658]]],[[[-95.741993,39.71188],[-95.735655,39.711713],[-95.735575,39.719941],[-95.741687,39.71986],[-95.741993,39.71188]]],[[[-95.742588,39.704433],[-95.732082,39.704195],[-95.732063,39.707783],[-95.740811,39.707873],[-95.742588,39.704433]]]]},"properties":{"GEOID":"3285T","TRIBE_NAME":"Sac&FoxNationofMissouriinKansasandNebraska"}},{"type":"Feature","id":113,"geometry":{"type":"MultiPolygon","coordinates":[[[[-111.32571,34.224834],[-111.325706,34.217563],[-111.31263,34.217509],[-111.312619,34.224792],[-111.32571,34.224834]]],[[[-111.331881,34.223139],[-111.331807,34.221147],[-111.330129,34.221144],[-111.330148,34.224905],[-111.331881,34.223139]]],[[[-111.336391,34.219426],[-111.336425,34.217596],[-111.332468,34.217575],[-111.33256,34.219392],[-111.336391,34.219426]]]]},"properties":{"GEOID":"4235T","TRIBE_NAME":"TontoApacheTribeofArizona"}},{"type":"Feature","id":114,"geometry":{"type":"MultiPolygon","coordinates":[[[[-92.062666,31.105906],[-92.062046,31.103966],[-92.058588,31.104988],[-92.052198,31.098769],[-92.052801,31.093845],[-92.042116,31.100728],[-92.057422,31.109319],[-92.062666,31.105906]]],[[[-92.063652,31.109411],[-92.063056,31.107172],[-92.060343,31.108386],[-92.060411,31.109211],[-92.063652,31.109411]]],[[[-92.210554,31.108638],[-92.205958,31.106238],[-92.205999,31.111331],[-92.209675,31.109751],[-92.210554,31.108638]]]]},"properties":{"GEOID":"4315T","TRIBE_NAME":"Tunica-BiloxiIndianTribe"}},{"type":"Feature","id":115,"geometry":{"type":"MultiPolygon","coordinates":[[[[-121.959113,48.279364],[-121.959113,48.277524],[-121.957105,48.278013],[-121.957101,48.279348],[-121.959113,48.279364]]],[[[-122.007459,48.101312],[-122.007507,48.094067],[-122.001885,48.09409],[-122.001827,48.100718],[-122.007459,48.101312]],[[-122.005099,48.097836],[-122.004986,48.099547],[-122.002735,48.099555],[-122.00234,48.098451],[-122.005099,48.097836]]],[[[-122.137263,48.218368],[-122.136064,48.218217],[-122.135361,48.218806],[-122.136817,48.219771],[-122.137263,48.218368]]],[[[-122.153919,48.151998],[-122.154024,48.148397],[-122.152962,48.148389],[-122.150894,48.15078],[-122.153919,48.151998]]],[[[-122.161014,48.217172],[-122.160985,48.210017],[-122.155888,48.206356],[-122.151861,48.210112],[-122.161014,48.217172]]],[[[-122.174001,48.15235],[-122.174014,48.151385],[-122.173489,48.151378],[-122.173469,48.152342],[-122.174001,48.15235]]],[[[-122.182772,48.214425],[-122.18278,48.213616],[-122.177419,48.21361],[-122.177402,48.214423],[-122.182772,48.214425]]],[[[-122.188778,48.13316],[-122.186581,48.133208],[-122.186683,48.134557],[-122.188696,48.134497],[-122.188778,48.13316]]],[[[-122.193614,48.186333],[-122.193596,48.184547],[-122.190647,48.184278],[-122.190703,48.188181],[-122.193614,48.186333]]],[[[-122.193811,48.219911],[-122.188378,48.216744],[-122.182866,48.216721],[-122.1828,48.222452],[-122.193811,48.219911]]],[[[-122.193815,48.190226],[-122.1938,48.188204],[-122.191045,48.188308],[-122.191062,48.190325],[-122.193815,48.190226]]],[[[-122.193933,48.215445],[-122.182889,48.215389],[-122.18288,48.215799],[-122.191053,48.216302],[-122.193933,48.215445]]],[[[-122.193973,48.214082],[-122.189652,48.212813],[-122.188422,48.214492],[-122.193957,48.214513],[-122.193973,48.214082]]],[[[-122.194043,48.21109],[-122.182938,48.210115],[-122.182916,48.21362],[-122.188436,48.213617],[-122.18847,48.211832],[-122.194043,48.21109]]],[[[-122.195146,48.188007],[-122.193744,48.186965],[-122.192549,48.188109],[-122.194841,48.18802],[-122.195146,48.188007]]],[[[-122.211949,48.202616],[-122.209535,48.197572],[-122.204695,48.199484],[-122.204673,48.20257],[-122.211949,48.202616]]],[[[-122.226251,48.209754],[-122.224188,48.202373],[-122.210922,48.197505],[-122.216935,48.208639],[-122.226251,48.209754]]],[[[-122.226434,48.227639],[-122.21344,48.206192],[-122.210179,48.20617],[-122.215813,48.227962],[-122.226434,48.227639]]],[[[-122.226443,48.217019],[-122.226256,48.209995],[-122.218271,48.211323],[-122.220564,48.217078],[-122.226443,48.217019]]],[[[-122.249124,48.248396],[-122.249332,48.248399],[-122.248202,48.247458],[-122.248052,48.248378],[-122.249124,48.248396]]],[[[-122.37677,48.23246],[-122.372997,48.232323],[-122.366738,48.237348],[-122.374913,48.238469],[-122.37677,48.23246]]]]},"properties":{"GEOID":"4000T","TRIBE_NAME":"StillaguamishTribeofIndiansofWashington"}},{"type":"Feature","id":116,"geometry":{"type":"MultiPolygon","coordinates":[[[[-120.134528,40.142089],[-120.134536,40.141693],[-120.132448,40.141685],[-120.132448,40.142266],[-120.134528,40.142089]]],[[[-120.142122,40.138457],[-120.136348,40.137417],[-120.128679,40.139937],[-120.140172,40.141684],[-120.142122,40.138457]]],[[[-120.624944,40.452701],[-120.622341,40.445391],[-120.60581,40.445208],[-120.605807,40.452514],[-120.624944,40.452701]]]]},"properties":{"GEOID":"4060T","TRIBE_NAME":"SusanvilleIndianRancheria,California"}},{"type":"Feature","id":117,"geometry":{"type":"Polygon","coordinates":[[[-119.107468,41.51179],[-119.107477,41.504295],[-119.0926,41.504365],[-119.092618,41.51188],[-119.107468,41.51179]]]},"properties":{"GEOID":"4045T","TRIBE_NAME":"SummitLakePaiuteTribeofNevada"}},{"type":"Feature","id":118,"geometry":{"type":"Polygon","coordinates":[[[-124.216365,40.627018],[-124.212663,40.622658],[-124.202235,40.624515],[-124.20787,40.631715],[-124.216365,40.627018]]]},"properties":{"GEOID":"3220T","TRIBE_NAME":"BearRiverBandoftheRohnervilleRancheria,California"}},{"type":"Feature","id":119,"geometry":{"type":"MultiPolygon","coordinates":[[[[-100.441878,44.305739],[-100.441741,44.269581],[-100.426565,44.262233],[-100.431628,44.305544],[-100.441878,44.305739]]],[[[-100.446489,44.320711],[-100.44635,44.312954],[-100.426571,44.313042],[-100.426571,44.327437],[-100.446489,44.320711]]],[[[-100.500825,44.443911],[-100.500771,44.436564],[-100.495523,44.436564],[-100.495563,44.442051],[-100.500825,44.443911]]],[[[-100.516702,44.27114],[-100.506525,44.255251],[-100.511572,44.291281],[-100.516702,44.291281],[-100.516702,44.27114]]],[[[-100.526823,44.319621],[-100.526823,44.312893],[-100.516663,44.312858],[-100.516663,44.320121],[-100.526823,44.319621]]],[[[-100.546623,44.545235],[-100.536798,44.543235],[-100.531701,44.537849],[-100.531722,44.545218],[-100.546623,44.545235]]],[[[-100.546921,44.312893],[-100.546921,44.298556],[-100.526767,44.298556],[-100.536816,44.312893],[-100.546921,44.312893]]],[[[-100.551361,44.553798],[-100.546869,44.548159],[-100.546945,44.55969],[-100.551358,44.55969],[-100.551361,44.553798]]],[[[-100.586774,44.226208],[-100.586774,44.222488],[-100.576605,44.218889],[-100.576605,44.229766],[-100.586774,44.226208]]],[[[-100.601956,44.523768],[-100.601956,44.51634],[-100.591688,44.51634],[-100.591688,44.523768],[-100.601956,44.523768]]],[[[-100.631605,44.547734],[-100.611761,44.545071],[-100.612257,44.559725],[-100.631586,44.559637],[-100.631605,44.547734]]],[[[-100.818965,44.759905],[-100.818965,44.754901],[-100.808507,44.754901],[-100.808474,44.762182],[-100.818965,44.759905]]],[[[-101.397036,44.646841],[-101.397036,44.643251],[-101.391933,44.643251],[-101.39195,44.646882],[-101.397036,44.646841]]],[[[-101.84037,44.523674],[-101.840275,44.516881],[-101.82989,44.516883],[-101.829891,44.524028],[-101.84037,44.523674]]],[[[-101.880469,44.531327],[-101.880473,44.516888],[-101.87107,44.516885],[-101.871023,44.531814],[-101.880469,44.531327]]],[[[-102.07134,44.502504],[-102.071212,44.488304],[-102.060876,44.488304],[-102.061006,44.502504],[-102.07134,44.502504]]]]},"properties":{"GEOID":"0605T","TRIBE_NAME":"CheyenneRiverSiouxTribeoftheCheyenneRiverReservation,SouthDakota"}},{"type":"Feature","id":120,"geometry":{"type":"MultiPolygon","coordinates":[[[[-92.651916,44.611868],[-92.646902,44.609133],[-92.646754,44.614941],[-92.651848,44.614989],[-92.651916,44.611868]]],[[[-92.65778,44.629491],[-92.658113,44.629489],[-92.655449,44.627544],[-92.655492,44.629488],[-92.65778,44.629491]]],[[[-92.671563,44.621274],[-92.671559,44.61501],[-92.666838,44.614991],[-92.666825,44.619081],[-92.671563,44.621274]]],[[[-92.671941,44.647609],[-92.66792,44.636528],[-92.638043,44.648339],[-92.621676,44.629317],[-92.634673,44.649],[-92.660131,44.658494],[-92.671941,44.647609]]],[[[-92.707342,44.661833],[-92.707309,44.658261],[-92.702331,44.658243],[-92.704184,44.661789],[-92.707342,44.661833]]],[[[-92.732504,44.673561],[-92.718119,44.67278],[-92.695839,44.656467],[-92.712446,44.657591],[-92.705921,44.647279],[-92.67631,44.64394],[-92.716305,44.676071],[-92.732504,44.673561]]],[[[-92.771156,44.658498],[-92.768426,44.656201],[-92.767234,44.655282],[-92.767216,44.658347],[-92.771156,44.658498]]],[[[-92.782468,44.598855],[-92.782471,44.593468],[-92.764989,44.593439],[-92.76501,44.600679],[-92.782468,44.598855]]]]},"properties":{"GEOID":"2985T","TRIBE_NAME":"PrairieIslandIndianCommunityintheStateofMinnesota"}},{"type":"Feature","id":121,"geometry":{"type":"Polygon","coordinates":[[[-90.814789,46.89648],[-90.809949,46.874667],[-90.798162,46.875409],[-90.798532,46.89609],[-90.814789,46.89648]]]},"properties":{"GEOID":"3085T","TRIBE_NAME":"RedCliffBandofLakeSuperiorChippewaIndiansofWisconsin"}},{"type":"Feature","id":122,"geometry":{"type":"MultiPolygon","coordinates":[[[[-87.247062,46.481907],[-87.247082,46.478643],[-87.241424,46.478665],[-87.243941,46.485925],[-87.247062,46.481907]]],[[[-88.434128,46.740775],[-88.434058,46.737029],[-88.428351,46.736997],[-88.428114,46.740791],[-88.434128,46.740775]]]]},"properties":{"GEOID":"1880T","TRIBE_NAME":"KeweenawBayIndianCommunity,Michigan"}},{"type":"Feature","id":123,"geometry":{"type":"Polygon","coordinates":[[[-119.471755,37.09675],[-119.471657,37.089568],[-119.467263,37.089525],[-119.467331,37.096689],[-119.471755,37.09675]]]},"properties":{"GEOID":"0265T","TRIBE_NAME":"BigSandyRancheriaofWesternMonoIndiansofCalifornia"}},{"type":"Feature","id":124,"geometry":{"type":"MultiPolygon","coordinates":[[[[-70.455076,41.625934],[-70.454735,41.623999],[-70.450086,41.624751],[-70.451333,41.627881],[-70.455076,41.625934]]],[[[-70.464037,41.57582],[-70.463738,41.575624],[-70.463612,41.575773],[-70.46394,41.575933],[-70.464037,41.57582]]],[[[-70.479128,41.639984],[-70.47788,41.636331],[-70.470531,41.638268],[-70.477495,41.642603],[-70.479128,41.639984]]],[[[-70.480354,41.62463],[-70.478931,41.623907],[-70.477677,41.626755],[-70.480285,41.626254],[-70.480354,41.62463]]],[[[-70.486095,41.649521],[-70.48628,41.649176],[-70.485325,41.648919],[-70.485289,41.64935],[-70.486095,41.649521]]],[[[-70.486453,41.594904],[-70.47528,41.593627],[-70.474522,41.595955],[-70.48638,41.597234],[-70.486453,41.594904]]],[[[-70.486859,41.649791],[-70.486251,41.649557],[-70.48559,41.650823],[-70.486335,41.650947],[-70.486859,41.649791]]],[[[-70.503503,41.564346],[-70.503545,41.564184],[-70.502716,41.564286],[-70.502798,41.564658],[-70.503503,41.564346]]],[[[-71.052537,41.87689],[-71.052419,41.876719],[-71.044797,41.880003],[-71.044965,41.880751],[-71.052537,41.87689]]],[[[-71.05388,41.875993],[-71.053435,41.87063],[-71.046171,41.868922],[-71.046685,41.875295],[-71.05388,41.875993]],[[-71.048943,41.871228],[-71.049618,41.872636],[-71.048239,41.872056],[-71.048943,41.871228]]]]},"properties":{"GEOID":"2147T","TRIBE_NAME":"MashpeeWampanoagTribe"}},{"type":"Feature","id":125,"geometry":{"type":"Polygon","coordinates":[[[-122.183925,48.096588],[-122.183926,48.095682],[-122.175036,48.096181],[-122.176552,48.099952],[-122.183925,48.096588]]]},"properties":{"GEOID":"4290T","TRIBE_NAME":"TulalipTribesofWashington"}},{"type":"Feature","id":126,"geometry":{"type":"MultiPolygon","coordinates":[[[[-118.278225,37.16817],[-118.27821,37.166111],[-118.2753,37.166096],[-118.275341,37.16818],[-118.278225,37.16817]]],[[[-118.298312,37.156063],[-118.297972,37.156012],[-118.297977,37.156278],[-118.298314,37.156259],[-118.298312,37.156063]]]]},"properties":{"GEOID":"0250T","TRIBE_NAME":"BigPinePaiuteTribeoftheOwensValley"}},{"type":"Feature","id":127,"geometry":{"type":"MultiPolygon","coordinates":[[[[-83.664866,44.358615],[-83.664845,44.355994],[-83.659887,44.356015],[-83.659909,44.358734],[-83.664866,44.358615]]],[[[-83.881519,43.954201],[-83.878662,43.954953],[-83.878074,43.957407],[-83.8798,43.957675],[-83.881519,43.954201]]],[[[-83.896189,43.932413],[-83.896158,43.930427],[-83.893743,43.930455],[-83.893779,43.932469],[-83.896189,43.932413]]],[[[-83.900385,43.93177],[-83.900382,43.931375],[-83.898626,43.931381],[-83.898635,43.931947],[-83.900385,43.93177]]],[[[-83.904657,43.92579],[-83.899957,43.92005],[-83.897429,43.91941],[-83.895382,43.919989],[-83.904657,43.92579]],[[-83.902142,43.925101],[-83.90216,43.925636],[-83.901913,43.925636],[-83.901895,43.925101],[-83.902142,43.925101]]],[[[-83.91899,43.917812],[-83.906006,43.917647],[-83.906829,43.928654],[-83.915622,43.924375],[-83.91899,43.917812]]],[[[-83.930061,43.922211],[-83.919754,43.917752],[-83.913938,43.928624],[-83.926751,43.928678],[-83.930061,43.922211]]],[[[-83.99173,43.966977],[-83.986767,43.961287],[-83.979455,43.964826],[-83.979473,43.966683],[-83.99173,43.966977]]],[[[-83.996692,43.961476],[-83.996647,43.957855],[-83.986757,43.960847],[-83.986767,43.961287],[-83.996692,43.961476]]],[[[-84.692875,43.597267],[-84.69285,43.593637],[-84.683798,43.592764],[-84.683819,43.597277],[-84.692875,43.597267]],[[-84.687857,43.594583],[-84.687858,43.595856],[-84.687302,43.595847],[-84.686934,43.5941],[-84.687857,43.594583]]],[[[-84.702731,43.597282],[-84.702629,43.593635],[-84.697848,43.593644],[-84.697837,43.59726],[-84.702731,43.597282]]],[[[-84.702802,43.582716],[-84.702745,43.579063],[-84.697765,43.579066],[-84.6978,43.582788],[-84.702802,43.582716]]],[[[-84.727555,43.596988],[-84.72678,43.593547],[-84.707819,43.593643],[-84.707801,43.597268],[-84.727555,43.596988]]],[[[-84.732586,43.593401],[-84.73258,43.592833],[-84.727535,43.592799],[-84.727537,43.59336],[-84.732586,43.593401]]],[[[-84.732596,43.592269],[-84.732553,43.591045],[-84.727528,43.591044],[-84.727533,43.592184],[-84.732596,43.592269]]],[[[-84.735602,43.584212],[-84.735571,43.582595],[-84.734903,43.582585],[-84.734903,43.584224],[-84.735602,43.584212]]]]},"properties":{"GEOID":"1610T","TRIBE_NAME":"SaginawChippewaIndianTribeofMichigan"}},{"type":"Feature","id":128,"geometry":{"type":"MultiPolygon","coordinates":[[[[-122.581047,41.612892],[-122.580939,41.611559],[-122.5775,41.611511],[-122.577797,41.612952],[-122.581047,41.612892]]],[[[-122.976822,41.599826],[-122.976794,41.598044],[-122.974105,41.597993],[-122.97413,41.599872],[-122.976822,41.599826]]],[[[-122.983172,41.591984],[-122.97847,41.588835],[-122.973605,41.59598],[-122.978443,41.598069],[-122.983172,41.591984]]]]},"properties":{"GEOID":"3020T","TRIBE_NAME":"QuartzValleyIndianCommunityoftheQuartzValleyReservationofCalifornia"}},{"type":"Feature","id":129,"geometry":{"type":"Polygon","coordinates":[[[-105.826365,35.858581],[-105.826263,35.843644],[-105.821153,35.843729],[-105.821337,35.858638],[-105.826365,35.858581]]]},"properties":{"GEOID":"2400T","TRIBE_NAME":"PuebloofNambe,NewMexico"}},{"type":"Feature","id":130,"geometry":{"type":"Polygon","coordinates":[[[-93.949581,47.270734],[-93.944556,47.267839],[-93.944549,47.275074],[-93.948166,47.273367],[-93.949581,47.270734]]]},"properties":{"GEOID":"1940T","TRIBE_NAME":"MinnesotaChippewaTribe,Minnesota(LeechLakeBand)"}},{"type":"Feature","id":131,"geometry":{"type":"MultiPolygon","coordinates":[[[[-85.189555,45.21004],[-85.189572,45.207569],[-85.181691,45.208283],[-85.181679,45.210028],[-85.189555,45.21004]]],[[[-85.251886,44.860208],[-85.246321,44.859378],[-85.246317,44.863714],[-85.25187,44.863707],[-85.251886,44.860208]]],[[[-85.27228,44.87791],[-85.272211,44.873768],[-85.266379,44.875029],[-85.266379,44.87788],[-85.27228,44.87791]]],[[[-85.353007,44.86858],[-85.353005,44.866825],[-85.343228,44.866808],[-85.343261,44.87043],[-85.353007,44.86858]]],[[[-85.429399,44.779607],[-85.429311,44.772798],[-85.410052,44.773378],[-85.419749,44.779624],[-85.429399,44.779607]]],[[[-85.602211,45.025053],[-85.602242,45.024473],[-85.599219,45.024132],[-85.599233,45.025048],[-85.602211,45.025053]]],[[[-85.602284,45.026322],[-85.60229,45.025561],[-85.599288,45.02552],[-85.599372,45.026286],[-85.602284,45.026322]]],[[[-85.604384,45.022725],[-85.602144,45.022416],[-85.601944,45.022629],[-85.604384,45.022725]]],[[[-85.604552,45.023487],[-85.604538,45.022988],[-85.599424,45.022817],[-85.599246,45.023998],[-85.604552,45.023487]]],[[[-85.605804,45.018454],[-85.602655,45.018836],[-85.601549,45.020198],[-85.60322,45.021232],[-85.605804,45.018454]]],[[[-85.607385,45.022287],[-85.607336,45.021291],[-85.604615,45.021291],[-85.604803,45.022308],[-85.607385,45.022287]]],[[[-85.611343,45.018284],[-85.608175,45.014285],[-85.603839,45.017691],[-85.605828,45.018426],[-85.611343,45.018284]]],[[[-85.620677,45.03682],[-85.617702,45.03027],[-85.599387,45.026752],[-85.599332,45.032424],[-85.620677,45.03682]],[[-85.603673,45.029255],[-85.6015,45.029421],[-85.601524,45.028595],[-85.60207,45.029253],[-85.603673,45.029255]]],[[[-85.633451,45.027919],[-85.633486,45.026078],[-85.624188,45.026087],[-85.624102,45.028611],[-85.633451,45.027919]]],[[[-85.634104,45.020744],[-85.632219,45.013254],[-85.629458,45.013242],[-85.625946,45.021909],[-85.634104,45.020744]],[[-85.631252,45.017273],[-85.631263,45.018672],[-85.630221,45.018665],[-85.630226,45.017277],[-85.631252,45.017273]]],[[[-85.634598,45.03735],[-85.634605,45.036121],[-85.625998,45.034681],[-85.628198,45.036771],[-85.634598,45.03735]]],[[[-85.691082,44.739774],[-85.691344,44.734248],[-85.68642,44.734283],[-85.686076,44.74174],[-85.691082,44.739774]]],[[[-86.094413,44.595528],[-86.094232,44.588257],[-86.087619,44.588098],[-86.087756,44.595362],[-86.094413,44.595528]]]]},"properties":{"GEOID":"1370T","TRIBE_NAME":"GrandTraverseBandofOttawaandChippewaIndians,Michigan"}},{"type":"Feature","id":132,"geometry":{"type":"MultiPolygon","coordinates":[[[[-68.140897,45.313026],[-68.14089,45.312457],[-68.140311,45.312515],[-68.140388,45.313063],[-68.140897,45.313026]]],[[[-68.149169,45.301251],[-68.149137,45.300579],[-68.148902,45.300601],[-68.148953,45.301238],[-68.149169,45.301251]]],[[[-68.202849,45.307358],[-68.18069,45.237179],[-68.055024,45.252582],[-68.076459,45.28607],[-68.138449,45.301123],[-68.161618,45.282151],[-68.153922,45.299873],[-68.180084,45.315075],[-68.175834,45.300557],[-68.202849,45.307358]],[[-68.189176,45.277794],[-68.188668,45.278147],[-68.188317,45.277716],[-68.188669,45.277463],[-68.189176,45.277794]],[[-68.164631,45.262554],[-68.164498,45.262983],[-68.164009,45.262759],[-68.164326,45.262414],[-68.164631,45.262554]],[[-68.076875,45.283997],[-68.07656,45.284233],[-68.076203,45.283972],[-68.07652,45.283794],[-68.076875,45.283997]]],[[[-68.235706,45.330141],[-68.232716,45.317739],[-68.207244,45.321671],[-68.211183,45.333789],[-68.235706,45.330141]]],[[[-68.560114,45.743634],[-68.503037,45.736812],[-68.492979,45.718458],[-68.480632,45.713222],[-68.497753,45.740427],[-68.470927,45.738929],[-68.449839,45.760622],[-68.560008,45.760811],[-68.560114,45.743634]]],[[[-68.674931,45.362479],[-68.670123,45.346858],[-68.646062,45.351063],[-68.651484,45.371545],[-68.663511,45.365487],[-68.669204,45.363675],[-68.674931,45.362479]]],[[[-68.688739,45.066282],[-68.688086,45.062588],[-68.668208,45.066001],[-68.670071,45.069683],[-68.688739,45.066282]]],[[[-68.704776,45.061022],[-68.699995,45.050101],[-68.688246,45.051918],[-68.689886,45.062661],[-68.704776,45.061022]]],[[[-68.76188,45.526715],[-68.756028,45.498565],[-68.732948,45.501097],[-68.71757,45.438551],[-68.701758,45.441353],[-68.688563,45.402502],[-68.670424,45.396511],[-68.675341,45.362708],[-68.621732,45.388109],[-68.632576,45.45263],[-68.602987,45.458513],[-68.639565,45.545189],[-68.76188,45.526715]]],[[[-68.773421,45.105494],[-68.712696,45.05952],[-68.716704,45.089277],[-68.701242,45.092936],[-68.692934,45.072526],[-68.696414,45.095311],[-68.657588,45.109475],[-68.663445,45.126494],[-68.773421,45.105494]]],[[[-68.822037,46.167821],[-68.786498,46.143071],[-68.79615,46.125659],[-68.757347,46.1256],[-68.773539,46.214712],[-68.820642,46.214807],[-68.822037,46.167821]]],[[[-69.085987,45.303878],[-69.082434,45.291082],[-69.052117,45.295447],[-69.059156,45.312531],[-69.085987,45.303878]]],[[[-69.087386,45.362581],[-69.07672,45.354727],[-69.068438,45.35567],[-69.07182,45.367935],[-69.087386,45.362581]]],[[[-69.121395,45.35314],[-69.116704,45.331546],[-69.089518,45.32579],[-69.096531,45.33485],[-69.080785,45.3403],[-69.121395,45.35314]]],[[[-69.136197,45.39817],[-69.127654,45.364889],[-69.072024,45.376533],[-69.092977,45.385614],[-69.111817,45.384328],[-69.114317,45.400682],[-69.136197,45.39817]],[[-69.093124,45.379139],[-69.08838,45.379831],[-69.088085,45.377769],[-69.092703,45.378999],[-69.093124,45.379139]]],[[[-70.577431,45.277833],[-70.577186,45.27658],[-70.57625,45.27685],[-70.576399,45.277419],[-70.577431,45.277833]]],[[[-70.57813,45.281429],[-70.577921,45.280375],[-70.576982,45.280243],[-70.577102,45.280903],[-70.57813,45.281429]]],[[[-70.57833,45.281639],[-70.578271,45.281503],[-70.57813,45.281429],[-70.578215,45.281827],[-70.57833,45.281639]]],[[[-70.719374,45.294034],[-70.700018,45.217626],[-70.568523,45.223423],[-70.588075,45.309379],[-70.719374,45.294034]]]]},"properties":{"GEOID":"2760T","TRIBE_NAME":"PenobscotNation"}},{"type":"Feature","id":133,"geometry":{"type":"MultiPolygon","coordinates":[[[[-106.201566,35.957882],[-106.195753,35.954835],[-106.194603,35.954686],[-106.194634,35.958446],[-106.201566,35.957882]]],[[[-106.248285,35.961214],[-106.245627,35.948184],[-106.211313,35.953857],[-106.211308,35.964241],[-106.248285,35.961214]]]]},"properties":{"GEOID":"3495T","TRIBE_NAME":"PuebloofSantaClara,NewMexico"}},{"type":"Feature","id":134,"geometry":{"type":"MultiPolygon","coordinates":[[[[-121.087184,38.875853],[-121.086104,38.875202],[-121.084893,38.876402],[-121.086867,38.876436],[-121.087184,38.875853]]],[[[-121.089496,38.874884],[-121.089557,38.873516],[-121.085877,38.874031],[-121.08727,38.874922],[-121.089496,38.874884]]],[[[-121.089572,38.873087],[-121.089596,38.872741],[-121.088819,38.872744],[-121.088825,38.873084],[-121.089572,38.873087]]],[[[-121.340627,39.023966],[-121.312527,39.015584],[-121.312309,39.034965],[-121.33104,39.031527],[-121.340627,39.023966]]]]},"properties":{"GEOID":"0120T","TRIBE_NAME":"UnitedAuburnIndianCommunityoftheAuburnRancheriaofCalifornia"}},{"type":"Feature","id":135,"geometry":{"type":"MultiPolygon","coordinates":[[[[-99.405081,43.811547],[-99.404956,43.803858],[-99.396958,43.802454],[-99.399349,43.810593],[-99.405081,43.811547]]],[[[-100.164477,44.210103],[-100.163976,44.194795],[-100.143881,44.194726],[-100.144137,44.210089],[-100.164477,44.210103]]],[[[-100.226742,44.188075],[-100.196342,44.18034],[-100.19632,44.165597],[-100.166297,44.180478],[-100.166272,44.194796],[-100.203827,44.194781],[-100.204287,44.209407],[-100.224451,44.209281],[-100.226742,44.188075]]]]},"properties":{"GEOID":"2030T","TRIBE_NAME":"LowerBruleSiouxTribeoftheLowerBruleReservation,SouthDakota"}},{"type":"Feature","id":136,"geometry":{"type":"Polygon","coordinates":[[[-118.584387,39.526767],[-118.583557,39.519074],[-118.574873,39.519161],[-118.574863,39.526465],[-118.584387,39.526767]]]},"properties":{"GEOID":"1075T","TRIBE_NAME":"Paiute-ShoshoneTribeoftheFallonReservationandColony,Nevada"}},{"type":"Feature","id":137,"geometry":{"type":"MultiPolygon","coordinates":[[[[-119.762283,39.427734],[-119.761748,39.426916],[-119.757429,39.427601],[-119.758543,39.429111],[-119.762283,39.427734]]],[[[-119.781017,39.530085],[-119.780891,39.527532],[-119.777921,39.527617],[-119.779555,39.529235],[-119.781017,39.530085]]]]},"properties":{"GEOID":"3130T","TRIBE_NAME":"Reno-SparksIndianColony,Nevada"}},{"type":"Feature","id":138,"geometry":{"type":"MultiPolygon","coordinates":[[[[-118.569965,43.565271],[-118.569876,43.551397],[-118.560661,43.551428],[-118.56075,43.565302],[-118.569965,43.565271]]],[[[-118.728391,43.591895],[-118.728374,43.584145],[-118.708521,43.584064],[-118.708497,43.598529],[-118.728391,43.591895]]],[[[-118.738807,43.555234],[-118.73875,43.540794],[-118.708361,43.540736],[-118.708444,43.562451],[-118.738807,43.555234]]],[[[-118.748311,43.583978],[-118.748304,43.576976],[-118.738909,43.576949],[-118.738957,43.584174],[-118.748311,43.583978]]],[[[-118.758988,43.598256],[-118.758922,43.584264],[-118.748312,43.584219],[-118.748345,43.59841],[-118.758988,43.598256]]],[[[-118.759184,43.52618],[-118.759155,43.51161],[-118.728227,43.50426],[-118.727759,43.518893],[-118.759184,43.52618]]],[[[-118.768764,43.569719],[-118.759489,43.555179],[-118.74816,43.555249],[-118.74827,43.56974],[-118.768764,43.569719]]],[[[-118.768942,43.533659],[-118.768907,43.526096],[-118.759184,43.52618],[-118.759218,43.533684],[-118.768942,43.533659]]],[[[-118.796135,43.591716],[-118.796102,43.58453],[-118.786379,43.584553],[-118.786413,43.591613],[-118.796135,43.591716]]],[[[-118.806745,43.555023],[-118.806256,43.533473],[-118.759416,43.540365],[-118.759489,43.555179],[-118.806745,43.555023]]],[[[-118.806937,43.599013],[-118.806758,43.591636],[-118.796135,43.591716],[-118.796069,43.598992],[-118.806937,43.599013]]],[[[-118.806981,43.569877],[-118.806948,43.563447],[-118.786456,43.563498],[-118.786478,43.57018],[-118.806981,43.569877]]],[[[-118.817114,43.583595],[-118.817111,43.576913],[-118.807014,43.576938],[-118.807047,43.58362],[-118.817114,43.583595]]],[[[-118.817596,43.606414],[-118.817572,43.598994],[-118.80695,43.599013],[-118.80697,43.606438],[-118.817596,43.606414]]],[[[-118.822175,43.526298],[-118.822135,43.497392],[-118.779373,43.497271],[-118.816971,43.512183],[-118.798036,43.527902],[-118.822175,43.526298]]],[[[-118.831514,43.565319],[-118.822141,43.562096],[-118.82214,43.570038],[-118.831342,43.569999],[-118.831514,43.565319]]],[[[-118.842225,43.562154],[-118.842186,43.540026],[-118.812055,43.546569],[-118.81213,43.555278],[-118.842225,43.562154]]],[[[-118.852849,43.603911],[-118.853001,43.598965],[-118.842264,43.598728],[-118.842472,43.606076],[-118.852849,43.603911]]],[[[-118.862459,43.539861],[-118.862425,43.533178],[-118.842198,43.533229],[-118.842186,43.540026],[-118.862459,43.539861]]],[[[-118.872677,43.533154],[-118.872643,43.52636],[-118.862389,43.526268],[-118.862425,43.533178],[-118.872677,43.533154]]],[[[-118.87277,43.555673],[-118.872741,43.548444],[-118.862315,43.548437],[-118.86213,43.555454],[-118.87277,43.555673]]],[[[-118.932162,43.534034],[-118.913047,43.525916],[-118.913162,43.548309],[-118.922545,43.534054],[-118.932162,43.534034]]],[[[-118.940604,43.548298],[-118.940585,43.540688],[-118.931889,43.540594],[-118.931905,43.548405],[-118.940604,43.548298]]],[[[-119.079469,43.581593],[-119.076244,43.581703],[-119.075314,43.584422],[-119.07944,43.583741],[-119.079469,43.581593]]],[[[-119.096984,43.579674],[-119.096928,43.578434],[-119.095689,43.578434],[-119.095689,43.579776],[-119.096984,43.579674]]]]},"properties":{"GEOID":"0400T","TRIBE_NAME":"BurnsPaiuteTribe"}},{"type":"Feature","id":139,"geometry":{"type":"MultiPolygon","coordinates":[[[[-108.235476,43.593389],[-108.235453,43.586117],[-108.220485,43.586117],[-108.220501,43.593387],[-108.235476,43.593389]]],[[[-108.354884,43.583425],[-108.334661,43.582329],[-108.334662,43.600668],[-108.354852,43.593349],[-108.354884,43.583425]]],[[[-108.558743,43.730108],[-108.497396,43.708117],[-108.4634,43.712889],[-108.463375,43.723798],[-108.558743,43.730108]]],[[[-108.598352,43.748542],[-108.582841,43.752396],[-108.593754,43.73042],[-108.573675,43.729662],[-108.571886,43.762974],[-108.598352,43.748542]]],[[[-108.748018,43.686542],[-108.746784,43.682243],[-108.741421,43.686663],[-108.742999,43.68664],[-108.748018,43.686542]]],[[[-108.782683,43.669333],[-108.765493,43.671294],[-108.752943,43.683101],[-108.762895,43.681288],[-108.782683,43.669333]]]]},"properties":{"GEOID":"4610T","TRIBE_NAME":"NorthernArapahoTribeoftheWindRiverReservation,Wyoming"}},{"type":"Feature","id":140,"geometry":{"type":"MultiPolygon","coordinates":[[[[-108.235476,43.593389],[-108.235453,43.586117],[-108.220485,43.586117],[-108.220501,43.593387],[-108.235476,43.593389]]],[[[-108.354884,43.583425],[-108.334661,43.582329],[-108.334662,43.600668],[-108.354852,43.593349],[-108.354884,43.583425]]],[[[-108.558743,43.730108],[-108.497396,43.708117],[-108.4634,43.712889],[-108.463375,43.723798],[-108.558743,43.730108]]],[[[-108.598352,43.748542],[-108.582841,43.752396],[-108.593754,43.73042],[-108.573675,43.729662],[-108.571886,43.762974],[-108.598352,43.748542]]],[[[-108.748018,43.686542],[-108.746784,43.682243],[-108.741421,43.686663],[-108.742999,43.68664],[-108.748018,43.686542]]],[[[-108.782683,43.669333],[-108.765493,43.671294],[-108.752943,43.683101],[-108.762895,43.681288],[-108.782683,43.669333]]]]},"properties":{"GEOID":"4610T","TRIBE_NAME":"EasternShoshoneTribeoftheWindRiverReservation,Wyoming"}},{"type":"Feature","id":141,"geometry":{"type":"MultiPolygon","coordinates":[[[[-92.206021,45.847221],[-92.206021,45.844702],[-92.200735,45.844724],[-92.200735,45.84836],[-92.206021,45.847221]]],[[[-92.284202,45.516451],[-92.284199,45.515416],[-92.2802,45.515302],[-92.280206,45.51721],[-92.284202,45.516451]]],[[[-92.29309,45.823935],[-92.293186,45.820248],[-92.287984,45.820162],[-92.287918,45.823769],[-92.29309,45.823935]]],[[[-92.363267,46.012233],[-92.36297,46.005676],[-92.342322,46.006629],[-92.348515,46.016082],[-92.363267,46.012233]]]]},"properties":{"GEOID":"3305T","TRIBE_NAME":"St.CroixChippewaIndiansofWisconsin"}},{"type":"Feature","id":142,"geometry":{"type":"MultiPolygon","coordinates":[[[[-116.845749,32.929919],[-116.845751,32.926285],[-116.841456,32.926271],[-116.841455,32.929893],[-116.845749,32.929919]]],[[[-116.852681,32.935993],[-116.832896,32.929895],[-116.819438,32.945972],[-116.832976,32.938688],[-116.852681,32.935993]]],[[[-116.898919,32.920917],[-116.878484,32.930866],[-116.877831,32.946189],[-116.894481,32.941863],[-116.898919,32.920917]],[[-116.880896,32.942423],[-116.880897,32.943248],[-116.879919,32.943249],[-116.879918,32.942424],[-116.880896,32.942423]]]]},"properties":{"GEOID":"0155T","TRIBE_NAME":"CapitanGrandeBandofDieguenoMissionIndiansofCalifornia:BaronaGroupofCapitanGrandeBandofMissionIndiansoftheBaronaReservation,California"}},{"type":"Feature","id":143,"geometry":{"type":"MultiPolygon","coordinates":[[[[-108.906146,34.871011],[-108.905564,34.857411],[-108.888509,34.856228],[-108.888759,34.871009],[-108.906146,34.871011]]],[[[-108.976409,34.859036],[-108.958878,34.856837],[-108.958625,34.870996],[-108.976301,34.870992],[-108.976409,34.859036]]],[[[-108.992719,34.740176],[-108.992386,34.725551],[-108.97466,34.725436],[-108.974949,34.740098],[-108.992719,34.740176]]],[[[-108.993243,34.769399],[-108.992848,34.754534],[-108.957304,34.740101],[-108.957284,34.725443],[-108.99133,34.711239],[-108.992702,34.68356],[-108.932529,34.68279],[-108.92217,34.661253],[-108.851441,34.646501],[-108.853089,34.699062],[-108.90488,34.696349],[-108.904808,34.710716],[-108.88724,34.710875],[-108.887356,34.784806],[-108.922146,34.762374],[-108.993243,34.769399]],[[-108.90488,34.696349],[-108.905114,34.682238],[-108.923074,34.682512],[-108.922811,34.696865],[-108.90488,34.696349]],[[-108.957304,34.740101],[-108.957526,34.754722],[-108.939824,34.754755],[-108.93962,34.740078],[-108.957304,34.740101]],[[-108.974407,34.710959],[-108.957632,34.710931],[-108.957937,34.696892],[-108.974904,34.696972],[-108.974407,34.710959]]],[[[-108.993684,34.844136],[-108.993502,34.805953],[-108.925495,34.772144],[-108.887821,34.799388],[-108.905676,34.828457],[-108.888294,34.828621],[-108.888258,34.843144],[-108.92377,34.857604],[-108.923977,34.871006],[-108.958878,34.856837],[-108.940525,34.828216],[-108.958251,34.826921],[-108.976431,34.85674],[-108.993668,34.856855],[-108.993684,34.844136]],[[-108.92377,34.857604],[-108.923447,34.84293],[-108.932026,34.84292],[-108.932672,34.85714],[-108.92377,34.857604]]]]},"properties":{"GEOID":"4785T","TRIBE_NAME":"ZuniTribeoftheZuniReservation,NewMexico"}},{"type":"Feature","id":144,"geometry":{"type":"MultiPolygon","coordinates":[[[[-112.317493,48.401658],[-112.316115,48.400206],[-112.314558,48.399715],[-112.314571,48.403071],[-112.317493,48.401658]]],[[[-112.336785,48.80755],[-112.336789,48.805711],[-112.333371,48.805711],[-112.333364,48.80755],[-112.336785,48.80755]]],[[[-112.580893,48.310044],[-112.575877,48.309691],[-112.575941,48.312716],[-112.57743,48.313753],[-112.580893,48.310044]]],[[[-112.83523,48.180905],[-112.827318,48.180835],[-112.826236,48.181553],[-112.829303,48.183006],[-112.83523,48.180905]]]]},"properties":{"GEOID":"0305T","TRIBE_NAME":"BlackfeetTribeoftheBlackfeetIndianReservationofMontana"}},{"type":"Feature","id":145,"geometry":{"type":"Polygon","coordinates":[[[-116.879581,36.450469],[-116.87179,36.441401],[-116.864003,36.44143],[-116.864105,36.453594],[-116.879581,36.450469]]]},"properties":{"GEOID":"4180T","TRIBE_NAME":"TimbishaShoshoneTribe"}},{"type":"Feature","id":146,"geometry":{"type":"Polygon","coordinates":[[[-84.728466,46.461757],[-84.728413,46.457986],[-84.725674,46.457978],[-84.725744,46.46178],[-84.728466,46.461757]]]},"properties":{"GEOID":"0170T","TRIBE_NAME":"BayMillsIndianCommunity,Michigan"}},{"type":"Feature","id":147,"geometry":{"type":"MultiPolygon","coordinates":[[[[-92.329776,47.815223],[-92.329652,47.811255],[-92.322587,47.815206],[-92.325986,47.8152],[-92.329776,47.815223]]],[[[-92.378085,47.812675],[-92.351031,47.808314],[-92.356791,47.837387],[-92.377974,47.830629],[-92.378085,47.812675]],[[-92.372508,47.830585],[-92.367276,47.830502],[-92.367295,47.826901],[-92.372696,47.826994],[-92.372508,47.830585]]],[[[-92.851874,48.059445],[-92.842954,48.057939],[-92.841887,48.065295],[-92.847754,48.063047],[-92.851874,48.059445]]],[[[-92.873477,48.050314],[-92.87278,48.046794],[-92.862565,48.047113],[-92.862478,48.050636],[-92.873477,48.050314]]]]},"properties":{"GEOID":"0335T","TRIBE_NAME":"MinnesotaChippewaTribe,Minnesota(BoisForteBand(NettLake))"}},{"type":"Feature","id":148,"geometry":{"type":"MultiPolygon","coordinates":[[[[-106.048353,31.906456],[-105.996845,31.90146],[-105.99706,31.927647],[-106.035726,31.927799],[-106.035855,31.906732],[-106.048353,31.906456]]],[[[-106.090309,31.794007],[-106.090267,31.790718],[-106.08775,31.790724],[-106.087788,31.793996],[-106.090309,31.794007]]],[[[-106.302463,31.623004],[-106.30041,31.611717],[-106.286179,31.618999],[-106.291814,31.626524],[-106.302463,31.623004]]],[[[-106.319173,31.682494],[-106.318793,31.681904],[-106.316719,31.683146],[-106.317422,31.68334],[-106.319173,31.682494]]],[[[-106.321192,31.688312],[-106.320742,31.687086],[-106.319232,31.687248],[-106.320902,31.688862],[-106.321192,31.688312]]],[[[-106.323072,31.692284],[-106.323131,31.692094],[-106.322625,31.691967],[-106.322574,31.692159],[-106.323072,31.692284]]],[[[-106.323149,31.686786],[-106.322973,31.686654],[-106.322699,31.687096],[-106.322928,31.687146],[-106.323149,31.686786]]],[[[-106.323307,31.689954],[-106.322629,31.690841],[-106.32275,31.690975],[-106.323307,31.689954]]],[[[-106.326517,31.692729],[-106.326493,31.692567],[-106.325741,31.692618],[-106.325763,31.692771],[-106.326517,31.692729]]],[[[-106.32656,31.687391],[-106.324772,31.686126],[-106.322005,31.689035],[-106.326012,31.688734],[-106.32656,31.687391]]],[[[-106.326762,31.694055],[-106.326686,31.693823],[-106.326146,31.693824],[-106.326152,31.694023],[-106.326762,31.694055]]],[[[-106.327028,31.691587],[-106.326391,31.691238],[-106.32594,31.691908],[-106.326987,31.692192],[-106.327028,31.691587]]],[[[-106.328513,31.691215],[-106.328584,31.69082],[-106.328134,31.690756],[-106.328017,31.691144],[-106.328513,31.691215]]],[[[-106.328504,31.689296],[-106.328205,31.688598],[-106.327274,31.688669],[-106.327166,31.689094],[-106.328504,31.689296]]],[[[-106.328894,31.691267],[-106.328956,31.690867],[-106.328642,31.690829],[-106.328572,31.691223],[-106.328894,31.691267]]],[[[-106.330038,31.690478],[-106.330255,31.689962],[-106.32844,31.689448],[-106.328281,31.690132],[-106.330038,31.690478]]],[[[-106.334317,31.696435],[-106.334233,31.69608],[-106.333992,31.696013],[-106.333874,31.696387],[-106.334317,31.696435]]]]},"properties":{"GEOID":"4755T","TRIBE_NAME":"YsletadelSurPueblo"}},{"type":"Feature","id":149,"geometry":{"type":"Polygon","coordinates":[[[-110.754346,35.038346],[-110.7527,35.03175],[-110.741664,35.031486],[-110.746541,35.038583],[-110.754346,35.038346]]]},"properties":{"GEOID":"1505T","TRIBE_NAME":"HopiTribeofArizona"}},{"type":"Feature","id":150,"geometry":{"type":"MultiPolygon","coordinates":[[[[-95.006691,44.529425],[-95.006697,44.528785],[-94.999268,44.528686],[-94.99926,44.529333],[-95.006691,44.529425]]],[[[-95.02737,44.536546],[-95.022198,44.529341],[-95.008902,44.528243],[-95.017222,44.536588],[-95.02737,44.536546]]]]},"properties":{"GEOID":"2055T","TRIBE_NAME":"LowerSiouxIndianCommunityintheStateofMinnesota"}},{"type":"Feature","id":151,"geometry":{"type":"MultiPolygon","coordinates":[[[[-87.321716,45.655152],[-87.306239,45.652279],[-87.306181,45.6595],[-87.316537,45.659639],[-87.321716,45.655152]]],[[[-87.331026,45.703843],[-87.331033,45.702753],[-87.325973,45.702684],[-87.325955,45.704735],[-87.331026,45.703843]]],[[[-87.347507,45.700554],[-87.347504,45.70017],[-87.346335,45.70018],[-87.346327,45.700554],[-87.347507,45.700554]]],[[[-87.351616,45.69003],[-87.331264,45.681368],[-87.331033,45.702753],[-87.34627,45.703949],[-87.351616,45.69003]]],[[[-87.351934,45.670419],[-87.351959,45.666505],[-87.346727,45.666491],[-87.346691,45.674052],[-87.351934,45.670419]]],[[[-87.351983,45.662823],[-87.334942,45.656108],[-87.326114,45.674124],[-87.337129,45.674074],[-87.344019,45.663031],[-87.351983,45.662823]]],[[[-87.366737,45.769504],[-87.366718,45.76879],[-87.364665,45.768797],[-87.364672,45.769509],[-87.366737,45.769504]]],[[[-87.377793,45.63449],[-87.3778,45.632988],[-87.376316,45.632994],[-87.376326,45.634488],[-87.377793,45.63449]]],[[[-87.42957,45.769184],[-87.397692,45.768582],[-87.397951,45.782957],[-87.42935,45.782636],[-87.42957,45.769184]]],[[[-87.43353,45.736513],[-87.433513,45.732948],[-87.430446,45.732958],[-87.430453,45.736527],[-87.43353,45.736513]]]]},"properties":{"GEOID":"1410T","TRIBE_NAME":"HannahvilleIndianCommunity,Michigan"}},{"type":"Feature","id":152,"geometry":{"type":"Polygon","coordinates":[[[-106.246117,35.888367],[-106.230828,35.871977],[-106.196159,35.868631],[-106.196214,35.8905],[-106.246117,35.888367]]]},"properties":{"GEOID":"3415T","TRIBE_NAME":"PuebloofSanIldefonso,NewMexico"}},{"type":"Feature","id":153,"geometry":{"type":"MultiPolygon","coordinates":[[[[-80.885125,34.912069],[-80.884772,34.910919],[-80.881331,34.912525],[-80.882375,34.913222],[-80.885125,34.912069]]],[[[-80.895203,34.895369],[-80.894501,34.894785],[-80.893163,34.895823],[-80.894813,34.896087],[-80.895203,34.895369]]]]},"properties":{"GEOID":"0525T","TRIBE_NAME":"CatawbaIndianNation"}},{"type":"Feature","id":154,"geometry":{"type":"MultiPolygon","coordinates":[[[[-116.836942,32.790416],[-116.823989,32.779594],[-116.814441,32.780191],[-116.814477,32.791071],[-116.836942,32.790416]]],[[[-116.845504,32.790031],[-116.845435,32.786584],[-116.840243,32.786597],[-116.840161,32.790188],[-116.845504,32.790031]]],[[[-116.845988,32.797622],[-116.841137,32.796984],[-116.841134,32.799446],[-116.845114,32.799242],[-116.845988,32.797622]]],[[[-116.893277,32.782789],[-116.884772,32.769494],[-116.883772,32.782261],[-116.870157,32.773156],[-116.841268,32.772149],[-116.841244,32.782983],[-116.893277,32.782789]]]]},"properties":{"GEOID":"4090T","TRIBE_NAME":"SycuanBandoftheKumeyaayNation"}},{"type":"Feature","id":155,"geometry":{"type":"MultiPolygon","coordinates":[[[[-94.666551,30.723953],[-94.655999,30.718232],[-94.636294,30.731804],[-94.666382,30.7317],[-94.666551,30.723953]],[[-94.663528,30.719437],[-94.663146,30.719864],[-94.662506,30.719433],[-94.662849,30.718979],[-94.663528,30.719437]]],[[[-94.678086,30.701486],[-94.625386,30.699239],[-94.625482,30.715668],[-94.635734,30.728369],[-94.678086,30.701486]]],[[[-94.689199,30.721555],[-94.689137,30.720262],[-94.68727,30.721512],[-94.688254,30.722404],[-94.689199,30.721555]]],[[[-94.728105,30.695745],[-94.71467,30.689775],[-94.70466,30.695997],[-94.716074,30.705432],[-94.728105,30.695745]]],[[[-94.733691,30.720559],[-94.732731,30.712448],[-94.721539,30.719288],[-94.723971,30.721295],[-94.733691,30.720559]]],[[[-94.734544,30.710933],[-94.733659,30.707605],[-94.72644,30.708695],[-94.727984,30.713364],[-94.734544,30.710933]]],[[[-94.736204,30.711589],[-94.735441,30.710943],[-94.733541,30.71212],[-94.735432,30.712322],[-94.736204,30.711589]]],[[[-94.862513,30.835291],[-94.837565,30.825526],[-94.826789,30.845062],[-94.860307,30.840394],[-94.862513,30.835291]],[[-94.835353,30.832811],[-94.835907,30.833058],[-94.836042,30.83412],[-94.835604,30.834083],[-94.835353,30.832811]]]]},"properties":{"GEOID":"0050T","TRIBE_NAME":"Alabama-CoushattaTribeofTexas"}},{"type":"Feature","id":156,"geometry":{"type":"MultiPolygon","coordinates":[[[[-87.935909,43.029891],[-87.933231,43.029595],[-87.933216,43.030538],[-87.935889,43.031447],[-87.935909,43.029891]]],[[[-87.95521,43.041401],[-87.95344,43.041129],[-87.953689,43.04437],[-87.955201,43.04455],[-87.95521,43.041401]]],[[[-88.340655,43.572421],[-88.335655,43.566923],[-88.33064,43.566845],[-88.330609,43.572324],[-88.340655,43.572421]]],[[[-88.561546,45.492674],[-88.556417,45.488699],[-88.551268,45.488684],[-88.551251,45.495835],[-88.561546,45.492674]]],[[[-88.58237,45.539239],[-88.582274,45.535618],[-88.577194,45.535625],[-88.577254,45.539242],[-88.58237,45.539239]]],[[[-88.582411,45.499637],[-88.582338,45.496024],[-88.578445,45.495978],[-88.578419,45.499598],[-88.582411,45.499637]]],[[[-88.602655,45.470075],[-88.593005,45.467389],[-88.592594,45.473837],[-88.597818,45.470118],[-88.602655,45.470075]]],[[[-88.618271,45.507279],[-88.613188,45.499972],[-88.592725,45.506916],[-88.592808,45.514297],[-88.618271,45.507279]],[[-88.615447,45.50962],[-88.615419,45.510659],[-88.613019,45.51062],[-88.613079,45.509416],[-88.615447,45.50962]]],[[[-88.635783,45.408295],[-88.635853,45.4074],[-88.620736,45.407381],[-88.624502,45.410836],[-88.635783,45.408295]]],[[[-88.660008,45.451402],[-88.644589,45.450736],[-88.634174,45.464],[-88.654727,45.460951],[-88.660008,45.451402]]],[[[-88.665017,45.464175],[-88.659927,45.460861],[-88.654722,45.470307],[-88.664864,45.467895],[-88.665017,45.464175]]],[[[-88.82017,45.56887],[-88.820113,45.565123],[-88.804876,45.565106],[-88.804865,45.567623],[-88.82017,45.56887]]],[[[-88.825153,45.557776],[-88.824741,45.550533],[-88.820135,45.550538],[-88.82012,45.557848],[-88.825153,45.557776]]],[[[-88.840529,45.56195],[-88.825153,45.557776],[-88.820113,45.565123],[-88.84045,45.565156],[-88.840529,45.56195]],[[-88.834621,45.563799],[-88.834451,45.564164],[-88.834048,45.564072],[-88.834174,45.5638],[-88.834621,45.563799]]],[[[-88.84111,45.58674],[-88.84087,45.579328],[-88.825547,45.579521],[-88.830779,45.586786],[-88.84111,45.58674]]],[[[-88.843936,45.554],[-88.835496,45.550587],[-88.835212,45.557788],[-88.840505,45.557811],[-88.843936,45.554]]],[[[-88.845803,45.57592],[-88.845792,45.574003],[-88.84072,45.574083],[-88.840771,45.575851],[-88.845803,45.57592]]],[[[-88.856652,45.572427],[-88.851066,45.572312],[-88.851065,45.575939],[-88.856591,45.576066],[-88.856652,45.572427]]],[[[-88.859296,45.559649],[-88.840505,45.557811],[-88.840481,45.561475],[-88.856399,45.56134],[-88.859296,45.559649]]],[[[-88.931117,45.608534],[-88.931559,45.604971],[-88.923193,45.604687],[-88.923226,45.611913],[-88.931117,45.608534]]]]},"properties":{"GEOID":"1135T","TRIBE_NAME":"ForestCountyPotawatomiCommunity,Wisconsin"}},{"type":"Feature","id":157,"geometry":{"type":"MultiPolygon","coordinates":[[[[-109.729322,39.258173],[-109.726568,39.257025],[-109.726568,39.261629],[-109.727463,39.261063],[-109.729322,39.258173]]],[[[-109.732877,39.207006],[-109.73011,39.204404],[-109.726685,39.204686],[-109.726686,39.207006],[-109.732877,39.207006]]],[[[-109.734322,39.253657],[-109.731569,39.253543],[-109.731539,39.255503],[-109.734268,39.254825],[-109.734322,39.253657]]],[[[-109.783131,39.200548],[-109.783126,39.1996],[-109.78311,39.19581],[-109.7816,39.199223],[-109.783131,39.200548]]],[[[-109.815683,39.240932],[-109.8157,39.239658],[-109.808975,39.239645],[-109.810517,39.242388],[-109.815683,39.240932]]],[[[-109.824011,39.243519],[-109.823956,39.240076],[-109.82038,39.240554],[-109.82233,39.242804],[-109.824011,39.243519]]],[[[-109.837272,39.24735],[-109.832019,39.246951],[-109.832021,39.251146],[-109.835503,39.247859],[-109.837272,39.24735]]],[[[-110.062935,39.317409],[-110.062329,39.312736],[-110.062132,39.311767],[-110.058283,39.316331],[-110.062935,39.317409]]],[[[-111.098516,39.589319],[-111.079413,39.586043],[-111.079545,39.600488],[-111.09847,39.600494],[-111.098516,39.589319]]]]},"properties":{"GEOID":"4390T","TRIBE_NAME":"UteIndianTribeoftheUintah&OurayReservation,Utah"}},{"type":"Feature","id":158,"geometry":{"type":"MultiPolygon","coordinates":[[[[-124.156205,41.766811],[-124.151929,41.758247],[-124.145208,41.758325],[-124.146846,41.769097],[-124.156205,41.766811]]],[[[-124.156632,41.742239],[-124.156361,41.737205],[-124.144284,41.735777],[-124.145896,41.743852],[-124.156632,41.742239]]]]},"properties":{"GEOID":"1010T","TRIBE_NAME":"ElkValleyRancheria,California"}},{"type":"Feature","id":159,"geometry":{"type":"Polygon","coordinates":[[[-114.618842,34.850145],[-114.614012,34.849285],[-114.613767,34.853364],[-114.618129,34.855309],[-114.618842,34.850145]]]},"properties":{"GEOID":"1235T","TRIBE_NAME":"FortMojaveIndianTribeofArizona,California&Nevada"}},{"type":"Feature","id":160,"geometry":{"type":"MultiPolygon","coordinates":[[[[-122.194659,48.808396],[-122.179645,48.803794],[-122.168966,48.817355],[-122.183903,48.817536],[-122.194659,48.808396]]],[[[-122.200904,48.799279],[-122.199197,48.798282],[-122.198539,48.799159],[-122.199476,48.799986],[-122.200904,48.799279]]],[[[-122.202471,48.806746],[-122.201202,48.805415],[-122.200859,48.808444],[-122.201224,48.808506],[-122.202471,48.806746]]],[[[-122.203624,48.798918],[-122.201633,48.796178],[-122.17886,48.796504],[-122.178772,48.799892],[-122.20155,48.800962],[-122.203624,48.798918]]],[[[-122.207748,48.817716],[-122.202783,48.809249],[-122.196464,48.815862],[-122.196867,48.817523],[-122.207748,48.817716]]],[[[-122.212483,48.803148],[-122.203069,48.796411],[-122.204194,48.799021],[-122.200674,48.803178],[-122.209882,48.816793],[-122.212483,48.803148]]],[[[-122.21276,48.78238],[-122.212367,48.780085],[-122.205194,48.781593],[-122.212256,48.785699],[-122.21276,48.78238]]],[[[-122.213906,48.824768],[-122.209742,48.821206],[-122.205665,48.824695],[-122.205675,48.82502],[-122.213906,48.824768]]],[[[-122.215769,48.825099],[-122.215779,48.823887],[-122.214875,48.823634],[-122.215211,48.825069],[-122.215769,48.825099]]],[[[-122.218068,48.824781],[-122.218064,48.824357],[-122.217492,48.824392],[-122.217499,48.824773],[-122.218068,48.824781]]],[[[-122.218813,48.825108],[-122.218836,48.824787],[-122.218068,48.824781],[-122.21807,48.825084],[-122.218813,48.825108]]],[[[-122.221182,48.821809],[-122.218385,48.820145],[-122.215441,48.823168],[-122.220699,48.824299],[-122.221182,48.821809]]],[[[-122.223262,48.765665],[-122.219515,48.760588],[-122.212854,48.760634],[-122.212438,48.767585],[-122.223262,48.765665]]],[[[-122.287688,48.932904],[-122.26563,48.930812],[-122.265499,48.934753],[-122.287701,48.934742],[-122.287688,48.932904]]],[[[-122.307266,48.858489],[-122.307781,48.854773],[-122.299283,48.856199],[-122.299117,48.858363],[-122.307266,48.858489]]],[[[-122.330382,48.883848],[-122.328947,48.879837],[-122.320788,48.879746],[-122.321271,48.883804],[-122.330382,48.883848]]],[[[-122.338685,48.86905],[-122.325642,48.86387],[-122.318144,48.868903],[-122.320479,48.876327],[-122.338685,48.86905]]],[[[-122.342959,48.861721],[-122.342519,48.854523],[-122.326527,48.854148],[-122.326265,48.861485],[-122.342959,48.861721]]],[[[-122.348098,48.869109],[-122.340279,48.863835],[-122.336996,48.865595],[-122.340243,48.869842],[-122.337076,48.87288],[-122.348098,48.869109]]],[[[-122.353037,48.895634],[-122.334905,48.894597],[-122.334573,48.898317],[-122.353035,48.89849],[-122.353037,48.895634]]],[[[-122.353337,48.87838],[-122.343124,48.876389],[-122.338334,48.880911],[-122.336351,48.890251],[-122.353047,48.891139],[-122.353337,48.87838]]],[[[-122.418757,49.002248],[-122.407512,48.993217],[-122.396764,48.996951],[-122.396935,49.000619],[-122.418757,49.002248]]]]},"properties":{"GEOID":"2475T","TRIBE_NAME":"NooksackIndianTribe"}},{"type":"Feature","id":161,"geometry":{"type":"MultiPolygon","coordinates":[[[[-85.941157,44.267935],[-85.92351,44.266834],[-85.923302,44.274063],[-85.935848,44.277787],[-85.941157,44.267935]]],[[[-85.99651,44.262203],[-85.980916,44.256981],[-85.951318,44.256437],[-85.961315,44.267242],[-85.99651,44.262203]]],[[[-86.021556,44.260938],[-86.016661,44.25565],[-86.002811,44.264139],[-86.006135,44.266489],[-86.021556,44.260938]]],[[[-86.066295,44.273089],[-86.066419,44.269283],[-86.061987,44.269266],[-86.061831,44.273079],[-86.066295,44.273089]]],[[[-86.077383,44.265282],[-86.077383,44.264767],[-86.076239,44.264777],[-86.076241,44.265281],[-86.077383,44.265282]]],[[[-86.078688,44.268309],[-86.078694,44.266275],[-86.072234,44.26641],[-86.072255,44.269572],[-86.078688,44.268309]]],[[[-86.086758,44.293651],[-86.066481,44.291285],[-86.066393,44.298437],[-86.086741,44.299045],[-86.086758,44.293651]]],[[[-86.091756,44.277881],[-86.09179,44.276099],[-86.086748,44.275932],[-86.086718,44.277708],[-86.091756,44.277881]]],[[[-86.096701,44.281699],[-86.096794,44.278054],[-86.091756,44.277881],[-86.091684,44.281502],[-86.096701,44.281699]]],[[[-86.162144,44.276562],[-86.162171,44.272847],[-86.159757,44.272765],[-86.159649,44.27648],[-86.162144,44.276562]]],[[[-86.238238,44.300696],[-86.238219,44.299259],[-86.228512,44.299069],[-86.228546,44.302486],[-86.238238,44.300696]]],[[[-86.243521,44.307126],[-86.243511,44.302587],[-86.242544,44.302574],[-86.240405,44.307134],[-86.243521,44.307126]]],[[[-86.248343,44.28168],[-86.238238,44.278864],[-86.238252,44.2895],[-86.243096,44.289648],[-86.248343,44.28168]]],[[[-86.248387,44.313625],[-86.248348,44.310161],[-86.243515,44.310102],[-86.24351,44.313612],[-86.248387,44.313625]]],[[[-86.253516,44.31721],[-86.253436,44.313671],[-86.248401,44.313625],[-86.248483,44.317194],[-86.253516,44.31721]]],[[[-86.25963,43.947682],[-86.252054,43.9392],[-86.224072,43.938513],[-86.228761,43.947488],[-86.25963,43.947682]]],[[[-86.274951,44.290705],[-86.253556,44.282298],[-86.243511,44.302587],[-86.257557,44.287783],[-86.274951,44.290705]]]]},"properties":{"GEOID":"1960T","TRIBE_NAME":"LittleRiverBandofOttawaIndians,Michigan"}},{"type":"Feature","id":162,"geometry":{"type":"MultiPolygon","coordinates":[[[[-108.90414,48.033603],[-108.904127,48.022761],[-108.885523,48.026358],[-108.885559,48.037569],[-108.90414,48.033603]]],[[[-108.908869,48.198669],[-108.908755,48.191653],[-108.887584,48.191686],[-108.887639,48.198555],[-108.908869,48.198669]]],[[[-108.910088,47.899808],[-108.893578,47.89961],[-108.909829,47.873783],[-108.888505,47.870615],[-108.877178,47.899762],[-108.888373,47.914197],[-108.909824,47.914001],[-108.910088,47.899808]]],[[[-108.937451,47.993104],[-108.937361,47.986581],[-108.909316,47.98677],[-108.920717,48.004441],[-108.937451,47.993104]]],[[[-108.952435,48.117918],[-108.941734,48.117206],[-108.93085,48.133795],[-108.952431,48.137252],[-108.952435,48.117918]]],[[[-108.980184,48.0187],[-108.974402,48.011833],[-108.95847,48.011845],[-108.963708,48.022646],[-108.980184,48.0187]]],[[[-108.995849,48.16268],[-108.995705,48.148194],[-108.936118,48.144573],[-108.957817,48.166127],[-108.984926,48.169812],[-108.974414,48.15184],[-108.995849,48.16268]]],[[[-108.995961,48.177196],[-108.995868,48.169826],[-108.974062,48.17349],[-108.974264,48.180806],[-108.995961,48.177196]]],[[[-109.049635,48.016281],[-109.028235,48.015445],[-109.028109,48.030013],[-109.048829,48.033964],[-109.049635,48.016281]]],[[[-109.081618,48.120447],[-109.081257,48.098803],[-109.060265,48.102472],[-109.060467,48.080832],[-108.952502,48.059178],[-108.952767,48.044712],[-108.925696,48.048256],[-108.926008,48.030001],[-108.909647,48.033693],[-108.909495,48.051953],[-108.885599,48.0484],[-108.885632,48.087997],[-108.909353,48.088064],[-108.909342,48.102838],[-108.88565,48.102572],[-108.885645,48.132121],[-108.898518,48.131468],[-108.887164,48.133777],[-108.887473,48.177519],[-108.898238,48.162711],[-108.930819,48.162645],[-108.909142,48.141306],[-108.914641,48.099105],[-108.952658,48.102912],[-108.952447,48.117206],[-108.968657,48.117196],[-108.968731,48.102863],[-108.979268,48.129235],[-109.038753,48.125336],[-109.034016,48.113539],[-109.049671,48.109541],[-109.081618,48.120447]],[[-109.03886,48.090696],[-109.038751,48.10248],[-109.017207,48.102427],[-109.017278,48.087929],[-109.03886,48.090696]],[[-109.007049,48.088225],[-109.006562,48.102644],[-108.995135,48.103544],[-108.995685,48.088177],[-109.007049,48.088225]],[[-108.995919,48.106229],[-108.995717,48.113498],[-108.990234,48.11356],[-108.990227,48.106271],[-108.995919,48.106229]],[[-108.925525,48.081097],[-108.925508,48.084434],[-108.92018,48.084538],[-108.920198,48.08112],[-108.925525,48.081097]],[[-108.909304,48.10993],[-108.909331,48.113573],[-108.903906,48.113556],[-108.903879,48.109912],[-108.909304,48.10993]],[[-108.903234,48.129407],[-108.896791,48.130984],[-108.896736,48.125332],[-108.903145,48.125117],[-108.903234,48.129407]],[[-108.984828,48.070026],[-108.979638,48.088231],[-108.952451,48.088222],[-108.952502,48.099171],[-108.920157,48.095277],[-108.941798,48.084588],[-108.931036,48.059203],[-108.968909,48.066605],[-108.9525,48.070089],[-108.957966,48.080645],[-108.984828,48.070026]]],[[[-109.081872,48.0439],[-109.012723,48.044908],[-108.995926,48.029972],[-108.974286,48.044737],[-108.974254,48.059252],[-109.000735,48.044678],[-109.027501,48.048425],[-109.022204,48.065961],[-109.081637,48.066752],[-109.081872,48.0439]],[[-109.065982,48.04553],[-109.060303,48.062277],[-109.038807,48.062249],[-109.038837,48.045079],[-109.065982,48.04553]]]]},"properties":{"GEOID":"1150T","TRIBE_NAME":"FortBelknapIndianCommunityoftheFortBelknapReservationofMontana"}},{"type":"Feature","id":163,"geometry":{"type":"Polygon","coordinates":[[[-122.94042,39.052018],[-122.940006,39.05135],[-122.935018,39.051081],[-122.935065,39.053152],[-122.94042,39.052018]]]},"properties":{"GEOID":"3195T","TRIBE_NAME":"RobinsonRancheria"}},{"type":"Feature","id":164,"geometry":{"type":"MultiPolygon","coordinates":[[[[-123.338282,44.266404],[-123.326879,44.260302],[-123.320506,44.259041],[-123.328147,44.265794],[-123.338282,44.266404]]],[[[-123.59708,45.055653],[-123.59708,45.054611],[-123.592062,45.054688],[-123.594029,45.058896],[-123.59708,45.055653]]],[[[-123.627205,45.072912],[-123.620733,45.069166],[-123.617318,45.073148],[-123.625969,45.076387],[-123.627205,45.072912]]],[[[-123.889672,45.513899],[-123.888445,45.508945],[-123.886454,45.508642],[-123.887291,45.515271],[-123.889672,45.513899]]]]},"properties":{"GEOID":"1365T","TRIBE_NAME":"ConfederatedTribesoftheGrandRondeCommunityofOregon"}},{"type":"Feature","id":165,"geometry":{"type":"MultiPolygon","coordinates":[[[[-120.291369,45.349993],[-120.29136,45.346076],[-120.270199,45.34607],[-120.275543,45.36054],[-120.291369,45.349993]]],[[[-120.316532,45.349403],[-120.301545,45.345886],[-120.291334,45.381773],[-120.31173,45.381671],[-120.316532,45.349403]]],[[[-120.511988,45.672015],[-120.486845,45.658439],[-120.49923,45.648906],[-120.48245,45.648981],[-120.482327,45.634964],[-120.46091,45.633079],[-120.47622,45.67597],[-120.511988,45.672015]]],[[[-120.522893,45.65771],[-120.513995,45.654899],[-120.513938,45.662102],[-120.522856,45.66214],[-120.522893,45.65771]]],[[[-120.547444,45.675745],[-120.545866,45.671506],[-120.516895,45.672586],[-120.532597,45.683132],[-120.547444,45.675745]]],[[[-120.91778,45.627083],[-120.916589,45.620385],[-120.907131,45.619776],[-120.913012,45.627099],[-120.91778,45.627083]]],[[[-120.938128,45.634082],[-120.938069,45.631097],[-120.9176,45.630949],[-120.922454,45.634231],[-120.938128,45.634082]]],[[[-121.072443,45.642567],[-121.061821,45.62687],[-121.041044,45.634039],[-121.041102,45.644668],[-121.072443,45.642567]]],[[[-121.306691,45.0716],[-121.306679,45.070309],[-121.276774,45.064165],[-121.287607,45.07162],[-121.306691,45.0716]]],[[[-121.466935,45.689286],[-121.466833,45.685964],[-121.450829,45.686215],[-121.450932,45.689459],[-121.466935,45.689286]]],[[[-121.475803,45.70048],[-121.475823,45.700478],[-121.472141,45.698655],[-121.471852,45.700757],[-121.475803,45.70048]]],[[[-121.482962,45.700549],[-121.482836,45.696533],[-121.472251,45.696698],[-121.479409,45.699076],[-121.482962,45.700549]]]]},"properties":{"GEOID":"4545T","TRIBE_NAME":"ConfederatedTribesoftheWarmSpringsReservationofOregon"}},{"type":"Feature","id":166,"geometry":{"type":"Polygon","coordinates":[[[-80.200487,26.277456],[-80.199222,26.276619],[-80.19917,26.278432],[-80.200466,26.278435],[-80.200487,26.277456]]]},"properties":{"GEOID":"0690T","TRIBE_NAME":"SeminoleTribeofFlorida"}},{"type":"Feature","id":167,"geometry":{"type":"Polygon","coordinates":[[[-122.498549,48.389819],[-122.498652,48.389701],[-122.498103,48.389648],[-122.498348,48.389742],[-122.498549,48.389819]]]},"properties":{"GEOID":"4075T","TRIBE_NAME":"SwinomishIndianTribalCommunity"}},{"type":"Feature","id":168,"geometry":{"type":"Polygon","coordinates":[[[-124.2218,43.404539],[-124.221376,43.400835],[-124.219222,43.394595],[-124.220678,43.408022],[-124.2218,43.404539]]]},"properties":{"GEOID":"0775T","TRIBE_NAME":"CoquilleIndianTribe"}},{"type":"Feature","id":169,"geometry":{"type":"MultiPolygon","coordinates":[[[[-89.173336,46.297001],[-89.173255,46.286135],[-89.168101,46.286136],[-89.168167,46.297005],[-89.173336,46.297001]]],[[[-89.173345,46.26818],[-89.173274,46.264433],[-89.168127,46.264442],[-89.168223,46.268188],[-89.173345,46.26818]]],[[[-89.17823,46.268306],[-89.176765,46.268159],[-89.176762,46.26886],[-89.178221,46.268847],[-89.17823,46.268306]]],[[[-89.183379,46.264469],[-89.179701,46.263453],[-89.178742,46.264696],[-89.179423,46.265457],[-89.183379,46.264469]]],[[[-89.309946,46.329622],[-89.308285,46.315059],[-89.29348,46.318874],[-89.303209,46.331818],[-89.309946,46.329622]],[[-89.306673,46.32202],[-89.301087,46.324122],[-89.299164,46.318585],[-89.302335,46.317896],[-89.306673,46.32202]]]]},"properties":{"GEOID":"1830T","TRIBE_NAME":"LacVieuxDesertBandofLakeSuperiorChippewaIndiansofMichigan"}},{"type":"Feature","id":170,"geometry":{"type":"MultiPolygon","coordinates":[[[[-106.475521,35.255791],[-106.478914,35.252285],[-106.464135,35.24874],[-106.475521,35.255791]]],[[[-106.489883,35.233235],[-106.487041,35.233973],[-106.484536,35.23153],[-106.485933,35.236871],[-106.489883,35.233235]]],[[[-106.506893,35.283178],[-106.495821,35.277212],[-106.492584,35.281284],[-106.503679,35.287222],[-106.506893,35.283178]]],[[[-106.532336,35.318623],[-106.53034,35.31628],[-106.5258,35.31649],[-106.527211,35.31695],[-106.532336,35.318623]]],[[[-106.539007,35.30029],[-106.515698,35.288139],[-106.513375,35.310128],[-106.531081,35.310161],[-106.539007,35.30029]]],[[[-106.579349,35.192192],[-106.568759,35.190342],[-106.564347,35.200015],[-106.576672,35.201787],[-106.579349,35.192192]]],[[[-106.580625,35.306486],[-106.578299,35.305986],[-106.576593,35.307147],[-106.580359,35.307153],[-106.580625,35.306486]]],[[[-106.584655,35.297385],[-106.583214,35.296872],[-106.582245,35.2983],[-106.584406,35.298142],[-106.584655,35.297385]]],[[[-106.601324,35.28198],[-106.600808,35.280111],[-106.598819,35.28165],[-106.599523,35.282532],[-106.601324,35.28198]]]]},"properties":{"GEOID":"3370T","TRIBE_NAME":"PuebloofSandia,NewMexico"}},{"type":"Feature","id":171,"geometry":{"type":"MultiPolygon","coordinates":[[[[-116.061786,33.554649],[-116.062347,33.554649],[-116.061698,33.55436],[-116.061786,33.554649]]],[[[-116.072482,33.554745],[-116.072377,33.547467],[-116.061954,33.547532],[-116.061691,33.554056],[-116.072482,33.554745]]]]},"properties":{"GEOID":"4255T","TRIBE_NAME":"TorresMartinezDesertCahuillaIndians,California"}},{"type":"Feature","id":1,"geometry":{"type":"Polygon","coordinates":[[[-97.2474,36.506975],[-97.24678,36.333092],[-96.924944,36.33335],[-96.926011,36.461505],[-96.981969,36.466065],[-97.009793,36.506941],[-97.2474,36.506975]]]},"properties":{"GEOID":"5760R","TRIBE_NAME":"Otoe-MissouriaTribeofIndians,Oklahoma"}},{"type":"Feature","id":2,"geometry":{"type":"Polygon","coordinates":[[[-96.455006,33.960652],[-96.430309,33.89192],[-96.365729,33.850136],[-96.247943,33.83193],[-96.213817,33.859512],[-96.048841,33.836474],[-96.025233,33.857494],[-96.020631,33.840633],[-95.997715,33.852189],[-96.002932,33.873596],[-95.984863,33.852498],[-95.951389,33.857338],[-95.928257,33.88536],[-95.830413,33.834791],[-95.815578,33.859859],[-95.757966,33.849572],[-95.75216,33.894583],[-95.700642,33.885851],[-95.665485,33.90901],[-95.632781,33.904821],[-95.594092,33.943063],[-95.554217,33.926964],[-95.544148,33.880609],[-95.509533,33.897592],[-95.505006,33.875928],[-95.461447,33.887112],[-95.463343,33.872402],[-95.442753,33.866512],[-95.362578,33.866908],[-95.329943,33.88634],[-95.288933,33.873076],[-95.283811,33.906495],[-95.26852,33.910986],[-95.258113,33.889815],[-95.249402,33.939895],[-95.215088,33.962395],[-95.124707,33.934681],[-95.1209,33.904545],[-95.080067,33.920995],[-95.100385,33.895601],[-95.089614,33.880863],[-95.082415,33.879888],[-95.078703,33.905046],[-95.066767,33.917107],[-95.075883,33.901852],[-95.060112,33.901879],[-95.046575,33.862571],[-94.988494,33.851006],[-94.970212,33.861823],[-94.964408,33.837027],[-94.943895,33.830232],[-94.947881,33.808362],[-94.923296,33.808748],[-94.918017,33.826789],[-94.921533,33.790478],[-94.876379,33.757336],[-94.868151,33.76888],[-94.867551,33.74491],[-94.821996,33.732884],[-94.820714,33.76897],[-94.80284,33.732705],[-94.763042,33.75977],[-94.758955,33.748538],[-94.788644,33.735675],[-94.751832,33.734332],[-94.751373,33.713546],[-94.73342,33.725197],[-94.753808,33.708669],[-94.735124,33.691265],[-94.71595,33.694919],[-94.733972,33.715693],[-94.701567,33.702884],[-94.716195,33.687908],[-94.651409,33.685849],[-94.643722,33.701528],[-94.645344,33.67365],[-94.668653,33.663852],[-94.639205,33.663743],[-94.62205,33.682541],[-94.596026,33.663869],[-94.587937,33.686261],[-94.580791,33.666398],[-94.560346,33.666597],[-94.590485,33.645081],[-94.542634,33.653998],[-94.568972,33.627459],[-94.527498,33.64135],[-94.527957,33.61597],[-94.517475,33.633062],[-94.489988,33.626059],[-94.433176,35.385769],[-94.485545,35.367223],[-94.48683,35.304088],[-94.542739,35.304967],[-94.588966,35.328532],[-94.625228,35.297528],[-94.657437,35.291588],[-94.683466,35.326258],[-94.742862,35.355957],[-94.775254,35.353186],[-94.811723,35.323076],[-94.84215,35.371092],[-94.914461,35.347531],[-94.892309,35.379682],[-94.901839,35.397946],[-95.004355,35.413477],[-95.02494,35.453101],[-95.050041,35.458901],[-95.120715,35.372469],[-95.160777,35.369364],[-95.141303,35.355571],[-95.180609,35.344029],[-95.173189,35.303864],[-95.199197,35.303598],[-95.240725,35.262316],[-95.300954,35.301403],[-95.351589,35.290237],[-95.402259,35.326203],[-95.457662,35.293803],[-95.503662,35.299898],[-95.514966,35.263203],[-95.602349,35.220745],[-95.622471,35.224704],[-95.60347,35.239404],[-95.615671,35.249704],[-95.676874,35.224804],[-95.679114,35.203875],[-95.756877,35.176904],[-95.798479,35.197004],[-95.869881,35.186603],[-95.90667,35.1438],[-96.009134,35.147227],[-96.009761,35.11804],[-96.029976,35.120342],[-96.058137,35.094662],[-96.070108,35.055519],[-96.101033,35.045692],[-96.178762,34.960633],[-96.238304,34.975675],[-96.284762,34.96914],[-96.322471,35.003904],[-96.357369,35.006062],[-96.371253,34.961154],[-96.40614,34.938232],[-96.41842,34.907857],[-96.452109,34.912126],[-96.455006,33.960652]]]},"properties":{"GEOID":"5590R","TRIBE_NAME":"TheChoctawNationofOklahoma"}},{"type":"Feature","id":3,"geometry":{"type":"Polygon","coordinates":[[[-94.896051,36.880249],[-94.871108,36.85528],[-94.829868,36.850834],[-94.802329,36.821823],[-94.740287,36.821832],[-94.71945,36.846599],[-94.764945,36.86677],[-94.732874,36.880099],[-94.896051,36.880249]]]},"properties":{"GEOID":"5770R","TRIBE_NAME":"OttawaTribeofOklahoma"}},{"type":"Feature","id":4,"geometry":{"type":"Polygon","coordinates":[[[-97.462503,36.608117],[-97.462467,36.593633],[-97.246782,36.593963],[-97.246785,36.767778],[-97.462228,36.767317],[-97.462503,36.608117]]]},"properties":{"GEOID":"5860R","TRIBE_NAME":"TonkawaTribeofIndiansofOklahoma"}},{"type":"Feature","id":5,"geometry":{"type":"Polygon","coordinates":[[[-94.9631,36.921373],[-94.948776,36.89545],[-94.923504,36.888604],[-94.927544,36.870158],[-94.877521,36.880197],[-94.877557,36.919977],[-94.9631,36.921373]]]},"properties":{"GEOID":"5970R","TRIBE_NAME":"MiamiTribeofOklahoma"}},{"type":"Feature","id":6,"geometry":{"type":"Polygon","coordinates":[[[-94.9631,36.921373],[-94.948776,36.89545],[-94.923504,36.888604],[-94.927544,36.870158],[-94.877521,36.880197],[-94.877557,36.919977],[-94.9631,36.921373]]]},"properties":{"GEOID":"5970R","TRIBE_NAME":"PeoriaTribeofIndiansofOklahoma"}},{"type":"Feature","id":7,"geometry":{"type":"Polygon","coordinates":[[[-97.352991,36.90803],[-97.277978,36.811599],[-97.067258,36.810316],[-97.049319,36.75295],[-96.995877,36.738418],[-96.995744,36.724004],[-96.959728,36.724116],[-96.950183,36.68364],[-96.927418,36.688426],[-96.888589,36.751799],[-96.830391,36.744178],[-96.822593,36.767565],[-96.752383,36.782098],[-96.750314,36.999102],[-97.342765,36.998832],[-97.352991,36.90803]]]},"properties":{"GEOID":"5690R","TRIBE_NAME":"KawNation,Oklahoma"}},{"type":"Feature","id":8,"geometry":{"type":"Polygon","coordinates":[[[-96.777155,35.289867],[-96.775689,34.899964],[-96.755525,34.899815],[-96.7325,34.85889],[-96.712403,34.859687],[-96.68631,34.88798],[-96.7115,34.916288],[-96.681618,34.932866],[-96.636799,34.89879],[-96.564097,34.91729],[-96.54377,34.880103],[-96.516995,34.871592],[-96.490794,34.910591],[-96.491764,35.430431],[-96.518709,35.431243],[-96.544302,35.457863],[-96.56902,35.441794],[-96.537171,35.410946],[-96.537052,35.390743],[-96.588589,35.411636],[-96.599843,35.396912],[-96.653137,35.391705],[-96.724638,35.425011],[-96.742792,35.406831],[-96.776715,35.411378],[-96.777155,35.289867]]]},"properties":{"GEOID":"5830R","TRIBE_NAME":"TheSeminoleNationofOklahoma"}},{"type":"Feature","id":9,"geometry":{"type":"Polygon","coordinates":[[[-96.001543,36.292962],[-95.997891,36.160998],[-95.341867,36.162546],[-95.362757,36.097866],[-95.368526,35.983382],[-95.303739,35.971246],[-95.338279,35.94405],[-95.330277,35.937063],[-95.366636,35.944376],[-95.334519,35.893628],[-95.342715,35.855178],[-95.302522,35.791017],[-95.332423,35.748401],[-95.340336,35.697073],[-95.358101,35.696961],[-95.358036,35.667953],[-95.375703,35.656925],[-95.375751,35.609817],[-95.393522,35.609811],[-95.402466,35.554971],[-95.436384,35.536069],[-95.415645,35.536678],[-95.41579,35.507719],[-95.433564,35.507877],[-95.451386,35.449884],[-95.486954,35.435211],[-95.486727,35.380804],[-95.466781,35.362899],[-95.544377,35.294978],[-95.526847,35.28001],[-95.503662,35.299898],[-95.457662,35.293803],[-95.390259,35.327503],[-95.351589,35.290237],[-95.300954,35.301403],[-95.240725,35.262316],[-95.199197,35.303598],[-95.173189,35.303864],[-95.180609,35.344029],[-95.141303,35.355571],[-95.160777,35.369364],[-95.120715,35.372469],[-95.050041,35.458901],[-95.02494,35.453101],[-95.004355,35.413477],[-94.901839,35.397946],[-94.892309,35.379682],[-94.919273,35.354147],[-94.911924,35.346657],[-94.84215,35.371092],[-94.811723,35.323076],[-94.775254,35.353186],[-94.742862,35.355957],[-94.683466,35.326258],[-94.657437,35.291588],[-94.625228,35.297528],[-94.588966,35.328532],[-94.542739,35.304967],[-94.482375,35.307254],[-94.495045,35.331038],[-94.486152,35.36626],[-94.431021,35.393173],[-94.617866,36.499438],[-94.617765,36.625449],[-94.822791,36.625291],[-94.822283,36.638827],[-94.777569,36.644653],[-94.77898,36.681727],[-94.740982,36.701446],[-94.775434,36.729253],[-94.730433,36.742468],[-94.782935,36.766906],[-94.752637,36.792857],[-94.764387,36.804937],[-94.784256,36.79243],[-94.825669,36.799819],[-94.802332,36.82191],[-94.829868,36.850834],[-94.871108,36.85528],[-94.90508,36.882725],[-94.931356,36.872403],[-94.923504,36.888604],[-94.954822,36.902186],[-94.957093,36.936354],[-94.992886,36.935787],[-94.994684,36.951179],[-95.037359,36.973995],[-95.03413,36.994232],[-95.007627,36.999521],[-96.000818,36.998867],[-96.001543,36.292962]]]},"properties":{"GEOID":"5550R","TRIBE_NAME":"CherokeeNation"}},{"type":"Feature","id":10,"geometry":{"type":"Polygon","coordinates":[[[-96.491764,35.430431],[-96.490442,35.115863],[-96.441313,35.115777],[-96.441228,35.467751],[-96.475762,35.463427],[-96.491764,35.430431]]]},"properties":{"GEOID":"5915R","TRIBE_NAME":"TheMuscogee(Creek)Nation"}},{"type":"Feature","id":11,"geometry":{"type":"Polygon","coordinates":[[[-96.491764,35.430431],[-96.490442,35.115863],[-96.441313,35.115777],[-96.441228,35.467751],[-96.475762,35.463427],[-96.491764,35.430431]]]},"properties":{"GEOID":"5915R","TRIBE_NAME":"TheSeminoleNationofOklahoma"}},{"type":"Feature","id":12,"geometry":{"type":"Polygon","coordinates":[[[-97.278418,36.810715],[-97.25872,36.790549],[-97.272282,36.785047],[-97.247746,36.772682],[-97.246918,36.688156],[-97.064478,36.680489],[-97.032534,36.701965],[-96.959005,36.686233],[-96.959728,36.724116],[-96.995744,36.724004],[-96.995877,36.738418],[-97.049319,36.75295],[-97.068068,36.810706],[-97.278418,36.810715]]]},"properties":{"GEOID":"5950R","TRIBE_NAME":"KawNation,Oklahoma"}},{"type":"Feature","id":13,"geometry":{"type":"Polygon","coordinates":[[[-97.278418,36.810715],[-97.25872,36.790549],[-97.272282,36.785047],[-97.247746,36.772682],[-97.246918,36.688156],[-97.064478,36.680489],[-97.032534,36.701965],[-96.959005,36.686233],[-96.959728,36.724116],[-96.995744,36.724004],[-96.995877,36.738418],[-97.049319,36.75295],[-97.068068,36.810706],[-97.278418,36.810715]]]},"properties":{"GEOID":"5950R","TRIBE_NAME":"PoncaTribeofIndiansofOklahoma"}},{"type":"Feature","id":14,"geometry":{"type":"Polygon","coordinates":[[[-100.000487,34.708607],[-100.000285,34.560456],[-99.923219,34.574558],[-99.694978,34.378339],[-99.600034,34.374694],[-99.569704,34.418424],[-99.514288,34.414041],[-99.438277,34.37117],[-99.424905,34.385829],[-99.405294,34.372864],[-99.387189,34.410848],[-99.395195,34.442036],[-99.36894,34.458467],[-99.31961,34.408885],[-99.261283,34.403514],[-99.274423,34.384355],[-99.236502,34.365811],[-99.23264,34.338878],[-99.206913,34.338283],[-99.211456,34.292253],[-99.195411,34.280855],[-99.189784,34.214363],[-99.153661,34.207334],[-99.130451,34.219484],[-99.126648,34.20307],[-99.0794,34.211556],[-99.044471,34.198112],[-98.98818,34.221316],[-98.972617,34.202597],[-98.951292,34.212195],[-98.87293,34.16659],[-98.868124,34.149641],[-98.812962,34.15845],[-98.757045,34.124639],[-98.69008,34.133161],[-98.648081,34.164447],[-98.599797,34.160577],[-98.550888,34.132589],[-98.560985,34.123928],[-98.483559,34.062288],[-98.414434,34.08508],[-98.398449,34.128462],[-98.380101,34.130837],[-98.384389,34.146323],[-98.365629,34.156999],[-98.170835,34.114177],[-98.10947,34.154117],[-98.089763,34.128217],[-98.120216,34.072133],[-98.082471,34.039434],[-98.106187,34.034893],[-98.088211,34.005487],[-97.999731,33.997073],[-97.999916,35.014337],[-98.620364,35.014941],[-98.6207,35.097771],[-98.651275,35.124187],[-98.677259,35.107976],[-98.731221,35.11413],[-98.735868,35.10105],[-98.756521,35.116495],[-99.782735,35.116946],[-99.782957,35.030117],[-100.000392,35.029936],[-100.000487,34.708607]]]},"properties":{"GEOID":"5720R","TRIBE_NAME":"KiowaIndianTribeofOklahoma"}},{"type":"Feature","id":15,"geometry":{"type":"Polygon","coordinates":[[[-100.000487,34.708607],[-100.000285,34.560456],[-99.923219,34.574558],[-99.694978,34.378339],[-99.600034,34.374694],[-99.569704,34.418424],[-99.514288,34.414041],[-99.438277,34.37117],[-99.424905,34.385829],[-99.405294,34.372864],[-99.387189,34.410848],[-99.395195,34.442036],[-99.36894,34.458467],[-99.31961,34.408885],[-99.261283,34.403514],[-99.274423,34.384355],[-99.236502,34.365811],[-99.23264,34.338878],[-99.206913,34.338283],[-99.211456,34.292253],[-99.195411,34.280855],[-99.189784,34.214363],[-99.153661,34.207334],[-99.130451,34.219484],[-99.126648,34.20307],[-99.0794,34.211556],[-99.044471,34.198112],[-98.98818,34.221316],[-98.972617,34.202597],[-98.951292,34.212195],[-98.87293,34.16659],[-98.868124,34.149641],[-98.812962,34.15845],[-98.757045,34.124639],[-98.69008,34.133161],[-98.648081,34.164447],[-98.599797,34.160577],[-98.550888,34.132589],[-98.560985,34.123928],[-98.483559,34.062288],[-98.414434,34.08508],[-98.398449,34.128462],[-98.380101,34.130837],[-98.384389,34.146323],[-98.365629,34.156999],[-98.170835,34.114177],[-98.10947,34.154117],[-98.089763,34.128217],[-98.120216,34.072133],[-98.082471,34.039434],[-98.106187,34.034893],[-98.088211,34.005487],[-97.999731,33.997073],[-97.999916,35.014337],[-98.620364,35.014941],[-98.6207,35.097771],[-98.651275,35.124187],[-98.677259,35.107976],[-98.731221,35.11413],[-98.735868,35.10105],[-98.756521,35.116495],[-99.782735,35.116946],[-99.782957,35.030117],[-100.000392,35.029936],[-100.000487,34.708607]]]},"properties":{"GEOID":"5720R","TRIBE_NAME":"ComancheNation,Oklahoma"}},{"type":"Feature","id":16,"geometry":{"type":"Polygon","coordinates":[[[-100.000487,34.708607],[-100.000285,34.560456],[-99.923219,34.574558],[-99.694978,34.378339],[-99.600034,34.374694],[-99.569704,34.418424],[-99.514288,34.414041],[-99.438277,34.37117],[-99.424905,34.385829],[-99.405294,34.372864],[-99.387189,34.410848],[-99.395195,34.442036],[-99.36894,34.458467],[-99.31961,34.408885],[-99.261283,34.403514],[-99.274423,34.384355],[-99.236502,34.365811],[-99.23264,34.338878],[-99.206913,34.338283],[-99.211456,34.292253],[-99.195411,34.280855],[-99.189784,34.214363],[-99.153661,34.207334],[-99.130451,34.219484],[-99.126648,34.20307],[-99.0794,34.211556],[-99.044471,34.198112],[-98.98818,34.221316],[-98.972617,34.202597],[-98.951292,34.212195],[-98.87293,34.16659],[-98.868124,34.149641],[-98.812962,34.15845],[-98.757045,34.124639],[-98.69008,34.133161],[-98.648081,34.164447],[-98.599797,34.160577],[-98.550888,34.132589],[-98.560985,34.123928],[-98.483559,34.062288],[-98.414434,34.08508],[-98.398449,34.128462],[-98.380101,34.130837],[-98.384389,34.146323],[-98.365629,34.156999],[-98.170835,34.114177],[-98.10947,34.154117],[-98.089763,34.128217],[-98.120216,34.072133],[-98.082471,34.039434],[-98.106187,34.034893],[-98.088211,34.005487],[-97.999731,33.997073],[-97.999916,35.014337],[-98.620364,35.014941],[-98.6207,35.097771],[-98.651275,35.124187],[-98.677259,35.107976],[-98.731221,35.11413],[-98.735868,35.10105],[-98.756521,35.116495],[-99.782735,35.116946],[-99.782957,35.030117],[-100.000392,35.029936],[-100.000487,34.708607]]]},"properties":{"GEOID":"5720R","TRIBE_NAME":"ApacheTribeofOklahoma"}},{"type":"Feature","id":17,"geometry":{"type":"Polygon","coordinates":[[[-100.000487,34.708607],[-100.000285,34.560456],[-99.923219,34.574558],[-99.694978,34.378339],[-99.600034,34.374694],[-99.569704,34.418424],[-99.514288,34.414041],[-99.438277,34.37117],[-99.424905,34.385829],[-99.405294,34.372864],[-99.387189,34.410848],[-99.395195,34.442036],[-99.36894,34.458467],[-99.31961,34.408885],[-99.261283,34.403514],[-99.274423,34.384355],[-99.236502,34.365811],[-99.23264,34.338878],[-99.206913,34.338283],[-99.211456,34.292253],[-99.195411,34.280855],[-99.189784,34.214363],[-99.153661,34.207334],[-99.130451,34.219484],[-99.126648,34.20307],[-99.0794,34.211556],[-99.044471,34.198112],[-98.98818,34.221316],[-98.972617,34.202597],[-98.951292,34.212195],[-98.87293,34.16659],[-98.868124,34.149641],[-98.812962,34.15845],[-98.757045,34.124639],[-98.69008,34.133161],[-98.648081,34.164447],[-98.599797,34.160577],[-98.550888,34.132589],[-98.560985,34.123928],[-98.483559,34.062288],[-98.414434,34.08508],[-98.398449,34.128462],[-98.380101,34.130837],[-98.384389,34.146323],[-98.365629,34.156999],[-98.170835,34.114177],[-98.10947,34.154117],[-98.089763,34.128217],[-98.120216,34.072133],[-98.082471,34.039434],[-98.106187,34.034893],[-98.088211,34.005487],[-97.999731,33.997073],[-97.999916,35.014337],[-98.620364,35.014941],[-98.6207,35.097771],[-98.651275,35.124187],[-98.677259,35.107976],[-98.731221,35.11413],[-98.735868,35.10105],[-98.756521,35.116495],[-99.782735,35.116946],[-99.782957,35.030117],[-100.000392,35.029936],[-100.000487,34.708607]]]},"properties":{"GEOID":"5720R","TRIBE_NAME":"FortSillApacheTribeofOklahoma"}},{"type":"Feature","id":18,"geometry":{"type":"Polygon","coordinates":[[[-97.247315,35.567915],[-97.244944,35.522581],[-97.228989,35.508748],[-97.141348,35.492551],[-97.141498,35.463983],[-97.04738,35.428741],[-97.053526,35.409664],[-97.033312,35.398472],[-97.028084,35.367609],[-96.964886,35.319223],[-96.930866,35.313708],[-96.928477,35.593833],[-96.91059,35.593943],[-96.908504,35.60848],[-96.928856,35.670287],[-97.153118,35.705626],[-97.209417,35.656776],[-97.247113,35.657862],[-97.247315,35.567915]]]},"properties":{"GEOID":"5700R","TRIBE_NAME":"KickapooTribeofOklahoma"}},{"type":"Feature","id":19,"geometry":{"type":"Polygon","coordinates":[[[-97.247044,36.665548],[-97.24688,36.506981],[-97.009793,36.506941],[-96.996202,36.528985],[-96.888997,36.566412],[-96.915332,36.599973],[-97.002865,36.58257],[-97.055889,36.592468],[-97.043831,36.600677],[-97.064478,36.680489],[-97.246918,36.688156],[-97.247044,36.665548]]]},"properties":{"GEOID":"5800R","TRIBE_NAME":"PoncaTribeofIndiansofOklahoma"}},{"type":"Feature","id":20,"geometry":{"type":"Polygon","coordinates":[[[-96.930691,35.318107],[-96.879396,35.318531],[-96.865441,35.351872],[-96.829515,35.343105],[-96.826345,35.364895],[-96.876638,35.39954],[-96.863004,35.4293],[-96.832319,35.431266],[-96.810805,35.409315],[-96.743651,35.406655],[-96.724638,35.425011],[-96.653265,35.391733],[-96.623707,35.400728],[-96.622361,36.046925],[-96.639009,36.053219],[-96.666718,36.017716],[-96.69442,36.034861],[-96.694901,36.075996],[-96.710551,36.092841],[-96.744788,36.077005],[-96.744022,36.051967],[-96.845258,36.061838],[-96.812839,36.035833],[-96.818347,36.008815],[-96.873824,36.030994],[-96.909488,36.027157],[-96.908504,35.60848],[-96.91059,35.593943],[-96.928477,35.593833],[-96.930691,35.318107]]]},"properties":{"GEOID":"5820R","TRIBE_NAME":"Sac&FoxNation,Oklahoma"}},{"type":"Feature","id":21,"geometry":{"type":"Polygon","coordinates":[[[-94.765892,36.871272],[-94.719685,36.850311],[-94.740287,36.821832],[-94.618443,36.821891],[-94.61838,36.843753],[-94.663327,36.843807],[-94.663347,36.880017],[-94.765892,36.871272]]]},"properties":{"GEOID":"5640R","TRIBE_NAME":"EasternShawneeTribeofOklahoma"}},{"type":"Feature","id":22,"geometry":{"type":"Polygon","coordinates":[[[-98.620805,35.041391],[-98.620364,35.014941],[-97.999916,35.014337],[-97.999483,35.086283],[-98.015966,35.089303],[-98.007989,35.10185],[-98.032253,35.123111],[-98.085401,35.087844],[-98.135391,35.097202],[-98.14507,35.078586],[-98.231001,35.094923],[-98.26107,35.088749],[-98.273742,35.052896],[-98.299837,35.042012],[-98.319941,35.055506],[-98.314288,35.07802],[-98.343247,35.113287],[-98.362136,35.097478],[-98.365109,35.083042],[-98.355494,35.082488],[-98.355297,35.075173],[-98.39012,35.072284],[-98.499471,35.114467],[-98.548577,35.103602],[-98.578912,35.148537],[-98.590581,35.117021],[-98.617919,35.106659],[-98.620805,35.041391]]]},"properties":{"GEOID":"5955R","TRIBE_NAME":"KiowaIndianTribeofOklahoma"}},{"type":"Feature","id":23,"geometry":{"type":"Polygon","coordinates":[[[-98.620805,35.041391],[-98.620364,35.014941],[-97.999916,35.014337],[-97.999483,35.086283],[-98.015966,35.089303],[-98.007989,35.10185],[-98.032253,35.123111],[-98.085401,35.087844],[-98.135391,35.097202],[-98.14507,35.078586],[-98.231001,35.094923],[-98.26107,35.088749],[-98.273742,35.052896],[-98.299837,35.042012],[-98.319941,35.055506],[-98.314288,35.07802],[-98.343247,35.113287],[-98.362136,35.097478],[-98.365109,35.083042],[-98.355494,35.082488],[-98.355297,35.075173],[-98.39012,35.072284],[-98.499471,35.114467],[-98.548577,35.103602],[-98.578912,35.148537],[-98.590581,35.117021],[-98.617919,35.106659],[-98.620805,35.041391]]]},"properties":{"GEOID":"5955R","TRIBE_NAME":"ComancheNation,Oklahoma"}},{"type":"Feature","id":24,"geometry":{"type":"Polygon","coordinates":[[[-98.620805,35.041391],[-98.620364,35.014941],[-97.999916,35.014337],[-97.999483,35.086283],[-98.015966,35.089303],[-98.007989,35.10185],[-98.032253,35.123111],[-98.085401,35.087844],[-98.135391,35.097202],[-98.14507,35.078586],[-98.231001,35.094923],[-98.26107,35.088749],[-98.273742,35.052896],[-98.299837,35.042012],[-98.319941,35.055506],[-98.314288,35.07802],[-98.343247,35.113287],[-98.362136,35.097478],[-98.365109,35.083042],[-98.355494,35.082488],[-98.355297,35.075173],[-98.39012,35.072284],[-98.499471,35.114467],[-98.548577,35.103602],[-98.578912,35.148537],[-98.590581,35.117021],[-98.617919,35.106659],[-98.620805,35.041391]]]},"properties":{"GEOID":"5955R","TRIBE_NAME":"ApacheTribeofOklahoma"}},{"type":"Feature","id":25,"geometry":{"type":"Polygon","coordinates":[[[-98.620805,35.041391],[-98.620364,35.014941],[-97.999916,35.014337],[-97.999483,35.086283],[-98.015966,35.089303],[-98.007989,35.10185],[-98.032253,35.123111],[-98.085401,35.087844],[-98.135391,35.097202],[-98.14507,35.078586],[-98.231001,35.094923],[-98.26107,35.088749],[-98.273742,35.052896],[-98.299837,35.042012],[-98.319941,35.055506],[-98.314288,35.07802],[-98.343247,35.113287],[-98.362136,35.097478],[-98.365109,35.083042],[-98.355494,35.082488],[-98.355297,35.075173],[-98.39012,35.072284],[-98.499471,35.114467],[-98.548577,35.103602],[-98.578912,35.148537],[-98.590581,35.117021],[-98.617919,35.106659],[-98.620805,35.041391]]]},"properties":{"GEOID":"5955R","TRIBE_NAME":"FortSillApacheTribeofOklahoma"}},{"type":"Feature","id":26,"geometry":{"type":"Polygon","coordinates":[[[-98.620805,35.041391],[-98.620364,35.014941],[-97.999916,35.014337],[-97.999483,35.086283],[-98.015966,35.089303],[-98.007989,35.10185],[-98.032253,35.123111],[-98.085401,35.087844],[-98.135391,35.097202],[-98.14507,35.078586],[-98.231001,35.094923],[-98.26107,35.088749],[-98.273742,35.052896],[-98.299837,35.042012],[-98.319941,35.055506],[-98.314288,35.07802],[-98.343247,35.113287],[-98.362136,35.097478],[-98.365109,35.083042],[-98.355494,35.082488],[-98.355297,35.075173],[-98.39012,35.072284],[-98.499471,35.114467],[-98.548577,35.103602],[-98.578912,35.148537],[-98.590581,35.117021],[-98.617919,35.106659],[-98.620805,35.041391]]]},"properties":{"GEOID":"5955R","TRIBE_NAME":"CaddoNationofOklahoma"}},{"type":"Feature","id":27,"geometry":{"type":"Polygon","coordinates":[[[-98.620805,35.041391],[-98.620364,35.014941],[-97.999916,35.014337],[-97.999483,35.086283],[-98.015966,35.089303],[-98.007989,35.10185],[-98.032253,35.123111],[-98.085401,35.087844],[-98.135391,35.097202],[-98.14507,35.078586],[-98.231001,35.094923],[-98.26107,35.088749],[-98.273742,35.052896],[-98.299837,35.042012],[-98.319941,35.055506],[-98.314288,35.07802],[-98.343247,35.113287],[-98.362136,35.097478],[-98.365109,35.083042],[-98.355494,35.082488],[-98.355297,35.075173],[-98.39012,35.072284],[-98.499471,35.114467],[-98.548577,35.103602],[-98.578912,35.148537],[-98.590581,35.117021],[-98.617919,35.106659],[-98.620805,35.041391]]]},"properties":{"GEOID":"5955R","TRIBE_NAME":"WichitaandAffiliatedTribes(Wichita,Keechi,Waco,&Tawakonie),Oklahoma"}},{"type":"Feature","id":28,"geometry":{"type":"Polygon","coordinates":[[[-98.620805,35.041391],[-98.620364,35.014941],[-97.999916,35.014337],[-97.999483,35.086283],[-98.015966,35.089303],[-98.007989,35.10185],[-98.032253,35.123111],[-98.085401,35.087844],[-98.135391,35.097202],[-98.14507,35.078586],[-98.231001,35.094923],[-98.26107,35.088749],[-98.273742,35.052896],[-98.299837,35.042012],[-98.319941,35.055506],[-98.314288,35.07802],[-98.343247,35.113287],[-98.362136,35.097478],[-98.365109,35.083042],[-98.355494,35.082488],[-98.355297,35.075173],[-98.39012,35.072284],[-98.499471,35.114467],[-98.548577,35.103602],[-98.578912,35.148537],[-98.590581,35.117021],[-98.617919,35.106659],[-98.620805,35.041391]]]},"properties":{"GEOID":"5955R","TRIBE_NAME":"DelawareNation,Oklahoma"}},{"type":"Feature","id":29,"geometry":{"type":"Polygon","coordinates":[[[-95.03757,36.975608],[-94.994684,36.951179],[-94.992886,36.935787],[-94.913567,36.929007],[-94.904581,36.943534],[-94.90439,36.999047],[-95.007627,36.999521],[-95.03413,36.994232],[-95.03757,36.975608]]]},"properties":{"GEOID":"5730R","TRIBE_NAME":"MiamiTribeofOklahoma"}},{"type":"Feature","id":30,"geometry":{"type":"Polygon","coordinates":[[[-94.877557,36.919977],[-94.877521,36.880197],[-94.618675,36.879995],[-94.61804,36.919971],[-94.877557,36.919977]]]},"properties":{"GEOID":"5795R","TRIBE_NAME":"PeoriaTribeofIndiansofOklahoma"}},{"type":"Feature","id":31,"geometry":{"type":"Polygon","coordinates":[[[-97.248547,35.809712],[-97.247113,35.657862],[-97.209417,35.656776],[-97.138957,35.706676],[-97.027549,35.69499],[-96.998542,35.676839],[-96.943834,35.679672],[-96.910963,35.640265],[-96.909488,36.027157],[-96.915909,35.979096],[-96.939465,35.964153],[-97.059715,35.95312],[-97.075846,35.969527],[-97.099591,35.956753],[-97.130637,35.968802],[-97.180601,35.940693],[-97.24686,35.972374],[-97.248547,35.809712]]]},"properties":{"GEOID":"5670R","TRIBE_NAME":"IowaTribeofOklahoma"}},{"type":"Feature","id":32,"geometry":{"type":"Polygon","coordinates":[[[-94.913597,36.943517],[-94.904752,36.920296],[-94.61804,36.919971],[-94.617971,36.998912],[-94.90439,36.999047],[-94.913597,36.943517]]]},"properties":{"GEOID":"5810R","TRIBE_NAME":"QuapawNation"}},{"type":"Feature","id":33,"geometry":{"type":"Polygon","coordinates":[[[-94.663411,36.871645],[-94.663197,36.843717],[-94.61838,36.843753],[-94.618483,36.879932],[-94.663411,36.871645]]]},"properties":{"GEOID":"5740R","TRIBE_NAME":"ModocNation"}},{"type":"Feature","id":34,"geometry":{"type":"Polygon","coordinates":[[[-97.359676,35.373868],[-97.333397,35.337348],[-97.353075,35.326195],[-97.358017,35.033721],[-97.341517,34.964007],[-97.311235,34.953288],[-97.273859,34.963],[-97.229414,34.931665],[-97.217904,34.944283],[-97.19618,34.928256],[-97.114008,34.935107],[-97.015938,34.907354],[-96.928279,34.965219],[-96.885408,34.926257],[-96.815878,34.94575],[-96.798591,34.905945],[-96.775689,34.899964],[-96.776703,35.410892],[-96.818301,35.411082],[-96.832441,35.431308],[-96.868552,35.427086],[-96.876544,35.399303],[-96.826345,35.364895],[-96.829556,35.343041],[-96.86859,35.351076],[-96.879396,35.318531],[-96.94769,35.309931],[-97.02843,35.367978],[-97.033312,35.398472],[-97.053526,35.409664],[-97.04738,35.428741],[-97.141498,35.463983],[-97.141348,35.492551],[-97.224082,35.505186],[-97.28182,35.588519],[-97.338052,35.600415],[-97.353662,35.584441],[-97.359676,35.373868]]]},"properties":{"GEOID":"5600R","TRIBE_NAME":"CitizenPotawatomiNation,Oklahoma"}},{"type":"Feature","id":35,"geometry":{"type":"Polygon","coordinates":[[[-97.359676,35.373868],[-97.333397,35.337348],[-97.353075,35.326195],[-97.358017,35.033721],[-97.341517,34.964007],[-97.311235,34.953288],[-97.273859,34.963],[-97.229414,34.931665],[-97.217904,34.944283],[-97.19618,34.928256],[-97.114008,34.935107],[-97.015938,34.907354],[-96.928279,34.965219],[-96.885408,34.926257],[-96.815878,34.94575],[-96.798591,34.905945],[-96.775689,34.899964],[-96.776703,35.410892],[-96.818301,35.411082],[-96.832441,35.431308],[-96.868552,35.427086],[-96.876544,35.399303],[-96.826345,35.364895],[-96.829556,35.343041],[-96.86859,35.351076],[-96.879396,35.318531],[-96.94769,35.309931],[-97.02843,35.367978],[-97.033312,35.398472],[-97.053526,35.409664],[-97.04738,35.428741],[-97.141498,35.463983],[-97.141348,35.492551],[-97.224082,35.505186],[-97.28182,35.588519],[-97.338052,35.600415],[-97.353662,35.584441],[-97.359676,35.373868]]]},"properties":{"GEOID":"5600R","TRIBE_NAME":"Absentee-ShawneeTribeofIndiansofOklahoma"}},{"type":"Feature","id":36,"geometry":{"type":"Polygon","coordinates":[[[-94.830596,36.806102],[-94.786654,36.792275],[-94.759358,36.802831],[-94.753694,36.789753],[-94.782858,36.768433],[-94.618276,36.771339],[-94.618443,36.821891],[-94.802329,36.821823],[-94.830596,36.806102]]]},"properties":{"GEOID":"5890R","TRIBE_NAME":"WyandotteNation"}},{"type":"Feature","id":37,"geometry":{"type":"Polygon","coordinates":[[[-96.624708,35.462908],[-96.621305,35.398095],[-96.585872,35.411535],[-96.537052,35.390743],[-96.537171,35.410946],[-96.569631,35.439639],[-96.554292,35.453938],[-96.497155,35.428772],[-96.475762,35.463427],[-96.441228,35.467751],[-96.441313,35.115777],[-96.490442,35.115863],[-96.490794,34.910591],[-96.41842,34.907857],[-96.40614,34.938232],[-96.371253,34.961154],[-96.355078,35.006947],[-96.322471,35.003904],[-96.284762,34.96914],[-96.238304,34.975675],[-96.178762,34.960633],[-96.101033,35.045692],[-96.070108,35.055519],[-96.058137,35.094662],[-96.029976,35.120342],[-96.009761,35.11804],[-96.009134,35.147227],[-95.90667,35.1438],[-95.869881,35.186603],[-95.798479,35.197004],[-95.756877,35.176904],[-95.679114,35.203875],[-95.676874,35.224804],[-95.628071,35.246804],[-95.60607,35.247104],[-95.622971,35.227604],[-95.602349,35.220745],[-95.514966,35.263203],[-95.544377,35.294978],[-95.466781,35.362899],[-95.486727,35.380804],[-95.486954,35.435211],[-95.451386,35.449884],[-95.433564,35.507877],[-95.41579,35.507719],[-95.415645,35.536678],[-95.436384,35.536069],[-95.402466,35.554971],[-95.393522,35.609811],[-95.375751,35.609817],[-95.375703,35.656925],[-95.358036,35.667953],[-95.358101,35.696961],[-95.340336,35.697073],[-95.332423,35.748401],[-95.302522,35.791017],[-95.342715,35.855178],[-95.334519,35.893628],[-95.366636,35.944376],[-95.330277,35.937063],[-95.338279,35.94405],[-95.303739,35.971246],[-95.368526,35.983382],[-95.362757,36.097866],[-95.341867,36.162546],[-96.620925,36.163445],[-96.624708,35.462908]]]},"properties":{"GEOID":"5620R","TRIBE_NAME":"TheMuscogee(Creek)Nation"}},{"type":"Feature","id":38,"geometry":{"type":"Polygon","coordinates":[[[-96.926009,36.461411],[-96.925077,36.24648],[-96.818976,36.246484],[-96.819013,36.158892],[-96.268295,36.161986],[-96.243975,36.196971],[-96.256632,36.225682],[-96.336608,36.228846],[-96.427812,36.280189],[-96.457692,36.33267],[-96.486778,36.329856],[-96.519703,36.297211],[-96.563914,36.306103],[-96.572891,36.331862],[-96.522801,36.365583],[-96.525945,36.393555],[-96.540733,36.400408],[-96.589607,36.374524],[-96.627399,36.422233],[-96.678467,36.42086],[-96.710777,36.437662],[-96.706275,36.486218],[-96.753562,36.562607],[-96.820621,36.539323],[-96.875329,36.470921],[-96.926009,36.461411]]]},"properties":{"GEOID":"5780R","TRIBE_NAME":"PawneeNationofOklahoma"}},{"type":"Feature","id":39,"geometry":{"type":"Polygon","coordinates":[[[-98.632291,35.576688],[-98.618758,35.101691],[-98.588909,35.118853],[-98.578912,35.148537],[-98.548577,35.103602],[-98.499471,35.114467],[-98.39012,35.072284],[-98.355297,35.075173],[-98.362136,35.097478],[-98.343247,35.113287],[-98.314288,35.07802],[-98.319941,35.055506],[-98.29758,35.04177],[-98.273742,35.052896],[-98.261637,35.088306],[-98.231001,35.094923],[-98.14507,35.078586],[-98.135391,35.097202],[-98.085401,35.087844],[-98.032253,35.123111],[-98.007989,35.10185],[-98.015966,35.089303],[-97.99965,35.0867],[-97.999184,35.362486],[-98.030791,35.389055],[-98.053836,35.384658],[-98.058655,35.407281],[-98.112484,35.416],[-98.160487,35.460565],[-98.177382,35.449426],[-98.227843,35.468198],[-98.25387,35.516636],[-98.361224,35.564207],[-98.409518,35.566586],[-98.431633,35.551578],[-98.498412,35.562905],[-98.588732,35.658498],[-98.594567,35.712847],[-98.632212,35.744816],[-98.632291,35.576688]]]},"properties":{"GEOID":"5540R","TRIBE_NAME":"CaddoNationofOklahoma"}},{"type":"Feature","id":40,"geometry":{"type":"Polygon","coordinates":[[[-98.632291,35.576688],[-98.618758,35.101691],[-98.588909,35.118853],[-98.578912,35.148537],[-98.548577,35.103602],[-98.499471,35.114467],[-98.39012,35.072284],[-98.355297,35.075173],[-98.362136,35.097478],[-98.343247,35.113287],[-98.314288,35.07802],[-98.319941,35.055506],[-98.29758,35.04177],[-98.273742,35.052896],[-98.261637,35.088306],[-98.231001,35.094923],[-98.14507,35.078586],[-98.135391,35.097202],[-98.085401,35.087844],[-98.032253,35.123111],[-98.007989,35.10185],[-98.015966,35.089303],[-97.99965,35.0867],[-97.999184,35.362486],[-98.030791,35.389055],[-98.053836,35.384658],[-98.058655,35.407281],[-98.112484,35.416],[-98.160487,35.460565],[-98.177382,35.449426],[-98.227843,35.468198],[-98.25387,35.516636],[-98.361224,35.564207],[-98.409518,35.566586],[-98.431633,35.551578],[-98.498412,35.562905],[-98.588732,35.658498],[-98.594567,35.712847],[-98.632212,35.744816],[-98.632291,35.576688]]]},"properties":{"GEOID":"5540R","TRIBE_NAME":"WichitaandAffiliatedTribes(Wichita,Keechi,Waco,&Tawakonie),Oklahoma"}},{"type":"Feature","id":41,"geometry":{"type":"Polygon","coordinates":[[[-98.632291,35.576688],[-98.618758,35.101691],[-98.588909,35.118853],[-98.578912,35.148537],[-98.548577,35.103602],[-98.499471,35.114467],[-98.39012,35.072284],[-98.355297,35.075173],[-98.362136,35.097478],[-98.343247,35.113287],[-98.314288,35.07802],[-98.319941,35.055506],[-98.29758,35.04177],[-98.273742,35.052896],[-98.261637,35.088306],[-98.231001,35.094923],[-98.14507,35.078586],[-98.135391,35.097202],[-98.085401,35.087844],[-98.032253,35.123111],[-98.007989,35.10185],[-98.015966,35.089303],[-97.99965,35.0867],[-97.999184,35.362486],[-98.030791,35.389055],[-98.053836,35.384658],[-98.058655,35.407281],[-98.112484,35.416],[-98.160487,35.460565],[-98.177382,35.449426],[-98.227843,35.468198],[-98.25387,35.516636],[-98.361224,35.564207],[-98.409518,35.566586],[-98.431633,35.551578],[-98.498412,35.562905],[-98.588732,35.658498],[-98.594567,35.712847],[-98.632212,35.744816],[-98.632291,35.576688]]]},"properties":{"GEOID":"5540R","TRIBE_NAME":"DelawareNation,Oklahoma"}},{"type":"Feature","id":42,"geometry":{"type":"Polygon","coordinates":[[[-98.000451,35.33431],[-97.999731,33.997073],[-97.974181,34.006722],[-97.945738,33.989845],[-97.974181,33.942838],[-97.952687,33.929488],[-97.964469,33.907404],[-97.979993,33.911408],[-97.974185,33.886353],[-97.875319,33.849727],[-97.834328,33.85764],[-97.798918,33.898543],[-97.780847,33.894453],[-97.78353,33.918308],[-97.763778,33.914247],[-97.762776,33.934402],[-97.732269,33.936525],[-97.671285,33.991559],[-97.589605,33.95356],[-97.596958,33.916317],[-97.581086,33.899685],[-97.500279,33.919641],[-97.461428,33.905236],[-97.450815,33.886614],[-97.46325,33.84201],[-97.426807,33.818647],[-97.368739,33.821449],[-97.331888,33.884489],[-97.332071,33.855062],[-97.30918,33.888704],[-97.270941,33.858007],[-97.255647,33.863708],[-97.245057,33.903222],[-97.210929,33.91607],[-97.180853,33.89521],[-97.166637,33.847317],[-97.205003,33.818876],[-97.192573,33.759686],[-97.157381,33.725541],[-97.121258,33.717161],[-97.086459,33.743349],[-97.092944,33.803813],[-97.048154,33.817462],[-97.087972,33.852597],[-97.063794,33.859971],[-97.04105,33.837625],[-97.021446,33.846385],[-96.983843,33.890955],[-96.994296,33.949212],[-96.979423,33.956184],[-96.972878,33.935704],[-96.920741,33.959529],[-96.875289,33.860511],[-96.850601,33.847217],[-96.832165,33.874841],[-96.794284,33.868892],[-96.764608,33.82494],[-96.700787,33.837903],[-96.667195,33.916946],[-96.628302,33.894483],[-96.587942,33.89479],[-96.629282,33.845506],[-96.572945,33.819104],[-96.531974,33.823995],[-96.500992,33.772807],[-96.423539,33.776438],[-96.346866,33.686222],[-96.312237,33.70631],[-96.293984,33.769261],[-96.22903,33.748027],[-96.186634,33.755027],[-96.155545,33.814046],[-96.169599,33.80095],[-96.176917,33.813941],[-96.150772,33.816993],[-96.146542,33.838309],[-96.097456,33.832735],[-96.097102,33.850647],[-96.185469,33.859843],[-96.213817,33.859512],[-96.247943,33.83193],[-96.363542,33.849455],[-96.430171,33.891782],[-96.450045,33.935801],[-96.452109,34.912126],[-96.489282,34.911654],[-96.528595,34.869592],[-96.558897,34.91529],[-96.636799,34.89879],[-96.691975,34.93332],[-96.7121,34.913889],[-96.6873,34.88099],[-96.724599,34.856788],[-96.755525,34.899815],[-96.798591,34.905945],[-96.81346,34.944655],[-96.885408,34.926257],[-96.928279,34.965219],[-97.015938,34.907354],[-97.114008,34.935107],[-97.19618,34.928256],[-97.217904,34.944283],[-97.229414,34.931665],[-97.273859,34.963],[-97.325933,34.955098],[-97.348298,34.98031],[-97.3542,35.076662],[-97.402084,35.086376],[-97.40709,35.13815],[-97.554798,35.224335],[-97.560707,35.29208],[-97.617807,35.305217],[-97.661673,35.336496],[-97.737313,35.323768],[-97.769281,35.345656],[-97.841341,35.334536],[-97.869907,35.362528],[-97.900339,35.344112],[-97.942984,35.377329],[-97.954774,35.346132],[-97.999184,35.362486],[-98.000451,35.33431]]]},"properties":{"GEOID":"5580R","TRIBE_NAME":"TheChickasawNation"}},{"type":"Feature","id":43,"geometry":{"type":"Polygon","coordinates":[[[-100.000427,35.204758],[-100.000392,35.029936],[-99.782957,35.030117],[-99.782735,35.116946],[-98.756521,35.116495],[-98.735868,35.10105],[-98.731221,35.11413],[-98.677259,35.107976],[-98.651275,35.124187],[-98.621062,35.097358],[-98.632212,35.744816],[-98.594567,35.712847],[-98.586035,35.654881],[-98.491326,35.559187],[-98.361145,35.564175],[-98.25387,35.516636],[-98.227843,35.468198],[-98.177382,35.449426],[-98.160487,35.460565],[-98.112484,35.416],[-98.058407,35.407142],[-98.057418,35.386129],[-98.031064,35.389255],[-98.010685,35.360711],[-97.954774,35.346132],[-97.942909,35.377321],[-97.900339,35.344112],[-97.865612,35.362346],[-97.841341,35.334536],[-97.769369,35.345664],[-97.72318,35.326787],[-97.724673,35.536508],[-97.70664,35.548099],[-97.727282,35.551103],[-97.727706,35.725823],[-97.674034,35.725976],[-97.675625,36.164669],[-100.000409,36.163712],[-100.000427,35.204758]]]},"properties":{"GEOID":"5560R","TRIBE_NAME":"CheyenneandArapahoTribes,Oklahoma"}},{"type":"Feature","id":44,"geometry":{"type":"Polygon","coordinates":[[[-94.822868,36.638527],[-94.822791,36.625291],[-94.617765,36.625449],[-94.618276,36.771339],[-94.782858,36.768433],[-94.729796,36.736639],[-94.77262,36.734235],[-94.740982,36.701446],[-94.77898,36.681727],[-94.777569,36.644653],[-94.822868,36.638527]]]},"properties":{"GEOID":"5835R","TRIBE_NAME":"Seneca-CayugaNation"}}]}